frame,time_s,angle_deg,leaflet_left_len,leaflet_right_len,asymmetry,tip_left_x,tip_left_y,tip_right_x,tip_right_y,base_left_x,base_left_y,base_right_x,base_right_y,angle_smooth_deg,speed_deg_s,asymmetry_smooth
0,0.0,5.942374,384.60532,381.78036,0.00737214,667.0,30.0,686.0,65.0,353.0,250.0,355.0,257.0,5.942374229431152,-80.60445356369017,0.0073721399530768394
1,0.033366700033366704,nan,nan,nan,nan,667.0,30.0,nan,nan,353.0,250.0,355.0,257.0,3.2528696060180664,-40.302226781845086,0.015383535530418158
2,0.06673340006673341,nan,nan,nan,nan,nan,nan,677.0,48.0,nan,nan,nan,nan,3.2528696060180664,-40.302226781845086,0.015383535530418158
3,0.1001001001001001,0.563365,391.38376,400.64853,0.023394931,666.0,46.0,676.0,45.0,293.0,220.0,353.0,249.0,0.5633649826049805,-40.302226781845086,0.023394931107759476
4,0.13346680013346682,nan,nan,nan,nan,nan,nan,676.0,45.0,nan,nan,353.0,250.0,0.5633649826049805,0.0,0.023394931107759476
5,0.16683350016683351,nan,nan,nan,nan,666.0,46.0,676.0,45.0,353.0,250.0,nan,nan,0.5633649826049805,943.2721637392043,0.023394931107759476
6,0.2002002002002002,nan,nan,nan,nan,669.0,47.0,676.0,45.0,nan,nan,368.0,216.0,63.51112365722656,943.2721637392043,0.1580822616815567
7,0.2335669002335669,nan,nan,nan,nan,nan,nan,nan,nan,350.0,254.0,nan,nan,63.51112365722656,376.8196682167053,0.1580822616815567
8,0.26693360026693363,63.511124,407.56656,347.85703,0.15808226,12.0,30.0,50.0,429.0,350.0,254.0,353.0,257.0,88.6575813293457,376.8196682167053,0.09994222968816757
9,0.3003003003003003,nan,nan,nan,nan,12.0,30.0,nan,nan,351.0,257.0,nan,nan,88.6575813293457,0.0,0.09994222968816757
10,0.33366700033366703,113.80404,404.65417,388.08505,0.041802198,12.0,30.0,676.0,45.0,348.0,252.0,350.0,256.0,88.6575813293457,-7.212828855514525,0.09994222968816757
11,0.3670337003670337,nan,nan,nan,nan,nan,nan,nan,nan,nan,nan,351.0,257.0,88.17624473571777,-7.212828855514525,0.08952721208333969
12,0.4004004004004004,nan,nan,nan,nan,12.0,30.0,65.0,430.0,350.0,257.0,nan,nan,88.17624473571777,-384.0324970722198,0.08952721208333969
13,0.4337671004337671,62.54845,411.44928,358.60355,0.13725223,12.0,30.0,55.0,430.0,362.0,244.0,363.0,247.0,62.5484504699707,-384.0324970722198,0.13725222647190094
14,0.4671338004671338,nan,nan,nan,nan,12.0,30.0,nan,nan,nan,nan,nan,nan,62.5484504699707,0.0,0.13725222647190094
15,0.5005005005005005,nan,nan,nan,nan,nan,nan,676.0,45.0,350.0,256.0,369.0,225.0,62.5484504699707,nan,0.13725222647190094
16,0.5338672005338673,nan,nan,nan,nan,12.0,30.0,nan,nan,350.0,248.0,370.0,225.0,nan,748.58284784317,nan
17,0.5672339005672339,nan,nan,nan,nan,12.0,30.0,39.0,17.0,348.0,249.0,nan,nan,112.5039291381836,nan,0.058425698429346085
18,0.6006006006006006,nan,nan,nan,nan,12.0,30.0,nan,nan,350.0,251.0,353.0,254.0,112.5039291381836,0.0,0.058425698429346085
19,0.6339673006339673,112.50393,405.30267,382.2947,0.0584257,12.0,30.0,667.0,28.0,352.0,253.0,356.0,242.0,112.5039291381836,0.0,0.058425698429346085
20,0.6673340006673341,nan,nan,nan,nan,nan,nan,676.0,45.0,nan,nan,nan,nan,112.5039291381836,0.0,0.058425698429346085
21,0.7007007007007007,nan,nan,nan,nan,12.0,30.0,nan,nan,301.0,272.0,328.0,287.0,112.5039291381836,nan,0.058425698429346085
22,0.7340674007340674,nan,nan,nan,nan,12.0,30.0,47.0,423.0,nan,nan,nan,nan,nan,nan,nan
23,0.7674341007674341,nan,nan,nan,nan,12.0,30.0,nan,nan,354.0,231.0,355.0,234.0,nan,nan,nan
24,0.8008008008008008,nan,nan,nan,nan,12.0,30.0,27.0,28.0,nan,nan,357.0,245.0,nan,nan,nan
25,0.8341675008341676,nan,nan,nan,nan,nan,nan,nan,nan,282.0,227.0,357.0,249.0,nan,nan,nan
26,0.8675342008675342,nan,nan,nan,nan,597.0,461.0,674.0,48.0,nan,nan,358.0,255.0,nan,nan,nan
27,0.9009009009009009,nan,nan,nan,nan,nan,nan,676.0,45.0,354.0,255.0,362.0,258.0,nan,nan,nan
28,0.9342676009342676,nan,nan,nan,nan,670.0,28.0,nan,nan,nan,nan,356.0,253.0,nan,nan,nan
29,0.9676343009676344,nan,nan,nan,nan,nan,nan,686.0,63.0,239.0,203.0,351.0,252.0,nan,nan,nan
30,1.001001001001001,nan,nan,nan,nan,671.0,29.0,686.0,63.0,nan,nan,359.0,257.0,nan,nan,nan
31,1.0343677010343677,nan,nan,nan,nan,671.0,29.0,686.0,63.0,275.0,234.0,nan,nan,nan,nan,nan
32,1.0677344010677345,nan,nan,nan,nan,667.0,30.0,686.0,63.0,nan,nan,363.0,243.0,nan,nan,nan
33,1.1011011011011012,nan,nan,nan,nan,671.0,29.0,686.0,63.0,237.0,199.0,nan,nan,nan,nan,nan
34,1.1344678011344678,nan,nan,nan,nan,nan,nan,nan,nan,nan,nan,359.0,259.0,nan,nan,nan
35,1.1678345011678346,nan,nan,nan,nan,670.0,29.0,686.0,63.0,293.0,220.0,nan,nan,nan,nan,nan
36,1.2012012012012012,nan,nan,nan,nan,nan,nan,nan,nan,293.0,220.0,365.0,260.0,62.083438873291016,nan,0.19633394479751587
37,1.234567901234568,nan,nan,nan,nan,12.0,30.0,43.0,412.0,nan,nan,nan,nan,62.083438873291016,0.0,0.19633394479751587
38,1.2679346012679347,62.08344,399.7177,328.25485,0.19633394,12.0,30.0,44.0,409.0,310.0,266.0,365.0,258.0,62.083438873291016,0.0,0.19633394479751587
39,1.3013013013013013,nan,nan,nan,nan,12.0,30.0,44.0,410.0,nan,nan,360.0,258.0,62.083438873291016,0.0,0.19633394479751587
40,1.3346680013346681,nan,nan,nan,nan,12.0,30.0,nan,nan,347.0,229.0,357.0,257.0,62.083438873291016,nan,0.19633394479751587
41,1.3680347013680347,nan,nan,nan,nan,12.0,30.0,44.0,410.0,nan,nan,nan,nan,nan,nan,nan
42,1.4014014014014013,nan,nan,nan,nan,nan,nan,nan,nan,303.0,276.0,361.0,257.0,nan,nan,nan
43,1.4347681014347682,nan,nan,nan,nan,50.0,403.0,70.0,432.0,nan,nan,nan,nan,1.4214770793914795,nan,0.004176046699285507
44,1.4681348014681348,nan,nan,nan,nan,nan,nan,nan,nan,356.0,212.0,380.0,226.0,1.4214770793914795,0.0,0.004176046699285507
45,1.5015015015015016,1.4214771,367.28635,365.75574,0.0041760467,50.0,403.0,56.0,410.0,356.0,210.0,378.0,225.0,1.4214770793914795,0.0,0.004176046699285507
46,1.5348682015348682,nan,nan,nan,nan,49.0,401.0,56.0,410.0,353.0,210.0,nan,nan,1.4214770793914795,0.0,0.004176046699285507
47,1.5682349015682349,nan,nan,nan,nan,nan,nan,48.0,425.0,nan,nan,330.0,232.0,1.4214770793914795,-11.72256803959608,0.004176046699285507
48,1.6016016016016017,nan,nan,nan,nan,44.0,421.0,47.0,423.0,330.0,232.0,nan,nan,0.6391902565956116,-11.72256803959608,0.006790186278522015
49,1.6349683016349683,nan,nan,nan,nan,nan,nan,44.0,421.0,330.0,232.0,359.0,254.0,0.6391902565956116,0.0,0.006790186278522015
50,1.6683350016683351,0.63919026,343.54767,341.2228,0.0067901863,44.0,421.0,48.0,423.0,313.0,226.0,359.0,254.0,0.6391902565956116,0.0,0.006790186278522015
51,1.7017017017017018,nan,nan,nan,nan,nan,nan,nan,nan,nan,nan,364.0,258.0,0.6391902565956116,0.0,0.006790186278522015
52,1.7350684017350684,nan,nan,nan,nan,12.0,30.0,56.0,410.0,364.0,258.0,nan,nan,0.6391902565956116,nan,0.006790186278522015
53,1.7684351017684352,nan,nan,nan,nan,nan,nan,nan,nan,361.0,243.0,385.0,233.0,nan,837.9883313521742,nan
54,1.8018018018018018,nan,nan,nan,nan,686.0,46.0,686.0,45.0,361.0,243.0,nan,nan,56.56100082397461,nan,0.08811774104833603
55,1.8351685018351687,nan,nan,nan,nan,nan,nan,nan,nan,nan,nan,385.0,233.0,56.56100082397461,0.0,0.08811774104833603
56,1.8685352018685353,56.561,401.2658,367.3993,0.08811774,12.0,30.0,44.0,394.0,337.0,203.0,396.0,233.0,56.56100082397461,0.0,0.08811774104833603
57,1.901901901901902,nan,nan,nan,nan,12.0,30.0,nan,nan,nan,nan,385.0,233.0,56.56100082397461,0.0,0.08811774104833603
58,1.9352686019352687,nan,nan,nan,nan,12.0,30.0,57.0,414.0,349.0,239.0,nan,nan,56.56100082397461,nan,0.08811774104833603
59,1.9686353019686353,nan,nan,nan,nan,12.0,30.0,56.0,410.0,nan,nan,348.0,237.0,nan,80.10050245285034,nan
60,2.002002002002002,nan,nan,nan,nan,12.0,30.0,56.0,410.0,346.0,203.0,nan,nan,61.90637969970703,nan,0.10496217757463455
61,2.0353687020353686,nan,nan,nan,nan,12.0,30.0,nan,nan,nan,nan,396.0,233.0,61.90637969970703,-462.5671641105785,0.10496217757463455
62,2.0687354020687354,61.90638,425.0347,382.6467,0.10496218,12.0,30.0,62.0,444.0,371.0,240.0,396.0,233.0,31.037700079381466,-462.5671641105785,0.06093782186508179
63,2.1021021021021022,nan,nan,nan,nan,nan,nan,nan,nan,nan,nan,nan,nan,31.037700079381466,0.0,0.06093782186508179
64,2.135468802135469,0.16902046,420.40457,427.5757,0.016913466,679.0,48.0,686.0,46.0,289.0,211.0,313.0,253.0,31.037700079381466,-462.5671641105785,0.06093782186508179
65,2.1688355021688355,nan,nan,nan,nan,nan,nan,686.0,46.0,nan,nan,nan,nan,0.16902045905590057,407.30676687240594,0.016913466155529022
66,2.2022022022022023,nan,nan,nan,nan,70.0,454.0,nan,nan,377.0,211.0,388.0,198.0,58.21866550296545,1739.747861965969,0.1016869805753231
67,2.235568902235569,nan,nan,nan,nan,nan,nan,686.0,46.0,nan,nan,nan,nan,116.268310546875,869.8739309829845,0.1864604949951172
68,2.2689356022689355,116.26831,433.19308,359.308,0.1864605,12.0,30.0,686.0,46.0,368.0,260.0,407.0,232.0,116.268310546875,0.0,0.1864604949951172
69,2.3023023023023024,nan,nan,nan,nan,nan,nan,674.0,47.0,371.0,251.0,nan,nan,116.268310546875,0.0,0.1864604949951172
70,2.335669002335669,nan,nan,nan,nan,12.0,30.0,nan,nan,371.0,251.0,373.0,251.0,116.268310546875,nan,0.1864604949951172
71,2.3690357023690356,nan,nan,nan,nan,12.0,30.0,667.0,367.0,nan,nan,365.0,255.0,nan,nan,nan
72,2.4024024024024024,nan,nan,nan,nan,12.0,30.0,nan,nan,371.0,249.0,373.0,249.0,nan,nan,nan
73,2.4357691024357693,nan,nan,nan,nan,12.0,30.0,50.0,402.0,369.0,255.0,nan,nan,nan,nan,nan
74,2.469135802469136,nan,nan,nan,nan,12.0,30.0,50.0,402.0,nan,nan,369.0,256.0,nan,nan,nan
75,2.5025025025025025,nan,nan,nan,nan,nan,nan,nan,nan,302.0,271.0,369.0,255.0,nan,nan,nan
76,2.5358692025358693,nan,nan,nan,nan,12.0,30.0,43.0,417.0,nan,nan,373.0,249.0,58.99150848388672,nan,0.1342923641204834
77,2.569235902569236,nan,nan,nan,nan,12.0,30.0,43.0,419.0,364.0,249.0,nan,nan,58.99150848388672,-7.7652829742431635,0.1342923641204834
78,2.6026026026026026,58.99151,422.09595,368.97833,0.13429236,12.0,30.0,43.0,421.0,369.0,255.0,373.0,249.0,58.473304748535156,-7.7652829742431635,0.17117950320243835
79,2.6359693026359694,nan,nan,nan,nan,12.0,30.0,43.0,417.0,nan,nan,368.0,256.0,58.473304748535156,263.5644874191284,0.17117950320243835
80,2.6693360026693362,57.9551,425.3237,345.167,0.20806664,12.0,30.0,49.0,408.0,360.0,280.0,369.0,256.0,76.06185913085938,391.464089641571,0.139901173611482
81,2.7027027027027026,nan,nan,nan,nan,9.0,20.0,nan,nan,358.0,278.0,370.0,256.0,84.5970344543457,127.89960222244261,0.14270557835698128
82,2.7360694027360695,111.23897,424.08136,392.50223,0.077344514,12.0,30.0,686.0,45.0,356.0,280.0,370.0,256.0,84.5970344543457,422.02052730560297,0.14270557835698128
83,2.7694361027694363,nan,nan,nan,nan,12.0,30.0,686.0,45.0,nan,nan,369.0,257.0,112.7598991394043,422.02052730560297,0.08546796068549156
84,2.8028028028028027,nan,nan,nan,nan,12.0,30.0,nan,nan,369.0,256.0,nan,nan,112.7598991394043,22.791154689788815,0.08546796068549156
85,2.8361695028361695,114.28083,419.87527,382.33527,0.09359141,12.0,30.0,686.0,45.0,364.0,253.0,369.0,257.0,114.28083038330078,22.791154689788815,0.09359140694141388
86,2.8695362028695364,nan,nan,nan,nan,12.0,30.0,686.0,45.0,364.0,253.0,nan,nan,114.28083038330078,0.0,0.09359140694141388
87,2.902902902902903,nan,nan,nan,nan,12.0,30.0,686.0,45.0,nan,nan,369.0,256.0,114.28083038330078,nan,0.09359140694141388
88,2.9362696029362696,nan,nan,nan,nan,12.0,30.0,nan,nan,369.0,256.0,nan,nan,nan,nan,nan
89,2.9696363029696364,nan,nan,nan,nan,12.0,30.0,50.0,452.0,nan,nan,369.0,256.0,nan,nan,nan
90,3.0030030030030033,nan,nan,nan,nan,nan,nan,50.0,452.0,348.0,223.0,nan,nan,nan,nan,nan
91,3.0363697030363697,nan,nan,nan,nan,12.0,30.0,nan,nan,348.0,223.0,369.0,255.0,nan,nan,nan
92,3.0697364030697365,nan,nan,nan,nan,nan,nan,673.0,45.0,nan,nan,369.0,255.0,nan,nan,nan
93,3.1031031031031033,nan,nan,nan,nan,12.0,30.0,nan,nan,361.0,278.0,369.0,256.0,114.16383361816406,nan,0.019999755546450615
94,3.1364698031364697,nan,nan,nan,nan,12.0,30.0,666.0,29.0,nan,nan,369.0,256.0,114.16383361816406,70.20623182296752,0.019999755546450615
95,3.1698365031698366,114.16383,386.22952,394.03204,0.019999756,12.0,30.0,667.0,28.0,307.0,232.0,364.0,250.0,118.84893417358398,70.20623182296752,0.10456308629363775
96,3.2032032032032034,nan,nan,nan,nan,12.0,30.0,nan,nan,nan,nan,nan,nan,118.84893417358398,0.0,0.10456308629363775
97,3.2365699032365702,123.534035,405.73145,335.62628,0.18912642,12.0,30.0,666.0,29.0,369.0,204.0,389.0,202.0,118.84893417358398,-431.27402661323543,0.10456308629363775
98,3.2699366032699366,nan,nan,nan,nan,nan,nan,673.0,45.0,nan,nan,nan,nan,90.06855201721191,-431.27402661323543,0.12075173668563366
99,3.3033033033033035,nan,nan,nan,nan,12.0,30.0,nan,nan,382.0,214.0,387.0,214.0,90.06855201721191,-501.4802584362029,0.12075173668563366
100,3.3366700033366703,56.60307,405.27924,384.59363,0.052377056,12.0,30.0,50.0,403.0,372.0,203.0,385.0,203.0,56.60306930541992,-903.2000332832336,0.05237705633044243
101,3.3700367033700367,nan,nan,nan,nan,12.0,30.0,41.0,386.0,nan,nan,382.0,202.0,29.79494285583496,-401.7197748470306,0.029761968413367867
102,3.4034034034034035,nan,nan,nan,nan,nan,nan,nan,nan,299.0,212.0,nan,nan,29.79494285583496,-387.0847460567951,0.029761968413367867
103,3.4367701034367704,2.9868164,394.10056,396.92725,0.0071468805,660.0,29.0,672.0,46.0,299.0,210.0,331.0,229.0,3.9634616374969482,-385.68325707435605,0.04362192400731146
104,3.4701368034701368,nan,nan,nan,nan,nan,nan,nan,nan,nan,nan,nan,nan,4.056987762451172,1.4014889824390409,0.04916959519808491
105,3.5035035035035036,4.940107,416.27063,384.2125,0.08009697,12.0,30.0,58.0,20.0,359.0,252.0,368.0,254.0,4.056987762451172,8.018258886337279,0.04916959519808491
106,3.5368702035368704,4.24404,416.58163,392.21072,0.060264938,12.0,30.0,49.0,19.0,361.0,250.0,368.0,254.0,4.592073440551758,8.018258886337279,0.07018095254898071
107,3.570236903570237,nan,nan,nan,nan,12.0,30.0,nan,nan,365.0,255.0,369.0,245.0,4.592073440551758,-5.215280921459198,0.07018095254898071
108,3.6036036036036037,nan,nan,nan,nan,12.0,30.0,49.0,19.0,nan,nan,365.0,255.0,4.244040012359619,nan,0.060264937579631805
109,3.6369703036369705,nan,nan,nan,nan,12.0,30.0,nan,nan,340.0,229.0,366.0,255.0,nan,892.3048557829856,nan
110,3.6703370036703373,nan,nan,nan,nan,12.0,30.0,57.0,414.0,nan,nan,nan,nan,63.79057693481445,nan,0.05872545391321182
111,3.7037037037037037,nan,nan,nan,nan,12.0,30.0,nan,nan,368.0,254.0,374.0,207.0,63.79057693481445,7.832764177322387,0.05872545391321182
112,3.7370704037370706,63.790577,410.51462,387.09464,0.058725454,12.0,30.0,52.0,450.0,368.0,254.0,373.0,206.0,64.31328392028809,7.832764177322387,0.08766427636146545
113,3.7704371037704374,nan,nan,nan,nan,12.0,30.0,nan,nan,358.0,251.0,nan,nan,64.31328392028809,0.0,0.08766427636146545
114,3.803803803803804,64.83599,415.58063,369.79218,0.1166031,12.0,30.0,51.0,451.0,358.0,251.0,368.0,254.0,64.31328392028809,7.832764177322387,0.08766427636146545
115,3.8371705038371706,nan,nan,nan,nan,12.0,30.0,nan,nan,358.0,251.0,368.0,254.0,64.83599090576172,7.832764177322387,0.11660309880971909
116,3.8705372038705375,nan,nan,nan,nan,nan,nan,676.0,47.0,358.0,251.0,363.0,254.0,64.83599090576172,nan,0.11660309880971909
117,3.903903903903904,nan,nan,nan,nan,12.0,30.0,675.0,46.0,nan,nan,362.0,255.0,nan,nan,nan
118,3.9372706039372707,nan,nan,nan,nan,nan,nan,686.0,59.0,298.0,262.0,362.0,255.0,nan,nan,nan
119,3.9706373039706375,nan,nan,nan,nan,686.0,62.0,686.0,59.0,nan,nan,363.0,254.0,nan,nan,nan
120,4.004004004004004,nan,nan,nan,nan,nan,nan,686.0,51.0,358.0,251.0,363.0,254.0,nan,nan,nan
121,4.037370704037371,nan,nan,nan,nan,686.0,51.0,686.0,43.0,nan,nan,nan,nan,nan,nan,nan
122,4.070737404070737,nan,nan,nan,nan,nan,nan,686.0,51.0,358.0,251.0,359.0,254.0,nan,nan,nan
123,4.104104104104104,nan,nan,nan,nan,684.0,46.0,686.0,53.0,nan,nan,357.0,252.0,115.38179016113281,nan,0.07253295928239822
124,4.137470804137471,nan,nan,nan,nan,nan,nan,684.0,46.0,357.0,252.0,363.0,254.0,115.38179016113281,-840.4989899128674,0.07253295928239822
125,4.170837504170838,115.38179,411.97604,383.13998,0.07253296,12.0,30.0,684.0,46.0,359.0,249.0,361.0,252.0,59.2924348115921,-840.4989899128674,0.03789740661159158
126,4.2042042042042045,nan,nan,nan,nan,nan,nan,686.0,53.0,nan,nan,nan,nan,59.2924348115921,286.83400254786017,0.03789740661159158
127,4.237570904237571,3.2030795,381.58386,382.83057,0.003261854,671.0,29.0,684.0,46.0,359.0,249.0,363.0,254.0,78.43384305636089,10.001508865356444,0.054671962124605976
128,4.270937604270938,nan,nan,nan,nan,nan,nan,684.0,46.0,359.0,249.0,363.0,254.0,59.959869503974915,-572.6229149124026,0.04574146354570985
129,4.3043043043043046,116.71666,413.22906,378.3137,0.08822107,12.0,30.0,686.0,43.0,359.0,249.0,372.0,239.0,40.22076898813248,-308.1017962306737,0.031154877894247573
130,4.337671004337671,nan,nan,nan,nan,nan,nan,686.0,53.0,nan,nan,363.0,255.0,39.39918907483419,-12.311375000774824,0.030708206662287314
131,4.371037704371038,0.74256796,411.25418,410.44,0.0019817066,684.0,46.0,686.0,51.0,299.0,258.0,363.0,256.0,39.39918907483419,-3.732873802185058,0.030708206662287314
132,4.404404404404405,0.7383397,413.8321,413.03754,0.0019218402,684.0,46.0,686.0,51.0,293.0,258.0,363.0,256.0,39.150081713994346,-3.732873802185058,0.029729024041444063
133,4.437771104437771,nan,nan,nan,nan,nan,nan,nan,nan,nan,nan,nan,nan,39.150081713994346,19.52897996395826,0.029729024041444063
134,4.471137804471138,115.96934,408.20828,374.81863,0.085283525,12.0,30.0,676.0,45.0,358.0,245.0,360.0,245.0,40.453316946824394,317.0934468197822,0.05658227213037511
135,4.504504504504505,nan,nan,nan,nan,12.0,30.0,nan,nan,359.0,249.0,nan,nan,60.310805559158325,15.920892916023659,0.08391248807311058
136,4.537871204537871,4.6522737,423.58145,390.00418,0.08254145,12.0,30.0,58.0,20.0,368.0,256.0,390.0,227.0,41.51577226320902,-839.486911202073,0.09073531379302342
137,4.571237904571238,nan,nan,nan,nan,12.0,30.0,nan,nan,nan,nan,nan,nan,4.2889896631240845,-8.979468269348107,0.09346120804548264
138,4.604604604604605,3.9257057,413.20242,372.2113,0.104380965,12.0,30.0,61.0,31.0,359.0,249.0,362.0,255.0,40.91654181480408,820.5738981807231,0.0909083088239034
139,4.637971304637971,nan,nan,nan,nan,12.0,30.0,nan,nan,357.0,252.0,359.0,254.0,59.048675894737244,271.71002918779845,0.09509173780679703
140,4.671338004671338,114.171646,411.78696,377.90805,0.08580251,12.0,30.0,675.0,46.0,358.0,251.0,359.0,254.0,59.048675894737244,826.0177087980508,0.09509173780679703
141,4.704704704704705,nan,nan,nan,nan,12.0,30.0,nan,nan,nan,nan,361.0,252.0,114.17164611816406,826.0177087980508,0.08580251038074493
142,4.738071404738071,nan,nan,nan,nan,nan,nan,676.0,45.0,358.0,251.0,nan,nan,114.17164611816406,nan,0.08580251038074493
143,4.7714381047714385,nan,nan,nan,nan,662.0,388.0,676.0,45.0,nan,nan,358.0,251.0,nan,nan,nan
144,4.804804804804805,nan,nan,nan,nan,nan,nan,nan,nan,364.0,252.0,nan,nan,nan,nan,nan
145,4.838171504838171,nan,nan,nan,nan,12.0,30.0,54.0,436.0,nan,nan,364.0,251.0,nan,nan,nan
146,4.8715382048715385,nan,nan,nan,nan,12.0,30.0,50.0,452.0,321.0,204.0,nan,nan,nan,nan,nan
147,4.904904904904905,nan,nan,nan,nan,nan,nan,52.0,444.0,nan,nan,292.0,223.0,nan,nan,nan
148,4.938271604938272,nan,nan,nan,nan,12.0,30.0,49.0,445.0,364.0,198.0,nan,nan,nan,nan,nan
149,4.971638304971639,nan,nan,nan,nan,12.0,30.0,nan,nan,nan,nan,364.0,251.0,nan,nan,nan
150,5.005005005005005,nan,nan,nan,nan,12.0,30.0,58.0,15.0,361.0,252.0,nan,nan,nan,nan,nan
151,5.038371705038372,nan,nan,nan,nan,12.0,30.0,nan,nan,359.0,249.0,364.0,251.0,nan,nan,nan
152,5.071738405071739,nan,nan,nan,nan,12.0,30.0,49.0,445.0,nan,nan,365.0,252.0,nan,nan,nan
153,5.105105105105105,nan,nan,nan,nan,nan,nan,nan,nan,267.0,225.0,368.0,252.0,3.182353973388672,nan,0.012707392685115337
154,5.138471805138472,nan,nan,nan,nan,674.0,48.0,686.0,65.0,nan,nan,364.0,252.0,3.182353973388672,0.0,0.012707392685115337
155,5.171838505171839,3.182354,395.43173,400.48877,0.012707393,671.0,48.0,686.0,65.0,294.0,241.0,364.0,252.0,3.182353973388672,0.0,0.012707392685115337
156,5.205205205205205,nan,nan,nan,nan,nan,nan,nan,nan,nan,nan,363.0,253.0,3.182353973388672,0.0,0.012707392685115337
157,5.238571905238572,nan,nan,nan,nan,12.0,30.0,670.0,28.0,331.0,216.0,nan,nan,3.182353973388672,nan,0.012707392685115337
158,5.271938605271939,nan,nan,nan,nan,nan,nan,671.0,29.0,nan,nan,379.0,234.0,nan,nan,nan
159,5.305305305305305,nan,nan,nan,nan,686.0,46.0,nan,nan,364.0,198.0,375.0,233.0,nan,nan,nan
160,5.3386720053386725,nan,nan,nan,nan,nan,nan,683.0,44.0,nan,nan,377.0,236.0,nan,nan,nan
161,5.372038705372039,nan,nan,nan,nan,12.0,30.0,nan,nan,286.0,206.0,nan,nan,nan,nan,nan
162,5.405405405405405,nan,nan,nan,nan,12.0,30.0,50.0,439.0,nan,nan,359.0,258.0,nan,nan,nan
163,5.4387721054387725,nan,nan,nan,nan,12.0,30.0,nan,nan,299.0,225.0,359.0,254.0,nan,nan,nan
164,5.472138805472139,nan,nan,nan,nan,nan,nan,673.0,47.0,297.0,243.0,nan,nan,nan,nan,nan
165,5.505505505505505,nan,nan,nan,nan,657.0,369.0,nan,nan,nan,nan,241.0,164.0,nan,nan,nan
166,5.538872205538873,nan,nan,nan,nan,nan,nan,673.0,47.0,358.0,266.0,nan,nan,nan,nan,nan
167,5.572238905572239,nan,nan,nan,nan,618.0,432.0,nan,nan,nan,nan,391.0,235.0,nan,nan,nan
168,5.605605605605605,nan,nan,nan,nan,nan,nan,648.0,391.0,257.0,256.0,nan,nan,nan,nan,nan
169,5.638972305638973,nan,nan,nan,nan,656.0,388.0,662.0,387.0,nan,nan,369.0,197.0,nan,nan,nan
170,5.672339005672339,nan,nan,nan,nan,nan,nan,nan,nan,301.0,283.0,nan,nan,nan,nan,nan
171,5.705705705705706,nan,nan,nan,nan,670.0,51.0,677.0,48.0,nan,nan,360.0,269.0,nan,nan,nan
172,5.739072405739073,nan,nan,nan,nan,nan,nan,677.0,48.0,355.0,278.0,361.0,270.0,nan,nan,nan
173,5.772439105772439,nan,nan,nan,nan,12.0,30.0,nan,nan,nan,nan,nan,nan,nan,nan,nan
174,5.805805805805806,nan,nan,nan,nan,nan,nan,677.0,48.0,268.0,258.0,283.0,204.0,nan,nan,nan
175,5.839172505839173,nan,nan,nan,nan,670.0,43.0,677.0,48.0,279.0,259.0,nan,nan,nan,nan,nan
176,5.872539205872539,nan,nan,nan,nan,nan,nan,677.0,48.0,nan,nan,283.0,204.0,nan,nan,nan
177,5.9059059059059065,nan,nan,nan,nan,670.0,43.0,676.0,47.0,345.0,271.0,nan,nan,1.2239731550216675,nan,0.030968552455306053
178,5.939272605939273,nan,nan,nan,nan,nan,nan,nan,nan,nan,nan,394.0,189.0,1.2239731550216675,437.657810768187,0.030968552455306053
179,5.972639305972639,1.2239732,381.72568,370.08444,0.030968552,12.0,30.0,26.0,28.0,323.0,207.0,388.0,186.0,30.430366933345795,437.657810768187,0.029307527467608452
180,6.0060060060060065,nan,nan,nan,nan,nan,nan,nan,nan,nan,nan,nan,nan,30.430366933345795,0.0,0.029307527467608452
181,6.039372706039373,59.63676,394.02347,383.27863,0.027646502,12.0,30.0,57.0,414.0,353.0,197.0,388.0,190.0,30.430366933345795,-8.541778079029172,0.029307527467608452
182,6.072739406072739,nan,nan,nan,nan,12.0,30.0,44.0,413.0,nan,nan,388.0,190.0,29.860345039516687,-8.541778079029172,0.014899075264111161
183,6.106106106106107,nan,nan,nan,nan,nan,nan,nan,nan,358.0,269.0,388.0,190.0,29.860345039516687,-423.60574965476985,0.014899075264111161
184,6.139472806139473,0.08392937,383.33405,382.51013,0.002151648,60.0,454.0,61.0,454.0,364.0,284.0,388.0,190.0,1.591693077236414,-423.60574965476985,0.0019984356476925313
185,6.172839506172839,nan,nan,nan,nan,nan,nan,nan,nan,nan,nan,nan,nan,1.591693077236414,292.65589244367555,0.0019984356476925313
186,6.206206206206207,3.0994568,412.7884,413.55078,0.0018452232,676.0,46.0,686.0,66.0,296.0,254.0,315.0,202.0,21.121615829567116,450.2807582617364,0.012535116286017
187,6.239572906239573,nan,nan,nan,nan,nan,nan,nan,nan,nan,nan,nan,nan,31.640459060668945,157.6248658180609,0.017726850404869765
188,6.2729396062729395,60.18146,377.91037,365.41928,0.033608478,12.0,30.0,49.0,401.0,315.0,202.0,388.0,190.0,31.640459060668945,427.6869190692901,0.017726850404869765
189,6.306306306306307,nan,nan,nan,nan,12.0,30.0,nan,nan,309.0,218.0,nan,nan,60.181461334228516,427.6869190692901,0.03360847756266594
190,6.339673006339673,nan,nan,nan,nan,12.0,30.0,666.0,29.0,nan,nan,370.0,260.0,60.181461334228516,nan,0.03360847756266594
191,6.3730397063730395,nan,nan,nan,nan,12.0,30.0,nan,nan,335.0,207.0,369.0,260.0,nan,nan,nan
192,6.406406406406407,nan,nan,nan,nan,12.0,30.0,667.0,30.0,nan,nan,370.0,260.0,nan,nan,nan
193,6.439773106439773,nan,nan,nan,nan,12.0,30.0,675.0,46.0,365.0,271.0,nan,nan,nan,nan,nan
194,6.4731398064731405,nan,nan,nan,nan,nan,nan,675.0,46.0,nan,nan,321.0,201.0,nan,nan,nan
195,6.506506506506507,nan,nan,nan,nan,12.0,30.0,nan,nan,324.0,207.0,nan,nan,nan,nan,nan
196,6.539873206539873,nan,nan,nan,nan,nan,nan,669.0,374.0,nan,nan,388.0,192.0,134.27854919433594,nan,0.20443764328956604
197,6.5732399065732405,nan,nan,nan,nan,12.0,30.0,nan,nan,377.0,190.0,386.0,192.0,134.27854919433594,-509.4717077636718,0.20443764328956604
198,6.606606606606607,134.27855,403.3116,328.50607,0.20443764,12.0,30.0,686.0,66.0,377.0,190.0,387.0,191.0,100.27976989746094,-509.4717077636718,0.1948857307434082
199,6.639973306639973,nan,nan,nan,nan,12.0,30.0,nan,nan,nan,nan,nan,nan,100.27976989746094,391.36917961120605,0.1948857307434082
200,6.673340006673341,66.28099,378.4934,314.29486,0.18533382,12.0,30.0,56.0,410.0,288.0,223.0,359.0,267.0,126.3971659342448,332.3179155349731,0.14496435349186262
201,6.706706706706707,nan,nan,nan,nan,nan,nan,nan,nan,288.0,223.0,nan,nan,122.45647430419922,-59.051264076232975,0.1152277085930109
202,6.740073406740073,178.63196,363.80798,380.60248,0.0451216,12.0,30.0,670.0,378.0,286.0,222.0,377.0,186.0,122.45647430419922,841.7896232986449,0.1152277085930109
203,6.773440106773441,nan,nan,nan,nan,12.0,30.0,667.0,383.0,nan,nan,nan,nan,178.6319580078125,841.7896232986449,0.04512159898877144
204,6.806806806806807,nan,nan,nan,nan,12.0,30.0,nan,nan,310.0,201.0,356.0,270.0,178.6319580078125,nan,0.04512159898877144
205,6.8401735068401734,nan,nan,nan,nan,15.0,30.0,50.0,401.0,310.0,201.0,nan,nan,nan,nan,nan
206,6.873540206873541,nan,nan,nan,nan,nan,nan,nan,nan,nan,nan,285.0,223.0,nan,nan,nan
207,6.906906906906907,nan,nan,nan,nan,12.0,30.0,49.0,401.0,353.0,268.0,nan,nan,nan,nan,nan
208,6.9402736069402735,nan,nan,nan,nan,12.0,30.0,56.0,410.0,nan,nan,372.0,247.0,nan,nan,nan
209,6.973640306973641,nan,nan,nan,nan,12.0,30.0,nan,nan,372.0,245.0,377.0,236.0,nan,nan,nan
210,7.007007007007007,nan,nan,nan,nan,nan,nan,667.0,373.0,372.0,247.0,372.0,248.0,nan,nan,nan
211,7.040373707040374,nan,nan,nan,nan,670.0,371.0,nan,nan,nan,nan,371.0,234.0,nan,nan,nan
212,7.073740407073741,nan,nan,nan,nan,nan,nan,668.0,373.0,353.0,268.0,nan,nan,nan,nan,nan
213,7.107107107107107,nan,nan,nan,nan,12.0,30.0,nan,nan,355.0,271.0,377.0,295.0,nan,nan,nan
214,7.140473807140474,nan,nan,nan,nan,12.0,30.0,671.0,374.0,nan,nan,nan,nan,nan,nan,nan
215,7.173840507173841,nan,nan,nan,nan,12.0,30.0,nan,nan,355.0,269.0,387.0,234.0,nan,nan,nan
216,7.207207207207207,nan,nan,nan,nan,12.0,30.0,26.0,28.0,356.0,269.0,nan,nan,nan,nan,nan
217,7.240573907240575,nan,nan,nan,nan,12.0,30.0,nan,nan,nan,nan,284.0,201.0,nan,nan,nan
218,7.273940607273941,nan,nan,nan,nan,nan,nan,657.0,393.0,284.0,201.0,289.0,220.0,nan,nan,nan
219,7.307307307307307,nan,nan,nan,nan,12.0,30.0,nan,nan,nan,nan,nan,nan,nan,nan,nan
220,7.340674007340675,nan,nan,nan,nan,nan,nan,668.0,374.0,284.0,201.0,291.0,220.0,nan,nan,nan
221,7.374040707374041,nan,nan,nan,nan,12.0,30.0,nan,nan,284.0,201.0,nan,nan,nan,nan,nan
222,7.407407407407407,nan,nan,nan,nan,12.0,30.0,27.0,29.0,nan,nan,407.0,225.0,nan,nan,nan
223,7.440774107440775,nan,nan,nan,nan,nan,nan,nan,nan,329.0,217.0,nan,nan,1.0409865379333496,nan,0.009744539856910706
224,7.474140807474141,nan,nan,nan,nan,686.0,60.0,686.0,51.0,nan,nan,347.0,269.0,1.0409865379333496,0.0,0.009744539856910706
225,7.5075075075075075,1.0409865,386.24377,390.02597,0.00974454,686.0,59.0,686.0,51.0,335.0,216.0,353.0,261.0,1.0409865379333496,0.0,0.009744539856910706
226,7.540874207540875,nan,nan,nan,nan,686.0,60.0,686.0,59.0,318.0,208.0,nan,nan,1.0409865379333496,0.0,0.009744539856910706
227,7.574240907574241,nan,nan,nan,nan,686.0,60.0,686.0,51.0,nan,nan,344.0,269.0,1.0409865379333496,nan,0.009744539856910706
228,7.607607607607608,nan,nan,nan,nan,nan,nan,nan,nan,354.0,219.0,nan,nan,nan,nan,nan
229,7.640974307640975,nan,nan,nan,nan,12.0,30.0,49.0,445.0,nan,nan,350.0,268.0,nan,nan,nan
230,7.674341007674341,nan,nan,nan,nan,nan,nan,nan,nan,356.0,197.0,357.0,258.0,nan,nan,nan
231,7.707707707707708,nan,nan,nan,nan,11.0,37.0,49.0,445.0,nan,nan,nan,nan,nan,nan,nan
232,7.741074407741075,nan,nan,nan,nan,nan,nan,60.0,454.0,273.0,250.0,345.0,268.0,63.84953308105469,nan,0.09476061910390854
233,7.774441107774441,nan,nan,nan,nan,12.0,30.0,50.0,452.0,nan,nan,356.0,257.0,63.84953308105469,0.0,0.09476061910390854
234,7.807807807807808,63.849533,411.428,374.2045,0.09476062,12.0,30.0,49.0,445.0,363.0,243.0,365.0,243.0,63.84953308105469,0.0,0.09476061910390854
235,7.841174507841175,nan,nan,nan,nan,nan,nan,nan,nan,355.0,258.0,nan,nan,63.84953308105469,0.0,0.09476061910390854
236,7.874541207874541,nan,nan,nan,nan,686.0,46.0,686.0,45.0,nan,nan,360.0,223.0,63.84953308105469,nan,0.09476061910390854
237,7.907907907907909,nan,nan,nan,nan,nan,nan,nan,nan,364.0,251.0,nan,nan,nan,nan,nan
238,7.941274607941275,nan,nan,nan,nan,675.0,46.0,686.0,65.0,nan,nan,366.0,243.0,nan,nan,nan
239,7.974641307974641,nan,nan,nan,nan,667.0,28.0,686.0,65.0,289.0,241.0,nan,nan,nan,nan,nan
240,8.008008008008009,nan,nan,nan,nan,nan,nan,nan,nan,nan,nan,361.0,196.0,nan,nan,nan
241,8.041374708041374,nan,nan,nan,nan,675.0,46.0,686.0,65.0,283.0,240.0,nan,nan,nan,nan,nan
242,8.074741408074741,nan,nan,nan,nan,675.0,46.0,686.0,63.0,nan,nan,359.0,258.0,nan,nan,nan
243,8.108108108108109,nan,nan,nan,nan,nan,nan,686.0,63.0,356.0,256.0,362.0,258.0,nan,nan,nan
244,8.141474808141474,nan,nan,nan,nan,679.0,48.0,686.0,63.0,nan,nan,nan,nan,nan,nan,nan
245,8.174841508174842,nan,nan,nan,nan,nan,nan,686.0,63.0,318.0,214.0,361.0,259.0,60.269142150878906,nan,0.17156018316745758
246,8.208208208208209,nan,nan,nan,nan,12.0,30.0,nan,nan,nan,nan,360.0,261.0,60.269142150878906,0.0,0.17156018316745758
247,8.241574908241574,60.269142,421.98874,355.31183,0.17156018,12.0,30.0,46.0,423.0,361.0,258.0,366.0,269.0,60.269142150878906,0.0,0.17156018316745758
248,8.274941608274942,nan,nan,nan,nan,nan,nan,nan,nan,nan,nan,360.0,261.0,60.269142150878906,0.0,0.17156018316745758
249,8.308308308308309,nan,nan,nan,nan,660.0,388.0,686.0,63.0,339.0,209.0,nan,nan,60.269142150878906,28.347878780364987,0.17156018316745758
250,8.341675008341676,nan,nan,nan,nan,nan,nan,686.0,63.0,329.0,213.0,339.0,209.0,62.160892486572266,28.347878780364987,0.1518884152173996
251,8.375041708375042,nan,nan,nan,nan,12.0,30.0,nan,nan,nan,nan,nan,nan,62.160892486572266,0.0,0.1518884152173996
252,8.408408408408409,62.160892,415.05963,356.46667,0.15188842,12.0,30.0,46.0,430.0,358.0,259.0,359.0,258.0,62.160892486572266,0.0,0.1518884152173996
253,8.441775108441776,nan,nan,nan,nan,12.0,30.0,47.0,425.0,nan,nan,nan,nan,62.160892486572266,404.9451534175872,0.1518884152173996
254,8.475141808475142,nan,nan,nan,nan,12.0,30.0,nan,nan,353.0,218.0,369.0,234.0,89.18425941467285,809.8903068351744,0.13354383781552315
255,8.508508508508509,nan,nan,nan,nan,12.0,30.0,675.0,46.0,nan,nan,370.0,236.0,116.20762634277344,404.9451534175872,0.1151992604136467
256,8.541875208541876,116.20763,412.8014,367.8369,0.11519926,12.0,30.0,675.0,46.0,363.0,245.0,367.0,243.0,116.20762634277344,0.0,0.1151992604136467
257,8.575241908575242,nan,nan,nan,nan,nan,nan,675.0,46.0,361.0,250.0,364.0,245.0,116.20762634277344,0.0,0.1151992604136467
258,8.608608608608609,nan,nan,nan,nan,12.0,30.0,nan,nan,nan,nan,369.0,238.0,116.20762634277344,nan,0.1151992604136467
259,8.641975308641976,nan,nan,nan,nan,nan,nan,675.0,46.0,369.0,231.0,370.0,236.0,nan,nan,nan
260,8.675342008675342,nan,nan,nan,nan,666.0,377.0,nan,nan,369.0,231.0,370.0,236.0,nan,nan,nan
261,8.70870870870871,nan,nan,nan,nan,nan,nan,675.0,46.0,nan,nan,nan,nan,nan,nan,nan
262,8.742075408742076,nan,nan,nan,nan,12.0,30.0,nan,nan,348.0,187.0,369.0,234.0,nan,nan,nan
263,8.775442108775442,nan,nan,nan,nan,12.0,30.0,664.0,28.0,nan,nan,367.0,235.0,nan,nan,nan
264,8.80880880880881,nan,nan,nan,nan,12.0,30.0,nan,nan,352.0,265.0,366.0,234.0,nan,nan,nan
265,8.842175508842177,nan,nan,nan,nan,15.0,32.0,52.0,450.0,nan,nan,367.0,240.0,nan,nan,nan
266,8.875542208875542,nan,nan,nan,nan,nan,nan,nan,nan,348.0,260.0,nan,nan,nan,nan,nan
267,8.90890890890891,nan,nan,nan,nan,660.0,28.0,675.0,46.0,nan,nan,348.0,261.0,nan,nan,nan
268,8.942275608942277,nan,nan,nan,nan,671.0,29.0,686.0,60.0,289.0,294.0,nan,nan,nan,nan,nan
269,8.975642308975642,nan,nan,nan,nan,662.0,23.0,686.0,60.0,nan,nan,348.0,222.0,nan,nan,nan
270,9.00900900900901,nan,nan,nan,nan,nan,nan,676.0,46.0,337.0,266.0,345.0,222.0,nan,nan,nan
271,9.042375709042377,nan,nan,nan,nan,671.0,45.0,675.0,46.0,nan,nan,nan,nan,nan,nan,nan
272,9.075742409075742,nan,nan,nan,nan,nan,nan,675.0,46.0,319.0,208.0,334.0,266.0,nan,nan,nan
273,9.10910910910911,nan,nan,nan,nan,12.0,30.0,nan,nan,nan,nan,nan,nan,nan,nan,nan
274,9.142475809142477,nan,nan,nan,nan,nan,nan,686.0,60.0,304.0,299.0,322.0,300.0,120.56123352050781,nan,0.07321545481681824
275,9.175842509175842,nan,nan,nan,nan,12.0,30.0,nan,nan,nan,nan,nan,nan,120.56123352050781,0.0,0.07321545481681824
276,9.20920920920921,120.56123,395.11423,367.20737,0.073215455,12.0,30.0,674.0,46.0,345.0,219.0,364.0,235.0,120.56123352050781,-869.4340941381454,0.07321545481681824
277,9.242575909242577,nan,nan,nan,nan,12.0,30.0,nan,nan,348.0,219.0,366.0,234.0,62.540940284729004,-869.4340941381454,0.03765157063025981
278,9.275942609275942,nan,nan,nan,nan,nan,nan,686.0,47.0,348.0,219.0,366.0,234.0,62.540940284729004,-893.4719620898364,0.03765157063025981
279,9.30930930930931,4.520647,369.0962,369.86755,0.0020876864,662.0,23.0,677.0,48.0,344.0,214.0,352.0,220.0,2.9165183901786804,-901.4341322278975,0.005119179026223719
280,9.342676009342677,nan,nan,nan,nan,nan,nan,nan,nan,344.0,214.0,345.0,217.0,2.3851757049560547,-7.962170138061046,0.0132717692758888
281,9.376042709376042,1.3123897,380.74466,377.65393,0.008150672,12.0,30.0,19.0,24.0,344.0,214.0,345.0,217.0,2.3851757049560547,-16.000019044876097,0.0132717692758888
282,9.40940940940941,1.3224903,382.54184,371.3923,0.02957695,12.0,30.0,26.0,28.0,344.0,214.0,348.0,219.0,1.3174400329589844,576.3648440265655,0.018863810691982508
283,9.442776109442777,nan,nan,nan,nan,12.0,30.0,nan,nan,356.0,222.0,nan,nan,40.84796142578125,888.5851339915394,0.027413325073818367
284,9.476142809476142,nan,nan,nan,nan,12.0,30.0,666.0,29.0,nan,nan,355.0,223.0,60.61574727296829,312.2402551192045,0.03704465180635452
285,9.50950950950951,119.909004,386.13632,369.3227,0.044512354,12.0,30.0,666.0,29.0,344.0,214.0,354.0,223.0,61.68481528759003,16.01998419910669,0.022336615089443512
286,9.542876209542877,nan,nan,nan,nan,nan,nan,672.0,46.0,nan,nan,344.0,214.0,61.68481528759003,281.0632176107168,0.022336615089443512
287,9.576242909576242,3.4606264,386.25186,386.18973,0.00016087634,665.0,28.0,677.0,48.0,337.0,261.0,344.0,214.0,80.44111943244934,297.97599066674707,0.04256432865319463
288,9.60960960960961,nan,nan,nan,nan,nan,nan,nan,nan,nan,nan,nan,nan,81.56976628303528,16.91277305603027,0.04067890459555201
289,9.642976309642977,117.95373,397.90482,366.18744,0.083019756,12.0,30.0,667.0,30.0,356.0,225.0,360.0,228.0,81.56976628303528,582.4860372340678,0.04067890459555201
290,9.676343009676343,123.294945,384.09537,369.45535,0.03885608,12.0,30.0,675.0,46.0,347.0,215.0,348.0,219.0,120.4410400390625,582.4860372340678,0.07400610049565633
291,9.70970970970971,nan,nan,nan,nan,nan,nan,nan,nan,nan,nan,358.0,227.0,120.4410400390625,18.636187534332272,0.07400610049565633
292,9.743076409743077,120.07445,401.7487,363.435,0.100142464,12.0,30.0,675.0,46.0,361.0,228.0,361.0,230.0,121.68469619750977,-5.493387222290038,0.06949927285313606
293,9.776443109776443,nan,nan,nan,nan,12.0,30.0,nan,nan,356.0,239.0,358.0,227.0,120.07444763183594,-24.12957475662231,0.1001424640417099
294,9.80980980980981,nan,nan,nan,nan,12.0,30.0,667.0,30.0,nan,nan,353.0,241.0,120.07444763183594,nan,0.1001424640417099
295,9.843176509843177,nan,nan,nan,nan,nan,nan,nan,nan,355.0,238.0,nan,nan,nan,nan,nan
296,9.876543209876544,nan,nan,nan,nan,668.0,51.0,676.0,45.0,nan,nan,369.0,181.0,nan,nan,nan
297,9.90990990990991,nan,nan,nan,nan,671.0,45.0,676.0,46.0,341.0,251.0,nan,nan,nan,nan,nan
298,9.943276609943277,nan,nan,nan,nan,nan,nan,667.0,30.0,345.0,251.0,363.0,319.0,1.2572548389434814,nan,0.029613446444272995
299,9.976643309976645,nan,nan,nan,nan,12.0,30.0,nan,nan,349.0,243.0,nan,nan,1.2572548389434814,0.0,0.029613446444272995
300,10.01001001001001,1.2572548,389.38733,378.02448,0.029613446,12.0,30.0,26.0,28.0,344.0,244.0,369.0,179.0,1.2572548389434814,-0.11026610076427458,0.029613446444272995
301,10.043376710043377,nan,nan,nan,nan,12.0,30.0,nan,nan,339.0,240.0,nan,nan,1.2498964071273804,-0.11026610076427458,0.029552390798926353
302,10.076743410076745,nan,nan,nan,nan,12.0,30.0,26.0,28.0,nan,nan,370.0,181.0,1.2498964071273804,926.4252909654377,0.029552390798926353
303,10.11011011011011,1.242538,392.044,380.65012,0.029491335,12.0,30.0,26.0,28.0,346.0,240.0,373.0,183.0,63.07340598106384,926.4252909654377,0.054161593317985535
304,10.143476810143477,nan,nan,nan,nan,12.0,30.0,nan,nan,342.0,237.0,nan,nan,63.07340598106384,0.0,0.054161593317985535
305,10.176843510176845,124.904274,389.82977,360.26413,0.07883185,12.0,30.0,677.0,46.0,342.0,239.0,372.0,184.0,63.07340598106384,926.535557066202,0.054161593317985535
306,10.21021021021021,nan,nan,nan,nan,12.0,30.0,nan,nan,342.0,239.0,373.0,183.0,124.9042739868164,926.535557066202,0.07883185148239136
307,10.243576910243577,nan,nan,nan,nan,nan,nan,673.0,45.0,342.0,237.0,nan,nan,124.9042739868164,nan,0.07883185148239136
308,10.276943610276945,nan,nan,nan,nan,12.0,30.0,nan,nan,342.0,237.0,345.0,240.0,nan,nan,nan
309,10.31031031031031,nan,nan,nan,nan,nan,nan,673.0,45.0,346.0,240.0,nan,nan,nan,nan,nan
310,10.343677010343677,nan,nan,nan,nan,657.0,387.0,668.0,28.0,nan,nan,346.0,240.0,nan,nan,nan
311,10.377043710377045,nan,nan,nan,nan,nan,nan,nan,nan,337.0,188.0,340.0,236.0,nan,nan,nan
312,10.41041041041041,nan,nan,nan,nan,12.0,30.0,669.0,388.0,nan,nan,341.0,240.0,1.8641414642333984,nan,0.00191978900693357
313,10.443777110443778,nan,nan,nan,nan,nan,nan,nan,nan,337.0,236.0,342.0,240.0,1.8641414642333984,430.7890108251571,0.00191978900693357
314,10.477143810477145,1.8641415,332.23373,331.59653,0.001919789,50.0,401.0,56.0,410.0,337.0,236.0,342.0,240.0,30.612156867980957,430.7890108251571,0.010701304185204208
315,10.51051051051051,nan,nan,nan,nan,nan,nan,49.0,401.0,nan,nan,nan,nan,30.612156867980957,143.5484341478347,0.010701304185204208
316,10.543877210543878,59.360172,395.79825,388.16138,0.01948282,12.0,30.0,43.0,417.0,363.0,225.0,372.0,183.0,40.19163195292155,430.7171566343307,0.03215452400036156
317,10.577243910577245,nan,nan,nan,nan,12.0,30.0,56.0,410.0,nan,nan,nan,nan,59.355377197265625,287.168722486496,0.04727189149707556
318,10.61061061061061,59.350582,389.82977,361.62723,0.07506096,12.0,30.0,49.0,401.0,342.0,240.0,372.0,183.0,59.355377197265625,-0.071854190826416,0.04727189149707556
319,10.643977310643978,nan,nan,nan,nan,12.0,30.0,56.0,410.0,342.0,237.0,nan,nan,59.350582122802734,-0.071854190826416,0.07506096363067627
320,10.677344010677345,nan,nan,nan,nan,12.0,30.0,nan,nan,342.0,241.0,343.0,303.0,59.350582122802734,nan,0.07506096363067627
321,10.71071071071071,nan,nan,nan,nan,12.0,30.0,71.0,30.0,nan,nan,nan,nan,nan,nan,nan
322,10.744077410744078,nan,nan,nan,nan,12.0,30.0,nan,nan,360.0,225.0,369.0,275.0,nan,nan,nan
323,10.777444110777445,nan,nan,nan,nan,12.0,30.0,686.0,66.0,nan,nan,nan,nan,nan,nan,nan
324,10.81081081081081,nan,nan,nan,nan,12.0,30.0,nan,nan,344.0,218.0,398.0,225.0,61.602333068847656,nan,0.1307501494884491
325,10.844177510844178,nan,nan,nan,nan,nan,nan,46.0,421.0,342.0,237.0,nan,nan,61.602333068847656,0.0,0.1307501494884491
326,10.877544210877545,61.602333,395.57712,347.02917,0.13075015,12.0,30.0,56.0,410.0,342.0,235.0,364.0,226.0,61.602333068847656,0.0,0.1307501494884491
327,10.91091091091091,nan,nan,nan,nan,12.0,30.0,nan,nan,337.0,236.0,nan,nan,61.602333068847656,0.0,0.1307501494884491
328,10.944277610944278,nan,nan,nan,nan,nan,nan,686.0,51.0,341.0,234.0,367.0,180.0,61.602333068847656,nan,0.1307501494884491
329,10.977644310977645,nan,nan,nan,nan,12.0,30.0,nan,nan,341.0,234.0,nan,nan,nan,nan,nan
330,11.01101101101101,nan,nan,nan,nan,nan,nan,52.0,445.0,341.0,234.0,370.0,185.0,nan,nan,nan
331,11.044377711044378,nan,nan,nan,nan,670.0,371.0,nan,nan,337.0,234.0,nan,nan,119.88202667236328,nan,0.004105392377823591
332,11.077744411077745,nan,nan,nan,nan,nan,nan,686.0,51.0,337.0,232.0,346.0,238.0,119.36318969726562,-12.318716011047433,0.011452462291345
333,11.11111111111111,119.88203,388.75473,390.354,0.0041053924,12.0,30.0,686.0,51.0,340.0,232.0,344.0,239.0,119.05995686848958,-7.287941350936888,0.016013840679079294
334,11.144477811144478,118.84435,387.85693,395.21765,0.018799532,12.0,30.0,686.0,46.0,337.0,234.0,343.0,240.0,118.87684059143066,-2.743997411727834,0.018599848146550357
335,11.177844511177845,118.45349,387.3945,397.25623,0.025136597,12.0,30.0,686.0,46.0,337.0,236.0,340.0,241.0,118.87684059143066,-5.020904474258423,0.018599848146550357
336,11.21121121121121,118.32749,387.3945,397.74176,0.02635787,12.0,30.0,686.0,45.0,337.0,236.0,340.0,241.0,118.54177856445312,-7.287941350936888,0.023431333402792614
337,11.244577911244578,nan,nan,nan,nan,nan,nan,686.0,45.0,340.0,236.0,343.0,242.0,118.3904914855957,-3.2110877609252926,0.025747234001755714
338,11.277944611277945,nan,nan,nan,nan,12.0,30.0,nan,nan,337.0,238.0,343.0,242.0,118.3274917602539,nan,0.026357870548963547
339,11.311311311311313,nan,nan,nan,nan,12.0,30.0,686.0,52.0,341.0,242.0,nan,nan,nan,nan,nan
340,11.344678011344678,nan,nan,nan,nan,nan,nan,nan,nan,nan,nan,372.0,181.0,nan,nan,nan
341,11.378044711378045,nan,nan,nan,nan,686.0,53.0,686.0,52.0,342.0,216.0,nan,nan,nan,nan,nan
342,11.411411411411413,nan,nan,nan,nan,nan,nan,nan,nan,342.0,216.0,367.0,227.0,nan,nan,nan
343,11.444778111444778,nan,nan,nan,nan,12.0,30.0,671.0,29.0,nan,nan,nan,nan,nan,nan,nan
344,11.478144811478145,nan,nan,nan,nan,12.0,30.0,nan,nan,342.0,244.0,412.0,209.0,nan,nan,nan
345,11.511511511511513,nan,nan,nan,nan,12.0,30.0,662.0,23.0,nan,nan,nan,nan,nan,nan,nan
346,11.544878211544878,nan,nan,nan,nan,nan,nan,nan,nan,289.0,255.0,336.0,246.0,nan,nan,nan
347,11.578244911578246,nan,nan,nan,nan,12.0,30.0,50.0,429.0,nan,nan,339.0,247.0,nan,nan,nan
348,11.611611611611613,nan,nan,nan,nan,12.0,30.0,nan,nan,339.0,247.0,nan,nan,0.7393990755081177,nan,0.008641988970339298
349,11.644978311644978,nan,nan,nan,nan,nan,nan,686.0,61.0,nan,nan,328.0,246.0,0.7393990755081177,0.6196776406466961,0.008641988970339298
350,11.678345011678346,0.7393991,430.09445,433.82745,0.008641989,670.0,45.0,676.0,48.0,268.0,274.0,327.0,246.0,0.7807522714138031,0.6196776406466961,0.017827441450208426
351,11.711711711711713,nan,nan,nan,nan,670.0,45.0,676.0,48.0,nan,nan,329.0,243.0,0.7807522714138031,6.8204766122996805,0.017827441450208426
352,11.745078411745078,0.82210547,387.03522,397.6333,0.027012894,664.0,48.0,676.0,48.0,316.0,218.0,331.0,246.0,1.2359058658281963,10.540553738772868,0.014164514684428772
353,11.778445111778446,nan,nan,nan,nan,676.0,48.0,686.0,61.0,nan,nan,336.0,246.0,1.4841592609882355,8.221368804574011,0.016925777541473508
354,11.811811811811813,2.146213,429.2974,432.2433,0.006838661,676.0,48.0,686.0,61.0,260.0,258.0,336.0,245.0,1.7845457593599956,11.712375566214321,0.013091471046209335
355,11.845178511845178,nan,nan,nan,nan,nan,nan,nan,nan,nan,nan,nan,nan,2.265765905380249,-3.436235745102169,0.006130759604275227
356,11.878545211878546,2.3853188,428.25955,430.58826,0.005422858,676.0,48.0,686.0,63.0,252.0,251.0,340.0,240.0,1.5552340646584828,-15.075229715779422,0.004438406904228032
357,11.911911911911913,nan,nan,nan,nan,nan,nan,nan,nan,nan,nan,341.0,240.0,1.259744569659233,849.474289433956,0.003238279779907316
358,11.945278611945279,0.13417038,392.49237,392.90616,0.0010537015,686.0,62.0,686.0,61.0,318.0,209.0,339.0,239.0,58.24354166785876,1272.419934682846,0.007847377681173384
359,11.978645311978646,nan,nan,nan,nan,nan,nan,nan,nan,nan,nan,342.0,238.0,86.17265312373638,418.51773516632613,0.009059637493919581
360,12.012012012012013,172.21114,387.16727,380.61594,0.017065573,12.0,30.0,686.0,394.0,337.0,234.0,342.0,239.0,86.17265312373638,9.569580085650085,0.009059637493919581
361,12.045378712045379,nan,nan,nan,nan,12.0,30.0,nan,nan,337.0,234.0,342.0,236.0,86.81126374006271,9.569580085650085,0.02168446872383356
362,12.078745412078746,nan,nan,nan,nan,12.0,30.0,27.0,29.0,nan,nan,342.0,237.0,86.81126374006271,-840.9970549964904,0.02168446872383356
363,12.112112112112113,1.4113916,397.60312,387.28058,0.026303364,12.0,30.0,26.0,28.0,332.0,270.0,349.0,238.0,30.688670814037323,-840.9970549964904,0.055879867635667324
364,12.145478812145479,nan,nan,nan,nan,12.0,30.0,nan,nan,nan,nan,nan,nan,30.688670814037323,0.0,0.055879867635667324
365,12.178845512178846,59.96595,400.81946,367.97046,0.08545637,12.0,30.0,43.0,414.0,357.0,232.0,364.0,224.0,30.688670814037323,426.6067955616116,0.055879867635667324
366,12.212212212212213,nan,nan,nan,nan,12.0,30.0,43.0,414.0,339.0,236.0,nan,nan,59.1575927734375,426.6067955616116,0.08945862576365471
367,12.245578912245579,nan,nan,nan,nan,12.0,30.0,nan,nan,nan,nan,387.0,223.0,59.1575927734375,13.333811273574828,0.08945862576365471
368,12.278945612278946,58.349236,411.19492,374.47998,0.09346088,12.0,30.0,44.0,413.0,349.0,238.0,393.0,223.0,60.04740333557129,13.333811273574828,0.08958783745765686
369,12.312312312312313,nan,nan,nan,nan,12.0,30.0,44.0,420.0,342.0,236.0,nan,nan,60.04740333557129,-279.38904866695407,0.08958783745765686
370,12.345679012345679,61.74557,396.61853,364.01956,0.085714795,12.0,30.0,44.0,420.0,342.0,237.0,367.0,223.0,41.402822176615395,-406.36005075216286,0.0912210966149966
371,12.379045712379046,nan,nan,nan,nan,12.0,30.0,nan,nan,342.0,233.0,nan,nan,32.92961549758911,-126.97100208520884,0.0901012048125267
372,12.412412412412413,4.11366,432.7176,393.67563,0.094487615,12.0,30.0,61.0,31.0,346.0,234.0,375.0,339.0,32.92961549758911,-431.8070952486991,0.0901012048125267
373,12.445779112445779,nan,nan,nan,nan,12.0,30.0,nan,nan,346.0,236.0,nan,nan,4.113659858703613,-431.8070952486991,0.09448761492967606
374,12.479145812479146,nan,nan,nan,nan,12.0,30.0,44.0,421.0,nan,nan,349.0,234.0,4.113659858703613,40.22532793521881,0.09448761492967606
375,12.512512512512513,nan,nan,nan,nan,12.0,30.0,nan,nan,342.0,230.0,347.0,233.0,6.798032760620117,40.22532793521881,0.010966738685965538
376,12.545879212545879,nan,nan,nan,nan,nan,nan,686.0,72.0,nan,nan,342.0,230.0,6.798032760620117,0.0,0.010966738685965538
377,12.579245912579246,6.7980328,393.60004,389.30707,0.010966739,668.0,29.0,686.0,72.0,313.0,239.0,351.0,229.0,6.798032760620117,0.0,0.010966738685965538
378,12.612612612612613,nan,nan,nan,nan,nan,nan,nan,nan,nan,nan,351.0,229.0,6.798032760620117,0.0,0.010966738685965538
379,12.645979312645979,nan,nan,nan,nan,70.0,454.0,72.0,454.0,353.0,229.0,nan,nan,6.798032760620117,nan,0.010966738685965538
380,12.679346012679346,nan,nan,nan,nan,nan,nan,nan,nan,353.0,229.0,370.0,220.0,nan,nan,nan
381,12.712712712712714,nan,nan,nan,nan,669.0,29.0,676.0,46.0,nan,nan,nan,nan,nan,nan,nan
382,12.746079412746079,nan,nan,nan,nan,nan,nan,nan,nan,331.0,244.0,351.0,229.0,nan,nan,nan
383,12.779446112779446,nan,nan,nan,nan,12.0,30.0,685.0,45.0,nan,nan,nan,nan,nan,nan,nan
384,12.812812812812814,nan,nan,nan,nan,nan,nan,nan,nan,331.0,244.0,348.0,229.0,nan,nan,nan
385,12.84617951284618,nan,nan,nan,nan,12.0,30.0,668.0,29.0,nan,nan,350.0,227.0,nan,nan,nan
386,12.879546212879546,nan,nan,nan,nan,12.0,30.0,nan,nan,353.0,225.0,363.0,212.0,7.009889602661133,nan,0.014521017670631409
387,12.912912912912914,nan,nan,nan,nan,nan,nan,673.0,78.0,nan,nan,nan,nan,7.009889602661133,1.5369051218032834,0.014521017670631409
388,12.946279612946281,7.0098896,396.49243,390.77646,0.014521018,668.0,29.0,686.0,74.0,310.0,254.0,354.0,225.0,7.112452507019043,1.5369051218032834,0.016576159745454788
389,12.979646312979646,nan,nan,nan,nan,nan,nan,nan,nan,nan,nan,nan,nan,7.112452507019043,1.7953829956054685,0.016576159745454788
390,13.013013013013014,7.2150154,384.5468,377.44833,0.018631302,668.0,29.0,686.0,74.0,344.0,264.0,353.0,222.0,7.232264518737793,3.4615270543098444,0.014119390398263931
391,13.046379713046381,nan,nan,nan,nan,nan,nan,nan,nan,nan,nan,nan,nan,7.343451976776123,1.666144058704376,0.013918576762080193
392,13.079746413079747,7.4718885,368.5519,365.17462,0.009205852,667.0,30.0,686.0,74.0,350.0,220.0,353.0,221.0,7.343451976776123,-51.96236519627272,0.013918576762080193
393,13.113113113113114,nan,nan,nan,nan,667.0,30.0,686.0,74.0,nan,nan,353.0,221.0,3.875826671719551,-51.96236519627272,0.005688122473657131
394,13.146479813146481,nan,nan,nan,nan,nan,nan,686.0,74.0,331.0,232.0,353.0,219.0,3.875826671719551,-46.23870234310626,0.005688122473657131
395,13.179846513179847,0.2797648,373.85156,374.66385,0.0021703932,686.0,76.0,686.0,74.0,334.0,232.0,354.0,222.0,0.7901608496904373,-46.23870234310626,0.015107044950127602
396,13.213213213213214,nan,nan,nan,nan,nan,nan,nan,nan,nan,nan,nan,nan,0.7901608496904373,1.8739826718717811,0.015107044950127602
397,13.246579913246581,1.3005569,397.4824,386.48965,0.028043697,12.0,30.0,26.0,28.0,353.0,241.0,358.0,219.0,0.9152180850505829,6.635116400644183,0.020236533135175705
398,13.279946613279947,nan,nan,nan,nan,nan,nan,nan,nan,nan,nan,nan,nan,1.2329447269439697,4.761133728772402,0.029269603081047535
399,13.313313313313314,1.1653326,391.6826,379.91742,0.03049551,12.0,30.0,26.0,28.0,363.0,217.0,371.0,174.0,1.2329447269439697,-1.0131683850288389,0.029269603081047535
400,13.346680013346681,nan,nan,nan,nan,12.0,30.0,26.0,28.0,359.0,214.0,nan,nan,1.165332555770874,-1.0131683850288389,0.03049550950527191
401,13.380046713380047,nan,nan,nan,nan,12.0,30.0,26.0,28.0,nan,nan,361.0,216.0,1.165332555770874,1877.6448436796663,0.03049550950527191
402,13.413413413413414,nan,nan,nan,nan,nan,nan,nan,nan,288.0,230.0,362.0,216.0,126.46695709228516,1877.6448436796663,0.07228230684995651
403,13.446780113446781,nan,nan,nan,nan,12.0,30.0,686.0,43.0,nan,nan,nan,nan,126.46695709228516,-19.97335000991821,0.07228230684995651
404,13.480146813480147,126.46696,391.09238,363.80936,0.07228231,12.0,30.0,686.0,43.0,355.0,218.0,367.0,195.0,125.13406753540039,-19.97335000991821,0.061471009626984596
405,13.513513513513514,nan,nan,nan,nan,12.0,30.0,686.0,43.0,nan,nan,nan,nan,125.13406753540039,-612.9243827927112,0.061471009626984596
406,13.546880213546881,123.80118,391.7429,372.38757,0.050659712,12.0,30.0,686.0,43.0,353.0,215.0,360.0,218.0,84.23153948783875,-929.3732491940259,0.04898125926653544
407,13.580246913580247,nan,nan,nan,nan,nan,nan,686.0,43.0,nan,nan,nan,nan,63.11383068561554,-316.4488664013147,0.037330735474824905
408,13.613613613613614,2.4264834,385.68024,395.04968,0.024001759,686.0,62.0,686.0,43.0,330.0,272.0,363.0,218.0,63.11383068561554,-909.3998991841077,0.037330735474824905
409,13.646980313646981,nan,nan,nan,nan,nan,nan,686.0,43.0,nan,nan,363.0,218.0,2.426483392715454,-909.3998991841077,0.02400175854563713
410,13.680347013680347,nan,nan,nan,nan,12.0,30.0,686.0,45.0,320.0,277.0,nan,nan,2.426483392715454,904.291733239889,0.02400175854563713
411,13.713713713713714,nan,nan,nan,nan,nan,nan,686.0,45.0,nan,nan,323.0,171.0,62.772945404052734,904.291733239889,0.012601391412317753
412,13.747080413747081,nan,nan,nan,nan,12.0,30.0,nan,nan,371.0,209.0,nan,nan,62.772945404052734,-463.1364325949549,0.012601391412317753
413,13.780447113780447,62.772945,402.49844,397.45816,0.012601391,12.0,30.0,49.0,445.0,371.0,215.0,371.0,209.0,31.866276562213898,-463.1364325949549,0.010980988387018442
414,13.813813813813814,nan,nan,nan,nan,nan,nan,nan,nan,nan,nan,nan,nan,31.866276562213898,-148.5698879250884,0.010980988387018442
415,13.847180513847182,0.9596077,415.08585,418.98956,0.009360585,686.0,53.0,686.0,45.0,317.0,253.0,327.0,252.0,21.951702793439228,-461.949601435326,0.013518282833198706
416,13.880547213880547,nan,nan,nan,nan,nan,nan,686.0,45.0,nan,nan,329.0,250.0,1.0388089989622433,-313.3797135102376,0.015729375804464023
417,13.913913913913914,2.1225553,406.3527,413.97885,0.018592872,686.0,62.0,686.0,45.0,310.0,226.0,329.0,249.0,1.0388089989622433,0.5934155798144649,0.015729375804464023
418,13.947280613947282,0.03426402,414.88702,422.94473,0.01923467,679.0,48.0,686.0,44.0,293.0,232.0,331.0,251.0,1.0784096382558346,0.5934155798144649,0.018913771025836468
419,13.980647313980647,nan,nan,nan,nan,679.0,48.0,686.0,44.0,nan,nan,318.0,248.0,1.0784096382558346,-15.646522080246356,0.018913771025836468
420,14.014014014014014,nan,nan,nan,nan,nan,nan,675.0,46.0,295.0,233.0,319.0,249.0,0.03426402062177658,nan,0.0192346703261137
421,14.047380714047382,nan,nan,nan,nan,12.0,30.0,667.0,30.0,nan,nan,nan,nan,nan,nan,nan
422,14.080747414080747,nan,nan,nan,nan,nan,nan,675.0,46.0,291.0,230.0,303.0,226.0,nan,nan,nan
423,14.114114114114114,nan,nan,nan,nan,664.0,32.0,675.0,46.0,nan,nan,nan,nan,nan,nan,nan
424,14.147480814147482,nan,nan,nan,nan,675.0,46.0,nan,nan,316.0,254.0,318.0,257.0,123.35616302490234,nan,0.1136847734451294
425,14.180847514180847,nan,nan,nan,nan,nan,nan,675.0,46.0,nan,nan,nan,nan,123.53870391845703,-0.12107173919677733,0.11262048408389091
426,14.214214214214214,123.35616,397.9127,355.10913,0.11368477,12.0,30.0,675.0,46.0,355.0,224.0,372.0,209.0,123.34808349609375,-0.18003561973571774,0.09619047741095225
427,14.247580914247582,123.721245,397.47107,355.47327,0.111556195,12.0,30.0,676.0,48.0,355.0,224.0,371.0,209.0,123.52668952941895,2.6764114093780513,0.10003797151148319
428,14.280947614280947,122.96684,389.87433,365.94125,0.063330464,12.0,30.0,676.0,47.0,348.0,220.0,358.0,218.0,123.52668952941895,0.8517798900603537,0.10003797151148319
429,14.314314314314315,124.06251,397.44498,355.44128,0.111580454,12.0,30.0,677.0,48.0,356.0,222.0,371.0,209.0,123.58353169759114,-0.18003561973571774,0.09548903753360112
430,14.347681014347682,nan,nan,nan,nan,12.0,30.0,677.0,48.0,nan,nan,364.0,214.0,123.51467514038086,7.177454338073801,0.08745545893907547
431,14.38104771438105,nan,nan,nan,nan,nan,nan,677.0,48.0,316.0,254.0,366.0,215.0,124.06250762939453,nan,0.11158045381307602
432,14.414414414414415,nan,nan,nan,nan,667.0,28.0,673.0,48.0,nan,nan,359.0,222.0,nan,-9.274964103698728,nan
433,14.447781114447782,nan,nan,nan,nan,nan,nan,686.0,60.0,334.0,232.0,359.0,222.0,123.44355773925781,nan,0.02562725730240345
434,14.48114781448115,nan,nan,nan,nan,12.0,30.0,nan,nan,nan,nan,nan,nan,123.44355773925781,-2.066622562408447,0.02562725730240345
435,14.514514514514515,123.44356,387.9465,378.13028,0.025627257,12.0,30.0,686.0,60.0,334.0,232.0,359.0,221.0,123.30564498901367,-2.066622562408447,0.02225939929485321
436,14.547881214547882,nan,nan,nan,nan,12.0,30.0,nan,nan,334.0,232.0,359.0,221.0,123.30564498901367,-588.8762120604514,0.02225939929485321
437,14.58124791458125,123.16773,387.1631,379.91742,0.018891541,12.0,30.0,686.0,60.0,334.0,232.0,356.0,223.0,84.00793313980103,-884.3476293718813,0.015540813406308493
438,14.614614614614615,nan,nan,nan,nan,nan,nan,686.0,60.0,nan,nan,356.0,223.0,64.29012084007263,-295.47141731142995,0.010497591458261013
439,14.647981314647982,5.4125094,379.11905,379.91742,0.0021036416,668.0,29.0,686.0,60.0,334.0,232.0,356.0,223.0,64.29012084007263,-882.281006809473,0.010497591458261013
440,14.68134801468135,nan,nan,nan,nan,676.0,47.0,686.0,60.0,nan,nan,nan,nan,5.412509441375732,-882.281006809473,0.002103641629219055
441,14.714714714714715,nan,nan,nan,nan,nan,nan,686.0,60.0,360.0,223.0,379.0,196.0,5.412509441375732,1749.2525550770758,0.002103641629219055
442,14.748081414748082,nan,nan,nan,nan,12.0,30.0,675.0,46.0,359.0,223.0,nan,nan,122.14608001708984,1749.2525550770758,0.08269837498664856
443,14.78144811478145,nan,nan,nan,nan,12.0,30.0,675.0,46.0,nan,nan,356.0,223.0,122.14608001708984,0.0,0.08269837498664856
444,14.814814814814815,122.14608,395.02216,363.6516,0.082698375,12.0,30.0,676.0,46.0,356.0,221.0,359.0,222.0,122.14608001708984,0.0,0.08269837498664856
445,14.848181514848182,nan,nan,nan,nan,12.0,30.0,677.0,46.0,nan,nan,360.0,223.0,122.14608001708984,0.0,0.08269837498664856
446,14.88154821488155,nan,nan,nan,nan,nan,nan,677.0,46.0,334.0,232.0,359.0,222.0,122.14608001708984,nan,0.08269837498664856
447,14.914914914914915,nan,nan,nan,nan,12.0,30.0,nan,nan,350.0,222.0,356.0,222.0,nan,nan,nan
448,14.948281614948282,nan,nan,nan,nan,12.0,30.0,62.0,444.0,nan,nan,356.0,223.0,nan,nan,nan
449,14.98164831498165,nan,nan,nan,nan,12.0,30.0,nan,nan,326.0,252.0,356.0,222.0,nan,nan,nan
450,15.015015015015015,nan,nan,nan,nan,12.0,30.0,44.0,409.0,nan,nan,nan,nan,nan,nan,nan
451,15.048381715048382,nan,nan,nan,nan,12.0,30.0,nan,nan,349.0,261.0,353.0,221.0,nan,nan,nan
452,15.08174841508175,nan,nan,nan,nan,nan,nan,677.0,48.0,nan,nan,353.0,221.0,nan,nan,nan
453,15.115115115115115,nan,nan,nan,nan,12.0,30.0,nan,nan,353.0,222.0,nan,nan,117.12499237060547,nan,0.006164215039461851
454,15.148481815148482,nan,nan,nan,nan,12.0,30.0,668.0,28.0,nan,nan,353.0,221.0,117.12499237060547,-44.84330303192138,0.006164215039461851
455,15.18184851518185,117.12499,385.6167,383.24698,0.006164215,12.0,30.0,668.0,28.0,333.0,236.0,351.0,223.0,114.1324462890625,-44.84330303192138,0.01064502657391131
456,15.215215215215215,nan,nan,nan,nan,12.0,30.0,nan,nan,nan,nan,nan,nan,114.1324462890625,25.53851520538337,0.01064502657391131
457,15.248581915248582,111.1399,401.88803,395.85477,0.015125838,12.0,30.0,670.0,29.0,342.0,287.0,348.0,223.0,115.8367182413737,15.886121292114256,0.01527459810798367
458,15.28194861528195,nan,nan,nan,nan,12.0,30.0,nan,nan,nan,nan,nan,nan,115.19258117675781,11.56217960357666,0.019829789642244577
459,15.315315315315315,119.24526,385.43805,376.0964,0.024533741,12.0,30.0,669.0,28.0,345.0,221.0,348.0,222.0,116.60830179850261,62.18657243728637,0.016882168129086494
460,15.348682015348682,nan,nan,nan,nan,nan,nan,nan,nan,347.0,220.0,nan,nan,119.34250259399414,40.9719989204406,0.017760333139449358
461,15.38204871538205,119.43974,381.90475,377.73172,0.010986925,12.0,30.0,668.0,28.0,342.0,219.0,344.0,222.0,119.34250259399414,-892.4845563502236,0.017760333139449358
462,15.415415415415415,nan,nan,nan,nan,12.0,30.0,668.0,28.0,nan,nan,345.0,219.0,59.78397364169359,-892.4845563502236,0.006063455308321863
463,15.448782115448783,nan,nan,nan,nan,nan,nan,nan,nan,319.0,242.0,342.0,221.0,59.78397364169359,-893.9079899873211,0.006063455308321863
464,15.48214881548215,0.12820424,402.07245,402.53107,0.0011399855,686.0,46.0,686.0,45.0,315.0,241.0,342.0,219.0,0.13045412302017212,-893.8967518286033,0.0011376640177331865
465,15.515515515515515,nan,nan,nan,nan,686.0,46.0,686.0,45.0,nan,nan,339.0,218.0,0.13120408356189728,0.011238158717751502,0.0011368901856864493
466,15.548882215548883,0.132704,387.3035,387.74347,0.0011353425,686.0,46.0,686.0,45.0,337.0,214.0,339.0,218.0,0.13120408356189728,0.022476317435503004,0.0011368901856864493
467,15.58224891558225,0.132704,387.3035,387.74347,0.0011353425,686.0,46.0,686.0,45.0,337.0,214.0,339.0,218.0,0.1327040046453476,0.022476317435503004,0.0011353425215929747
468,15.615615615615615,nan,nan,nan,nan,686.0,46.0,686.0,45.0,339.0,218.0,nan,nan,0.1327040046453476,0.0,0.0011353425215929747
469,15.648982315648983,nan,nan,nan,nan,nan,nan,nan,nan,nan,nan,387.0,213.0,0.1327040046453476,0.06521610975265502,0.0011353425215929747
470,15.68234901568235,nan,nan,nan,nan,12.0,30.0,686.0,45.0,336.0,269.0,nan,nan,0.13705609738826752,0.06521610975265502,0.0011191824451088905
471,15.715715715715715,nan,nan,nan,nan,nan,nan,686.0,45.0,nan,nan,344.0,208.0,0.13705609738826752,0.041931245103478426,0.0011191824451088905
472,15.749082415749083,0.1370561,378.48248,378.9063,0.0011191824,686.0,46.0,686.0,45.0,342.0,204.0,344.0,208.0,0.1398543119430542,0.041931245103478426,0.0011242133332416415
473,15.78244911578245,nan,nan,nan,nan,nan,nan,nan,nan,351.0,203.0,nan,nan,0.1398543119430542,636.4937977069615,0.0011242133332416415
474,15.815815815815817,0.14265253,370.27356,370.69193,0.0011292442,686.0,46.0,686.0,45.0,348.0,198.0,351.0,203.0,42.6152495543162,954.7616621829941,0.005037247125680248
475,15.849182515849183,nan,nan,nan,nan,nan,nan,nan,nan,348.0,198.0,354.0,203.0,63.85434628278017,318.26786447603257,0.006996279465965927
476,15.88254921588255,127.56604,378.1511,373.3179,0.012863315,12.0,30.0,686.0,45.0,346.0,203.0,350.0,204.0,63.85434628278017,954.7197309378906,0.006996279465965927
477,15.915915915915917,nan,nan,nan,nan,12.0,30.0,nan,nan,nan,nan,nan,nan,127.5660400390625,966.3276411322876,0.01286331471055746
478,15.949282615949283,nan,nan,nan,nan,nan,nan,686.0,388.0,312.0,214.0,356.0,203.0,128.3406753540039,23.215820388793944,0.05443111015483737
479,15.98264931598265,nan,nan,nan,nan,12.0,30.0,nan,nan,nan,nan,nan,nan,129.1153106689453,-946.7933057990668,0.09599890559911728
480,16.016016016016017,129.11531,385.32907,350.03214,0.095998906,12.0,30.0,676.0,47.0,356.0,202.0,363.0,191.0,65.15793889760971,-958.4012159934639,0.06334164645522833
481,16.049382716049383,nan,nan,nan,nan,12.0,30.0,nan,nan,nan,nan,357.0,203.0,65.15793889760971,303.7238588020205,0.06334164645522833
482,16.08274941608275,1.2005671,386.44696,374.76825,0.030684387,12.0,30.0,26.0,28.0,357.0,203.0,364.0,191.0,85.426464676857,277.86202831953756,0.07577905245125294
483,16.116116116116117,nan,nan,nan,nan,nan,nan,nan,nan,nan,nan,357.0,203.0,83.70061679681142,-25.86183048248298,0.0676014640678962
484,16.149482816149483,125.96352,385.99612,349.00574,0.100653864,12.0,30.0,667.0,31.0,357.0,203.0,363.0,191.0,83.70061679681142,618.1316221565008,0.0676014640678962
485,16.18284951618285,123.93777,383.0408,356.61078,0.07146614,12.0,30.0,665.0,28.0,353.0,201.0,355.0,204.0,124.95064163208008,615.4002292388678,0.08606000244617462
486,16.216216216216218,nan,nan,nan,nan,12.0,30.0,nan,nan,353.0,201.0,355.0,204.0,124.76836649576823,-18.591866970062323,0.09351089348395665
487,16.249582916249583,nan,nan,nan,nan,nan,nan,676.0,47.0,nan,nan,355.0,206.0,123.70994313557942,-20.386621170044013,0.08496621002753575
488,16.28294961628295,124.40382,391.32626,351.08298,0.108412676,12.0,30.0,669.0,29.0,355.0,205.0,372.0,199.0,123.40789794921875,-6.870039968490529,0.08189106235901515
489,16.316316316316318,122.788246,387.53903,359.51703,0.075019814,12.0,30.0,668.0,28.0,353.0,206.0,360.0,209.0,123.2514820098877,-2.343892850875854,0.08076038397848606
490,16.349683016349683,123.03163,385.3184,362.05972,0.062240697,12.0,30.0,669.0,29.0,353.0,206.0,355.0,209.0,123.2514820098877,-5.755909395217895,0.08076038397848606
491,16.38304971638305,122.782234,387.98358,359.0839,0.07736835,12.0,30.0,668.0,28.0,353.0,206.0,361.0,209.0,122.86737060546875,-5.163069448471068,0.0715429534514745
492,16.416416416416418,nan,nan,nan,nan,12.0,30.0,668.0,28.0,nan,nan,361.0,208.0,122.90693283081055,-1.275769157409668,0.06980452314019203
493,16.449783116449783,nan,nan,nan,nan,nan,nan,nan,nan,314.0,225.0,361.0,210.0,122.78223419189453,nan,0.0773683488368988
494,16.48314981648315,nan,nan,nan,nan,12.0,30.0,63.0,30.0,nan,nan,361.0,210.0,nan,nan,nan
495,16.516516516516518,nan,nan,nan,nan,nan,nan,nan,nan,304.0,216.0,356.0,207.0,nan,nan,nan
496,16.549883216549883,nan,nan,nan,nan,12.0,30.0,686.0,68.0,nan,nan,375.0,203.0,nan,nan,nan
497,16.583249916583252,nan,nan,nan,nan,12.0,30.0,nan,nan,359.0,209.0,365.0,213.0,3.3757402896881104,nan,0.0017244337359443307
498,16.616616616616618,nan,nan,nan,nan,nan,nan,686.0,68.0,nan,nan,nan,nan,3.3757402896881104,0.0,0.0017244337359443307
499,16.649983316649983,3.3757403,403.66602,402.97052,0.0017244337,677.0,46.0,686.0,68.0,301.0,218.0,325.0,223.0,3.3757402896881104,0.0,0.0017244337359443307
500,16.683350016683352,nan,nan,nan,nan,nan,nan,686.0,68.0,nan,nan,nan,nan,3.3757402896881104,402.5320912617444,0.0017244337359443307
501,16.716716716716718,nan,nan,nan,nan,671.0,374.0,nan,nan,339.0,187.0,367.0,208.0,30.238075375556946,805.0641825234889,0.0650304391165264
502,16.750083416750083,nan,nan,nan,nan,nan,nan,49.0,401.0,nan,nan,372.0,210.0,57.10041046142578,402.5320912617444,0.12833644449710846
503,16.783450116783452,57.10041,412.2311,362.5169,0.12833644,12.0,30.0,49.0,401.0,369.0,253.0,372.0,214.0,57.10041046142578,0.0,0.12833644449710846
504,16.816816816816818,nan,nan,nan,nan,12.0,30.0,nan,nan,nan,nan,372.0,213.0,57.10041046142578,0.0,0.12833644449710846
505,16.850183516850183,nan,nan,nan,nan,12.0,30.0,61.0,31.0,371.0,218.0,nan,nan,57.10041046142578,nan,0.12833644449710846
506,16.883550216883553,nan,nan,nan,nan,12.0,30.0,nan,nan,369.0,215.0,371.0,218.0,nan,-840.2004816949367,nan
507,16.916916916916918,nan,nan,nan,nan,12.0,30.0,676.0,47.0,nan,nan,373.0,220.0,1.030975580215454,nan,0.008686474524438381
508,16.950283616950284,nan,nan,nan,nan,nan,nan,686.0,51.0,321.0,227.0,nan,nan,0.5795899108052254,-6.764014256112277,0.00489099562400952
509,16.983650316983653,1.0309756,398.57275,402.05005,0.0086864745,686.0,59.0,686.0,51.0,319.0,226.0,332.0,232.0,0.5795899108052254,0.0,0.00489099562400952
510,17.017017017017018,0.12820424,401.1686,401.60834,0.0010955167,686.0,53.0,686.0,52.0,319.0,226.0,332.0,232.0,0.5795899108052254,0.0,0.00489099562400952
511,17.050383717050384,nan,nan,nan,nan,nan,nan,686.0,60.0,323.0,227.0,nan,nan,0.5795899108052254,498.8115051144361,0.00489099562400952
512,17.083750417083753,nan,nan,nan,nan,12.0,30.0,nan,nan,320.0,229.0,323.0,227.0,33.866977639496326,988.4424251998587,0.018749323731753975
513,17.117117117117118,nan,nan,nan,nan,12.0,30.0,50.0,452.0,nan,nan,nan,nan,66.54171371459961,489.63092008542264,0.038643885403871536
514,17.150483817150484,67.60575,385.93588,372.13776,0.03640313,12.0,30.0,52.0,450.0,318.0,231.0,375.0,214.0,66.54171371459961,0.0,0.038643885403871536
515,17.183850517183853,65.47768,399.4562,383.45175,0.04088464,12.0,30.0,49.0,452.0,337.0,235.0,382.0,219.0,66.54171371459961,-322.14258397936817,0.038643885403871536
516,17.217217217217218,nan,nan,nan,nan,12.0,30.0,nan,nan,336.0,234.0,382.0,219.0,45.04404377937317,-491.1861756116151,0.03194559241334597
517,17.250583917250584,nan,nan,nan,nan,nan,nan,675.0,44.0,328.0,233.0,380.0,217.0,33.763190150260925,-644.2851679587363,0.029716823250055313
518,17.283950617283953,2.048704,368.9529,375.8607,0.018549006,686.0,62.0,686.0,47.0,328.0,233.0,383.0,219.0,2.048703908920288,-475.2415763264894,0.018549006432294846
519,17.31731731731732,nan,nan,nan,nan,nan,nan,676.0,45.0,330.0,230.0,383.0,219.0,2.048703908920288,0.0,0.018549006432294846
520,17.350684017350684,nan,nan,nan,nan,657.0,391.0,nan,nan,330.0,230.0,383.0,220.0,2.048703908920288,nan,0.018549006432294846
521,17.384050717384053,nan,nan,nan,nan,nan,nan,676.0,45.0,nan,nan,nan,nan,nan,nan,nan
522,17.41741741741742,nan,nan,nan,nan,662.0,386.0,nan,nan,331.0,231.0,383.0,220.0,nan,nan,nan
523,17.450784117450784,nan,nan,nan,nan,nan,nan,58.0,414.0,323.0,230.0,386.0,223.0,nan,nan,nan
524,17.484150817484153,nan,nan,nan,nan,662.0,382.0,nan,nan,324.0,227.0,nan,nan,nan,nan,nan
525,17.51751751751752,nan,nan,nan,nan,nan,nan,50.0,452.0,318.0,229.0,318.0,234.0,nan,nan,nan
526,17.550884217550884,nan,nan,nan,nan,70.0,454.0,nan,nan,318.0,229.0,326.0,228.0,nan,nan,nan
527,17.584250917584253,nan,nan,nan,nan,nan,nan,676.0,46.0,321.0,233.0,nan,nan,nan,nan,nan
528,17.61761761761762,nan,nan,nan,nan,12.0,30.0,nan,nan,319.0,235.0,383.0,223.0,nan,nan,nan
529,17.650984317650984,nan,nan,nan,nan,12.0,30.0,70.0,454.0,nan,nan,377.0,224.0,nan,nan,nan
530,17.684351017684353,nan,nan,nan,nan,nan,nan,nan,nan,353.0,240.0,377.0,224.0,nan,nan,nan
531,17.71771771771772,nan,nan,nan,nan,12.0,30.0,677.0,48.0,349.0,255.0,nan,nan,nan,nan,nan
532,17.751084417751084,nan,nan,nan,nan,nan,nan,nan,nan,nan,nan,347.0,238.0,nan,nan,nan
533,17.784451117784453,nan,nan,nan,nan,12.0,30.0,70.0,454.0,369.0,253.0,nan,nan,nan,nan,nan
534,17.81781781781782,nan,nan,nan,nan,12.0,30.0,70.0,454.0,nan,nan,398.0,207.0,nan,nan,nan
535,17.851184517851184,nan,nan,nan,nan,12.0,30.0,70.0,454.0,375.0,221.0,nan,nan,64.53213500976562,nan,0.12421992421150208
536,17.884551217884553,nan,nan,nan,nan,12.0,30.0,nan,nan,nan,nan,376.0,222.0,64.53213500976562,-466.97573988139624,0.12421992421150208
537,17.91791791791792,64.532135,382.87106,338.09207,0.124219924,12.0,30.0,58.0,414.0,308.0,236.0,372.0,219.0,33.369256138801575,-466.97573988139624,0.06969608599320054
538,17.951284617951284,nan,nan,nan,nan,nan,nan,nan,nan,306.0,255.0,nan,nan,33.369256138801575,0.0,0.06969608599320054
539,17.984651317984653,2.2063773,420.25974,413.93146,0.015172248,669.0,29.0,672.0,46.0,302.0,236.0,328.0,275.0,33.369256138801575,-466.97573988139624,0.06969608599320054
540,18.01801801801802,nan,nan,nan,nan,664.0,30.0,672.0,46.0,285.0,232.0,nan,nan,2.2063772678375244,-466.97573988139624,0.015172247774899006
541,18.051384718051384,nan,nan,nan,nan,nan,nan,669.0,29.0,nan,nan,357.0,214.0,2.2063772678375244,11.323072922229766,0.015172247774899006
542,18.084751418084753,nan,nan,nan,nan,668.0,29.0,nan,nan,350.0,213.0,353.0,214.0,2.9620044231414795,11.323072922229766,0.0012812792556360364
543,18.11811811811812,nan,nan,nan,nan,668.0,28.0,679.0,48.0,nan,nan,nan,nan,2.9620044231414795,0.677468335032463,0.0012812792556360364
544,18.151484818151484,2.9620044,424.33243,424.87646,0.0012812793,668.0,29.0,679.0,48.0,294.0,245.0,308.0,239.0,3.0072141885757446,0.677468335032463,0.00146160478470847
545,18.184851518184853,nan,nan,nan,nan,668.0,29.0,679.0,48.0,nan,nan,nan,nan,3.0072141885757446,-0.616894356608393,0.00146160478470847
546,18.21821821821822,3.052424,402.54813,403.20963,0.0016419303,669.0,29.0,679.0,48.0,293.0,225.0,331.0,205.0,2.9660467306772866,-0.5866073673963546,0.001570307882502675
547,18.251584918251584,nan,nan,nan,nan,669.0,29.0,679.0,48.0,291.0,235.0,nan,nan,2.9680678844451904,-10.369502274692055,0.0017148221959359944
548,18.284951618284953,2.8837118,425.99442,426.75665,0.0017877141,669.0,29.0,679.0,48.0,283.0,220.0,297.0,227.0,2.2740545868873596,-16.231721747070548,0.006381963884147505
549,18.31831831831832,nan,nan,nan,nan,668.0,28.0,679.0,48.0,nan,nan,nan,nan,1.8848699033260345,-2.007713463306429,0.008751980669330806
550,18.351685018351684,0.886028,384.42294,390.51248,0.015716247,671.0,45.0,679.0,48.0,315.0,210.0,327.0,198.0,2.140073041121165,-1.7474944925308225,0.007293709670193493
551,18.385051718385053,nan,nan,nan,nan,nan,nan,678.0,46.0,nan,nan,nan,nan,1.768253654241562,-5.571713512390849,0.010046707466244698
552,18.41841841841842,2.6504793,388.86148,387.1631,0.0043771677,669.0,29.0,675.0,46.0,317.0,203.0,323.0,198.0,1.768253654241562,13.22015155211091,0.010046707466244698
553,18.451785118451784,nan,nan,nan,nan,nan,nan,nan,nan,317.0,196.0,336.0,194.0,2.650479316711426,13.46214319065213,0.004377167671918869
554,18.485151818485154,nan,nan,nan,nan,660.0,394.0,670.0,385.0,330.0,193.0,nan,nan,2.6666282415390015,1.1878074377775192,0.0036862612469121814
555,18.51851851851852,nan,nan,nan,nan,nan,nan,nan,nan,nan,nan,335.0,214.0,2.7297457456588745,0.9458157992362974,0.002088347391691059
556,18.551885218551885,2.6827772,392.46976,391.29593,0.0029953548,669.0,28.0,676.0,45.0,319.0,214.0,322.0,203.0,2.7297457456588745,0.0,0.002088347391691059
557,18.585251918585254,2.7767143,387.8534,387.39548,0.00118134,668.0,28.0,676.0,45.0,322.0,210.0,329.0,210.0,2.7297457456588745,-0.6944065171480178,0.002088347391691059
558,18.61861861861862,nan,nan,nan,nan,664.0,30.0,676.0,45.0,329.0,210.0,nan,nan,2.683405637741089,-0.6896976953744888,0.004859961530504127
559,18.651985318651985,nan,nan,nan,nan,nan,nan,676.0,45.0,nan,nan,338.0,216.0,2.6837198734283447,5.662631494402885,0.005792264884803444
560,18.685352018685354,2.5907254,411.89563,416.20306,0.01040319,664.0,30.0,676.0,45.0,258.0,218.0,336.0,216.0,3.061292290687561,5.657922672629356,0.0059728388441726565
561,18.71871871871872,nan,nan,nan,nan,676.0,45.0,nan,nan,nan,nan,334.0,225.0,3.061292290687561,0.020276872515678404,0.0059728388441726565
562,18.752085418752085,3.5318592,392.27573,391.6711,0.0015424879,676.0,45.0,686.0,67.0,326.0,226.0,331.0,228.0,3.062645435333252,3.5561375731229776,0.004445630901803573
563,18.785452118785454,nan,nan,nan,nan,665.0,29.0,nan,nan,nan,nan,nan,nan,3.298605442047119,3.531946209669115,0.0014668514486402273
564,18.81881881881882,3.0653517,384.5322,385.06754,0.001391215,676.0,45.0,686.0,63.0,339.0,232.0,341.0,232.0,3.2983442147572837,-1.7535252141952513,0.0029487768188118935
565,18.852185518852185,nan,nan,nan,nan,nan,nan,686.0,65.0,nan,nan,nan,nan,3.181586742401123,567.4889329183101,0.003651921288110316
566,18.885552218885554,3.2978218,378.37183,380.61563,0.0059126276,675.0,46.0,686.0,65.0,297.0,216.0,372.0,206.0,41.16881020863851,854.728706333041,0.04897751697959999
567,18.91891891891892,nan,nan,nan,nan,nan,nan,nan,nan,nan,nan,358.0,213.0,60.22053945064545,285.49016269147387,0.07277066796086729
568,18.952285618952285,117.14326,410.85764,357.23383,0.13962871,12.0,30.0,668.0,28.0,372.0,229.0,372.0,227.0,60.22053945064545,852.9869245916603,0.07277066796086729
569,18.985652318985654,nan,nan,nan,nan,12.0,30.0,nan,nan,nan,nan,370.0,242.0,117.14325714111328,852.9869245916603,0.13962870836257935
570,19.01901901901902,nan,nan,nan,nan,12.0,30.0,686.0,45.0,342.0,214.0,nan,nan,117.14325714111328,nan,0.13962870836257935
571,19.052385719052385,nan,nan,nan,nan,nan,nan,686.0,44.0,nan,nan,318.0,230.0,nan,nan,nan
572,19.085752419085754,nan,nan,nan,nan,12.0,30.0,686.0,44.0,344.0,214.0,nan,nan,nan,nan,nan
573,19.11911911911912,nan,nan,nan,nan,12.0,30.0,686.0,45.0,nan,nan,350.0,270.0,nan,nan,nan
574,19.152485819152485,nan,nan,nan,nan,12.0,30.0,nan,nan,355.0,256.0,361.0,259.0,3.2316179275512695,nan,0.004181768279522657
575,19.185852519185854,nan,nan,nan,nan,nan,nan,676.0,45.0,nan,nan,nan,nan,3.2316179275512695,411.1442708373069,0.004181768279522657
576,19.21921921921922,3.231618,381.75647,383.35623,0.0041817683,664.0,28.0,676.0,46.0,315.0,231.0,359.0,219.0,30.668673038482666,411.1442708373069,0.056495403638109565
577,19.252585919252585,nan,nan,nan,nan,nan,nan,nan,nan,nan,nan,nan,nan,30.668673038482666,141.55085763216013,0.056495403638109565
578,19.285952619285954,58.10573,402.84146,361.27032,0.10880904,12.0,30.0,49.0,401.0,357.0,221.0,372.0,229.0,40.11484305063883,417.8984218668937,0.0678569635686775
579,19.31931931931932,nan,nan,nan,nan,12.0,30.0,nan,nan,nan,nan,369.0,212.0,58.55645561218262,276.34756423473357,0.09969456121325493
580,19.352686019352685,59.007183,394.4176,360.23917,0.09058008,12.0,30.0,49.0,401.0,349.0,223.0,369.0,212.0,58.55645561218262,6.754151029586791,0.09969456121325493
581,19.386052719386054,nan,nan,nan,nan,12.0,30.0,43.0,401.0,nan,nan,nan,nan,59.00718307495117,-426.08528908431526,0.09058008342981339
582,19.41941941941942,nan,nan,nan,nan,12.0,30.0,nan,nan,350.0,214.0,353.0,213.0,30.12233555316925,-865.678880227804,0.059289767406880856
583,19.452786119452785,nan,nan,nan,nan,12.0,30.0,26.0,28.0,nan,nan,nan,nan,1.237488031387329,361.4763976192474,0.027999451383948326
584,19.486152819486154,1.237488,405.51324,394.31586,0.027999451,12.0,30.0,26.0,28.0,359.0,220.0,375.0,232.0,54.244884610176086,794.3158377331495,0.05283516179770231
585,19.51951951951952,nan,nan,nan,nan,12.0,30.0,nan,nan,nan,nan,nan,nan,54.244884610176086,0.0,0.05283516179770231
586,19.552886219552885,107.25228,423.01804,391.39014,0.07767087,12.0,30.0,668.0,29.0,353.0,267.0,367.0,274.0,54.244884610176086,10.523101980686187,0.05283516179770231
587,19.586252919586254,nan,nan,nan,nan,12.0,30.0,nan,nan,nan,nan,nan,nan,54.94712698459625,10.523101980686187,0.03898654463409912
588,19.61961961961962,nan,nan,nan,nan,nan,nan,677.0,46.0,328.0,243.0,361.0,219.0,54.94712698459625,-783.7927357524633,0.03898654463409912
589,19.65298631965299,2.6419728,379.32077,379.43542,0.00030221706,667.0,30.0,676.0,45.0,326.0,242.0,364.0,219.0,2.641972780227661,-783.7927357524633,0.000302217056741938
590,19.686353019686354,nan,nan,nan,nan,nan,nan,nan,nan,nan,nan,380.0,229.0,2.641972780227661,0.0,0.000302217056741938
591,19.71971971971972,nan,nan,nan,nan,12.0,30.0,50.0,432.0,354.0,218.0,nan,nan,2.641972780227661,1688.2334024512766,0.000302217056741938
592,19.75308641975309,nan,nan,nan,nan,12.0,30.0,53.0,439.0,nan,nan,354.0,218.0,115.30352783203125,1688.2334024512766,0.07631859928369522
593,19.786453119786454,nan,nan,nan,nan,nan,nan,nan,nan,316.0,266.0,nan,nan,115.30352783203125,-19.322489376068113,0.07631859928369522
594,19.81981981981982,115.30353,372.75864,402.3357,0.0763186,12.0,30.0,667.0,30.0,321.0,247.0,323.0,227.0,114.01407241821289,-19.322489376068113,0.0768524743616581
595,19.85318651985319,nan,nan,nan,nan,12.0,30.0,667.0,30.0,323.0,250.0,nan,nan,114.01407241821289,0.0,0.0768524743616581
596,19.886553219886554,112.72462,383.31253,414.16965,0.07738635,12.0,30.0,676.0,45.0,318.0,265.0,323.0,250.0,114.01407241821289,-19.322489376068113,0.0768524743616581
597,19.91991991991992,nan,nan,nan,nan,12.0,30.0,668.0,29.0,nan,nan,331.0,251.0,112.72461700439453,-19.322489376068113,0.07738634943962097
598,19.95328661995329,nan,nan,nan,nan,nan,nan,nan,nan,339.0,194.0,nan,nan,112.72461700439453,nan,0.07738634943962097
599,19.986653319986655,nan,nan,nan,nan,667.0,30.0,677.0,46.0,nan,nan,341.0,223.0,nan,nan,nan
600,20.02002002002002,nan,nan,nan,nan,nan,nan,nan,nan,336.0,189.0,340.0,227.0,nan,nan,nan
601,20.05338672005339,nan,nan,nan,nan,12.0,30.0,672.0,44.0,nan,nan,nan,nan,nan,nan,nan
602,20.086753420086755,nan,nan,nan,nan,nan,nan,672.0,44.0,340.0,193.0,345.0,199.0,65.95272064208984,nan,0.018328644335269928
603,20.12012012012012,nan,nan,nan,nan,12.0,30.0,nan,nan,nan,nan,nan,nan,65.95272064208984,-442.1500222742557,0.018328644335269928
604,20.15348682015349,65.95272,383.7281,390.82635,0.018328644,12.0,30.0,49.0,450.0,353.0,205.0,354.0,205.0,36.44654631614685,-442.1500222742557,0.012916986597701907
605,20.186853520186855,nan,nan,nan,nan,nan,nan,nan,nan,nan,nan,nan,nan,36.44654631614685,-158.34554215550423,0.012916986597701907
606,20.22022022022022,6.940372,389.04532,386.13632,0.007505329,667.0,31.0,686.0,74.0,332.0,229.0,334.0,232.0,25.879609902699787,-458.59332437038415,0.011058552035441002
607,20.25358692025359,nan,nan,nan,nan,667.0,30.0,nan,nan,334.0,230.0,nan,nan,5.843054533004761,-312.0572511792182,0.007423505885526538
608,20.286953620286955,4.745737,374.47162,371.73242,0.007341683,675.0,45.0,686.0,74.0,344.0,222.0,346.0,222.0,5.054968516031901,-25.935854494571682,0.005884592964624365
609,20.32032032032032,nan,nan,nan,nan,nan,nan,nan,nan,nan,nan,344.0,213.0,4.112266778945923,-14.126385530233385,0.005074225016869605
610,20.35368702035369,3.4787965,368.46472,367.43198,0.0028067671,654.0,403.0,664.0,383.0,334.0,228.0,342.0,199.0,4.112266778945923,-9.492552398443221,0.005074225016869605
611,20.387053720387055,nan,nan,nan,nan,nan,nan,nan,nan,332.0,225.0,nan,nan,3.4787964820861816,-18.473122251033782,0.0028067671228200197
612,20.42042042042042,nan,nan,nan,nan,658.0,402.0,670.0,382.0,nan,nan,342.0,200.0,2.8794925212860107,-18.584772773981094,0.006405776483006775
613,20.45378712045379,nan,nan,nan,nan,nan,nan,nan,nan,338.0,227.0,342.0,220.0,2.2385714054107666,-9.604202921390533,0.008834961568936706
614,20.487153820487155,2.2801886,378.79413,382.60294,0.010004786,676.0,48.0,686.0,60.0,331.0,225.0,345.0,213.0,2.2385714054107666,0.0,0.008834961568936706
615,20.52052052052052,2.1969543,382.1446,385.08505,0.0076651373,677.0,48.0,686.0,60.0,331.0,225.0,340.0,214.0,2.2385714054107666,-0.8761135661602041,0.008834961568936706
616,20.55388722055389,nan,nan,nan,nan,nan,nan,686.0,60.0,340.0,232.0,nan,nan,2.180105368296305,-1.625986883640289,0.008234989984581867
617,20.587253920587255,nan,nan,nan,nan,676.0,47.0,686.0,60.0,nan,nan,333.0,223.0,2.130063772201538,-0.5891285043954826,0.007350092055276036
618,20.62062062062062,2.0631733,407.41656,410.29288,0.007035047,677.0,48.0,686.0,60.0,296.0,240.0,331.0,224.0,2.140790820121765,0.16074481308460234,0.007944728247821331
619,20.65398732065399,nan,nan,nan,nan,nan,nan,676.0,47.0,nan,nan,nan,nan,2.140790820121765,17.17174455821514,0.007944728247821331
620,20.687354020687355,2.2184083,376.00598,379.3501,0.00885441,677.0,48.0,686.0,60.0,331.0,217.0,342.0,198.0,3.286719719568888,26.33916615128517,0.009479119752844175
621,20.72072072072072,nan,nan,nan,nan,nan,nan,686.0,60.0,331.0,208.0,340.0,205.0,3.898492932319641,9.167421593070031,0.010701156221330166
622,20.75408742075409,5.5785775,373.5907,378.30807,0.012547903,666.0,29.0,686.0,60.0,333.0,209.0,341.0,203.0,3.898492932319641,467.2116561394929,0.010701156221330166
623,20.787454120787455,nan,nan,nan,nan,nan,nan,686.0,60.0,326.0,206.0,331.0,208.0,35.077115297317505,467.2116561394929,0.00820215791463852
624,20.82082082082082,nan,nan,nan,nan,12.0,30.0,nan,nan,339.0,207.0,nan,nan,35.077115297317505,442.03558861613266,0.00820215791463852
625,20.85418752085419,64.57565,367.91644,366.50034,0.003856413,12.0,30.0,44.0,421.0,330.0,211.0,345.0,192.0,64.57565307617188,442.03558861613266,0.0038564130663871765
626,20.887554220887555,nan,nan,nan,nan,12.0,30.0,43.0,421.0,330.0,211.0,nan,nan,64.57565307617188,0.0,0.0038564130663871765
627,20.92092092092092,nan,nan,nan,nan,12.0,30.0,nan,nan,321.0,210.0,329.0,211.0,64.57565307617188,839.9381060028076,0.0038564130663871765
628,20.95428762095429,nan,nan,nan,nan,12.0,30.0,686.0,61.0,329.0,211.0,nan,nan,120.62757873535156,839.9381060028076,0.05970428138971329
629,20.987654320987655,nan,nan,nan,nan,12.0,30.0,nan,nan,333.0,211.0,378.0,265.0,120.62757873535156,-865.6819991970061,0.05970428138971329
630,21.02102102102102,120.62758,399.8578,376.67657,0.05970428,12.0,30.0,686.0,61.0,329.0,211.0,378.0,265.0,62.857675552368164,-865.6819991970061,0.03053295990685001
631,21.05438772105439,nan,nan,nan,nan,nan,nan,686.0,63.0,nan,nan,nan,nan,62.857675552368164,0.0,0.03053295990685001
632,21.087754421087755,5.0877724,424.7617,425.34045,0.0013616384,666.0,29.0,686.0,61.0,304.0,277.0,321.0,252.0,62.857675552368164,-865.6819991970061,0.03053295990685001
633,21.12112112112112,nan,nan,nan,nan,nan,nan,686.0,61.0,nan,nan,nan,nan,5.087772369384766,-865.6819991970061,0.001361638423986733
634,21.15448782115449,nan,nan,nan,nan,12.0,30.0,nan,nan,321.0,207.0,330.0,211.0,5.087772369384766,nan,0.001361638423986733
635,21.187854521187855,nan,nan,nan,nan,12.0,30.0,668.0,29.0,324.0,211.0,nan,nan,nan,nan,nan
636,21.22122122122122,nan,nan,nan,nan,nan,nan,676.0,45.0,324.0,211.0,364.0,285.0,nan,nan,nan
637,21.25458792125459,nan,nan,nan,nan,12.0,30.0,668.0,29.0,330.0,211.0,nan,nan,122.51820373535156,nan,0.08336088806390762
638,21.287954621287955,nan,nan,nan,nan,nan,nan,676.0,46.0,321.0,208.0,330.0,211.0,123.01983261108398,7.5169087028503405,0.07135223038494587
639,21.32132132132132,122.5182,358.40097,389.57703,0.08336089,12.0,30.0,668.0,29.0,321.0,208.0,324.0,210.0,123.01983261108398,10.299920024871755,0.07135223038494587
640,21.35468802135469,123.52146,361.22153,383.3132,0.059343573,12.0,30.0,668.0,28.0,324.0,210.0,332.0,200.0,123.70718129475911,10.299920024871755,0.08097507432103157
641,21.388054721388055,nan,nan,nan,nan,nan,nan,676.0,45.0,nan,nan,320.0,209.0,123.70718129475911,-607.3594745340943,0.08097507432103157
642,21.42142142142142,125.08188,355.37305,392.86768,0.10022076,12.0,30.0,676.0,45.0,318.0,208.0,320.0,210.0,83.17601849635442,-909.6477061401306,0.061452181388934456
643,21.45478812145479,nan,nan,nan,nan,12.0,30.0,nan,nan,nan,nan,nan,nan,63.00329700112343,-302.28823160603633,0.06250648573040962
644,21.488154821488155,0.92471534,483.98398,472.13187,0.02479221,12.0,30.0,26.0,28.0,450.0,229.0,455.0,232.0,63.00329700112343,-930.2475461898742,0.06250648573040962
645,21.52152152152152,nan,nan,nan,nan,12.0,30.0,26.0,28.0,nan,nan,nan,nan,0.9247153401374817,-930.2475461898742,0.024792209267616272
646,21.55488822155489,nan,nan,nan,nan,11.0,29.0,nan,nan,324.0,190.0,448.0,229.0,0.9247153401374817,nan,0.024792209267616272
647,21.588254921588256,nan,nan,nan,nan,12.0,30.0,686.0,46.0,nan,nan,nan,nan,nan,nan,nan
648,21.62162162162162,nan,nan,nan,nan,12.0,30.0,nan,nan,274.0,223.0,321.0,163.0,nan,nan,nan
649,21.65498832165499,nan,nan,nan,nan,12.0,30.0,26.0,28.0,nan,nan,nan,nan,0.8142129778862,nan,0.005902979057282209
650,21.688355021688356,nan,nan,nan,nan,nan,nan,nan,nan,323.0,210.0,329.0,200.0,0.8142129778862,950.063398080021,0.005902979057282209
651,21.72172172172172,0.814213,388.66727,390.96835,0.005902979,686.0,59.0,686.0,53.0,319.0,208.0,333.0,203.0,64.21517381072044,950.063398080021,0.054022414376959205
652,21.75508842175509,nan,nan,nan,nan,nan,nan,677.0,46.0,321.0,206.0,333.0,203.0,64.21517381072044,-26.138110388070377,0.054022414376959205
653,21.788455121788456,127.616135,356.4772,394.84808,0.10214185,12.0,30.0,686.0,53.0,315.0,210.0,329.0,202.0,62.4708888332049,435.824533457905,0.044738884239147104
654,21.82182182182182,nan,nan,nan,nan,12.0,30.0,nan,nan,nan,nan,nan,nan,93.29922676086426,12.248605596721172,0.06415683683007956
655,21.85518852185519,58.98232,387.55902,397.83664,0.026171824,12.0,30.0,58.0,414.0,372.0,169.0,374.0,173.0,63.28827993075053,-931.6904896849393,0.04421401225651304
656,21.888555221888556,nan,nan,nan,nan,12.0,30.0,nan,nan,nan,nan,nan,nan,31.12435257434845,-631.0462869608401,0.015250093536451459
657,21.92192192192192,3.2663863,403.5951,401.85196,0.004328363,12.0,30.0,25.0,11.0,366.0,222.0,368.0,222.0,21.17641560236613,-432.33056581914417,0.012554241499553124
658,21.95528862195529,nan,nan,nan,nan,12.0,30.0,nan,nan,nan,nan,nan,nan,2.2734639644622803,324.33379262924194,0.005745450267568231
659,21.988655321988656,1.2805417,394.2753,391.46136,0.0071625374,12.0,30.0,19.0,24.0,348.0,232.0,352.0,234.0,42.82031234105428,903.952314006686,0.03525048137332002
660,22.02202202202202,nan,nan,nan,nan,12.0,30.0,nan,nan,nan,nan,nan,nan,62.597275376319885,566.0891219151019,0.05071154050529003
661,22.05538872205539,123.91401,392.0899,356.79477,0.09426054,12.0,30.0,673.0,45.0,348.0,210.0,369.0,217.0,80.5973641872406,847.5924071449041,0.0814097560942173
662,22.088755422088756,nan,nan,nan,nan,12.0,30.0,nan,nan,nan,nan,nan,nan,119.15999857584636,577.8610763132572,0.12756233910719553
663,22.12212212212212,116.59754,411.38818,356.5547,0.14280619,12.0,30.0,666.0,29.0,349.0,231.0,394.0,229.0,119.15999857584636,-35.61942380905158,0.12756233910719553
664,22.15548882215549,116.968445,411.09885,355.29742,0.14562029,12.0,30.0,666.0,29.0,348.0,229.0,396.0,228.0,116.78299331665039,-35.61942380905158,0.1442132368683815
665,22.188855522188856,nan,nan,nan,nan,12.0,30.0,nan,nan,344.0,211.0,nan,nan,116.78299331665039,2.778990840911865,0.1442132368683815
666,22.22222222222222,nan,nan,nan,nan,12.0,30.0,686.0,45.0,nan,nan,369.0,177.0,116.96844482421875,nan,0.14562028646469116
667,22.25558892225559,nan,nan,nan,nan,nan,nan,686.0,45.0,342.0,236.0,nan,nan,nan,nan,nan
668,22.288955622288956,nan,nan,nan,nan,604.0,461.0,nan,nan,nan,nan,348.0,190.0,nan,nan,nan
669,22.32232232232232,nan,nan,nan,nan,nan,nan,44.0,414.0,361.0,222.0,nan,nan,nan,nan,nan
670,22.35568902235569,nan,nan,nan,nan,12.0,30.0,nan,nan,nan,nan,330.0,201.0,nan,nan,nan
671,22.389055722389056,nan,nan,nan,nan,nan,nan,686.0,45.0,262.0,224.0,320.0,185.0,nan,nan,nan
672,22.42242242242242,nan,nan,nan,nan,12.0,30.0,nan,nan,nan,nan,nan,nan,nan,nan,nan
673,22.45578912245579,nan,nan,nan,nan,nan,nan,686.0,59.0,322.0,208.0,327.0,211.0,49.233516693115234,nan,0.015003151260316372
674,22.489155822489156,nan,nan,nan,nan,669.0,381.0,nan,nan,nan,nan,328.0,210.0,49.233516693115234,0.0,0.015003151260316372
675,22.52252252252252,49.233517,388.8528,394.73093,0.015003151,669.0,385.0,686.0,59.0,319.0,210.0,324.0,211.0,49.233516693115234,0.0,0.015003151260316372
676,22.55588922255589,nan,nan,nan,nan,nan,nan,686.0,59.0,321.0,208.0,324.0,211.0,49.233516693115234,0.0,0.015003151260316372
677,22.589255922589256,nan,nan,nan,nan,12.0,30.0,nan,nan,nan,nan,320.0,216.0,49.233516693115234,nan,0.015003151260316372
678,22.622622622622625,nan,nan,nan,nan,nan,nan,668.0,368.0,320.0,217.0,nan,nan,nan,nan,nan
679,22.65598932265599,nan,nan,nan,nan,12.0,30.0,nan,nan,320.0,216.0,320.0,189.0,nan,nan,nan
680,22.689356022689356,nan,nan,nan,nan,12.0,30.0,26.0,28.0,322.0,216.0,nan,nan,nan,nan,nan
681,22.722722722722725,nan,nan,nan,nan,12.0,30.0,nan,nan,319.0,217.0,342.0,248.0,nan,nan,nan
682,22.75608942275609,nan,nan,nan,nan,12.0,30.0,669.0,29.0,nan,nan,nan,nan,nan,nan,nan
683,22.789456122789456,nan,nan,nan,nan,nan,nan,nan,nan,316.0,216.0,318.0,219.0,1.3910013437271118,nan,0.02581353858113289
684,22.822822822822825,nan,nan,nan,nan,12.0,30.0,26.0,28.0,318.0,221.0,nan,nan,1.3910013437271118,0.01369416832923889,0.02581353858113289
685,22.85618952285619,1.3910013,404.27032,393.96765,0.025813539,12.0,30.0,26.0,28.0,320.0,225.0,371.0,292.0,1.391915202140808,0.01369416832923889,0.026162941940128803
686,22.889556222889556,nan,nan,nan,nan,12.0,30.0,nan,nan,322.0,225.0,nan,nan,1.391915202140808,620.7624697011709,0.026162941940128803
687,22.922922922922925,1.3928291,398.41342,387.98874,0.026512345,12.0,30.0,26.0,28.0,322.0,225.0,365.0,277.0,42.81750543912252,931.1505516359209,0.04198742968340715
688,22.95628962295629,nan,nan,nan,nan,12.0,30.0,nan,nan,320.0,226.0,nan,nan,63.53075748682022,310.38808193475,0.05007437523454428
689,22.989656322989656,125.668686,358.89902,386.33728,0.073636405,12.0,30.0,675.0,44.0,317.0,225.0,332.0,188.0,63.53075748682022,931.1368574675917,0.05007437523454428
690,23.023023023023026,nan,nan,nan,nan,nan,nan,nan,nan,317.0,225.0,333.0,187.0,125.66868591308594,931.1368574675917,0.07363640516996384
691,23.05638972305639,nan,nan,nan,nan,663.0,394.0,676.0,45.0,320.0,228.0,nan,nan,125.66868591308594,nan,0.07363640516996384
692,23.089756423089757,nan,nan,nan,nan,nan,nan,nan,nan,320.0,227.0,333.0,187.0,nan,nan,nan
693,23.123123123123126,nan,nan,nan,nan,665.0,28.0,676.0,45.0,nan,nan,nan,nan,nan,nan,nan
694,23.15648982315649,nan,nan,nan,nan,675.0,44.0,nan,nan,318.0,227.0,332.0,188.0,nan,nan,nan
695,23.189856523189857,nan,nan,nan,nan,nan,nan,50.0,402.0,nan,nan,nan,nan,nan,nan,nan
696,23.223223223223226,nan,nan,nan,nan,12.0,30.0,nan,nan,305.0,240.0,317.0,229.0,nan,nan,nan
697,23.25658992325659,nan,nan,nan,nan,12.0,30.0,44.0,409.0,nan,nan,nan,nan,nan,nan,nan
698,23.289956623289957,nan,nan,nan,nan,nan,nan,nan,nan,320.0,228.0,332.0,191.0,nan,nan,nan
699,23.323323323323326,nan,nan,nan,nan,683.0,44.0,686.0,46.0,nan,nan,nan,nan,nan,nan,nan
700,23.35669002335669,nan,nan,nan,nan,nan,nan,nan,nan,358.0,251.0,371.0,291.0,nan,nan,nan
701,23.390056723390057,nan,nan,nan,nan,657.0,396.0,670.0,378.0,nan,nan,nan,nan,nan,nan,nan
702,23.423423423423426,nan,nan,nan,nan,nan,nan,nan,nan,313.0,249.0,323.0,228.0,2.226334571838379,nan,0.011134617030620575
703,23.45679012345679,nan,nan,nan,nan,676.0,48.0,686.0,60.0,nan,nan,nan,nan,2.226334571838379,-0.8440277212858199,0.011134617030620575
704,23.490156823490157,2.2263346,384.31268,388.6158,0.011134617,676.0,48.0,686.0,60.0,321.0,229.0,334.0,191.0,2.170009732246399,-0.8440277212858199,0.010086509864777327
705,23.523523523523526,nan,nan,nan,nan,nan,nan,nan,nan,318.0,230.0,nan,nan,2.170009732246399,0.0,0.010086509864777327
706,23.55689022355689,2.113685,409.44168,413.15918,0.009038403,676.0,48.0,686.0,60.0,301.0,240.0,322.0,229.0,2.170009732246399,888.5285665011405,0.010086509864777327
707,23.590256923590257,nan,nan,nan,nan,nan,nan,686.0,60.0,301.0,240.0,322.0,229.0,61.46454203128815,1185.5195452505347,0.0632278653793037
708,23.623623623623626,nan,nan,nan,nan,12.0,30.0,nan,nan,316.0,227.0,322.0,229.0,81.2837598323822,890.1727652353047,0.08043147095789512
709,23.65699032365699,120.8154,363.33627,408.6591,0.11741733,15.0,30.0,686.0,60.0,312.0,240.0,320.0,227.0,120.8687973022461,232.37613278031338,0.11612800508737564
710,23.690357023690357,120.922195,365.27386,409.77676,0.11483868,12.0,30.0,686.0,60.0,311.0,240.0,319.0,228.0,96.79100926717122,-360.80565370559697,0.09356499339143436
711,23.723723723723726,nan,nan,nan,nan,nan,nan,686.0,60.0,320.0,228.0,327.0,240.0,96.79100926717122,-180.00274134635916,0.09356499339143436
712,23.75709042375709,48.635433,384.96915,404.0795,0.04843897,670.0,385.0,686.0,60.0,318.0,226.0,319.0,230.0,84.7788143157959,-721.6113074111937,0.08163882605731487
713,23.790457123790457,nan,nan,nan,nan,nan,nan,686.0,60.0,nan,nan,nan,nan,48.635433197021484,-541.6085660648346,0.04843896999955177
714,23.823823823823826,nan,nan,nan,nan,49.0,452.0,nan,nan,315.0,227.0,316.0,230.0,48.635433197021484,nan,0.04843896999955177
715,23.85719052385719,nan,nan,nan,nan,nan,nan,686.0,45.0,314.0,228.0,317.0,229.0,nan,nan,nan
716,23.890557223890557,nan,nan,nan,nan,660.0,381.0,nan,nan,nan,nan,nan,nan,nan,nan,nan
717,23.923923923923926,nan,nan,nan,nan,nan,nan,686.0,43.0,316.0,225.0,377.0,256.0,nan,nan,nan
718,23.95729062395729,nan,nan,nan,nan,662.0,23.0,676.0,46.0,nan,nan,nan,nan,49.9498405456543,nan,0.054375410079956055
719,23.990657323990657,nan,nan,nan,nan,nan,nan,677.0,46.0,291.0,241.0,313.0,228.0,49.9498405456543,-370.4500123134255,0.054375410079956055
720,24.024024024024026,49.94984,392.2308,414.15457,0.05437541,665.0,386.0,671.0,45.0,293.0,242.0,313.0,228.0,25.228451669216156,-494.21718160539854,0.02763002665597014
721,24.05739072405739,nan,nan,nan,nan,nan,nan,671.0,45.0,310.0,244.0,317.0,225.0,16.969047645727795,-123.76716929197308,0.01982466036376233
722,24.090757424090757,0.5070628,404.67825,405.0364,0.00088464323,670.0,43.0,672.0,46.0,310.0,244.0,317.0,225.0,16.969047645727795,-247.10859080269933,0.01982466036376233
723,24.124124124124126,0.4502396,403.35748,405.0608,0.004213928,670.0,43.0,673.0,45.0,313.0,244.0,317.0,225.0,0.4786511957645416,-247.10859080269933,0.002549285505665466
724,24.15749082415749,nan,nan,nan,nan,nan,nan,671.0,29.0,310.0,228.0,nan,nan,0.4786511957645416,-0.4257477812469005,0.002549285505665466
725,24.190857524190857,nan,nan,nan,nan,12.0,30.0,nan,nan,308.0,246.0,310.0,226.0,0.4502395987510681,nan,0.0042139277793467045
726,24.224224224224226,nan,nan,nan,nan,12.0,30.0,673.0,45.0,311.0,227.0,nan,nan,nan,nan,nan
727,24.257590924257592,nan,nan,nan,nan,12.0,30.0,nan,nan,nan,nan,392.0,201.0,nan,nan,nan
728,24.290957624290957,nan,nan,nan,nan,12.0,30.0,670.0,43.0,334.0,205.0,nan,nan,128.63397216796875,nan,0.010385233908891678
729,24.324324324324326,nan,nan,nan,nan,12.0,30.0,nan,nan,nan,nan,370.0,165.0,128.63397216796875,0.0,0.010385233908891678
730,24.357691024357692,128.63397,367.61392,363.8159,0.010385234,12.0,30.0,671.0,45.0,310.0,227.0,370.0,165.0,128.63397216796875,0.0,0.010385233908891678
731,24.391057724391057,nan,nan,nan,nan,12.0,30.0,672.0,46.0,nan,nan,nan,nan,128.63397216796875,0.0,0.010385233908891678
732,24.424424424424426,nan,nan,nan,nan,12.0,30.0,nan,nan,315.0,224.0,392.0,201.0,128.63397216796875,nan,0.010385233908891678
733,24.457791124457792,nan,nan,nan,nan,12.0,30.0,81.0,19.0,nan,nan,nan,nan,nan,nan,nan
734,24.491157824491157,nan,nan,nan,nan,12.0,30.0,nan,nan,361.0,303.0,365.0,274.0,nan,nan,nan
735,24.524524524524526,nan,nan,nan,nan,12.0,30.0,49.0,450.0,nan,nan,nan,nan,nan,nan,nan
736,24.557891224557892,nan,nan,nan,nan,12.0,30.0,nan,nan,323.0,214.0,329.0,207.0,126.23179626464844,nan,0.14429250359535217
737,24.591257924591257,nan,nan,nan,nan,12.0,30.0,668.0,29.0,nan,nan,nan,nan,126.23179626464844,0.0,0.14429250359535217
738,24.624624624624627,126.2318,341.5055,394.61374,0.1442925,12.0,30.0,669.0,29.0,307.0,228.0,315.0,162.0,126.23179626464844,0.0,0.14429250359535217
739,24.657991324657992,nan,nan,nan,nan,12.0,30.0,nan,nan,307.0,228.0,nan,nan,126.23179626464844,0.0,0.14429250359535217
740,24.691358024691358,nan,nan,nan,nan,12.0,30.0,50.0,452.0,nan,nan,369.0,244.0,126.23179626464844,nan,0.14429250359535217
741,24.724724724724727,nan,nan,nan,nan,12.0,30.0,nan,nan,329.0,208.0,nan,nan,nan,-1816.459903371334,nan
742,24.758091424758092,nan,nan,nan,nan,nan,nan,672.0,46.0,nan,nan,369.0,244.0,5.013250827789307,nan,0.11353101581335068
743,24.791458124791458,nan,nan,nan,nan,12.0,30.0,nan,nan,365.0,274.0,nan,nan,5.013250827789307,423.748611305952,0.11353101581335068
744,24.824824824824827,5.013251,435.30017,388.53476,0.113531016,12.0,30.0,71.0,30.0,365.0,274.0,371.0,287.0,33.291436433792114,423.748611305952,0.14415264502167702
745,24.858191524858192,nan,nan,nan,nan,12.0,30.0,nan,nan,nan,nan,373.0,287.0,33.291436433792114,0.0,0.14415264502167702
746,24.891558224891558,61.569622,393.5686,330.31085,0.17477427,12.0,30.0,45.0,403.0,312.0,227.0,364.0,274.0,33.291436433792114,423.748611305952,0.14415264502167702
747,24.924924924924927,nan,nan,nan,nan,12.0,30.0,nan,nan,323.0,218.0,nan,nan,61.56962203979492,423.748611305952,0.17477427423000336
748,24.958291624958292,nan,nan,nan,nan,12.0,30.0,55.0,430.0,nan,nan,312.0,226.0,61.56962203979492,nan,0.17477427423000336
749,24.991658324991658,nan,nan,nan,nan,12.0,30.0,nan,nan,323.0,214.0,325.0,214.0,nan,nan,nan
750,25.025025025025027,nan,nan,nan,nan,nan,nan,60.0,437.0,323.0,214.0,325.0,214.0,nan,nan,nan
751,25.058391725058392,nan,nan,nan,nan,666.0,387.0,nan,nan,318.0,216.0,324.0,217.0,nan,nan,nan
752,25.091758425091758,nan,nan,nan,nan,nan,nan,686.0,51.0,322.0,213.0,nan,nan,nan,nan,nan
753,25.125125125125127,nan,nan,nan,nan,12.0,30.0,nan,nan,nan,nan,413.0,236.0,nan,nan,nan
754,25.158491825158492,nan,nan,nan,nan,12.0,30.0,49.0,445.0,324.0,211.0,nan,nan,nan,nan,nan
755,25.191858525191858,nan,nan,nan,nan,nan,nan,nan,nan,318.0,214.0,321.0,211.0,68.21725463867188,nan,0.004543581511825323
756,25.225225225225227,nan,nan,nan,nan,12.0,30.0,49.0,445.0,318.0,222.0,nan,nan,68.21725463867188,0.0,0.004543581511825323
757,25.258591925258592,68.217255,374.5424,372.84448,0.0045435815,12.0,30.0,54.0,447.0,318.0,222.0,364.0,196.0,68.21725463867188,0.0,0.004543581511825323
758,25.291958625291958,nan,nan,nan,nan,12.0,30.0,61.0,454.0,318.0,222.0,nan,nan,68.21725463867188,-16.268200378417966,0.004543581511825323
759,25.325325325325327,nan,nan,nan,nan,12.0,30.0,nan,nan,318.0,220.0,364.0,196.0,67.13162231445312,-32.53640075683593,0.007857456570491195
760,25.358692025358692,nan,nan,nan,nan,12.0,30.0,43.0,412.0,318.0,220.0,nan,nan,66.04598999023438,-16.268200378417966,0.011171331629157066
761,25.392058725392058,66.04599,345.07428,341.24075,0.011171332,12.0,30.0,51.0,402.0,318.0,218.0,318.0,161.0,66.04598999023438,0.0,0.011171331629157066
762,25.425425425425427,nan,nan,nan,nan,12.0,30.0,nan,nan,315.0,237.0,nan,nan,66.04598999023438,0.0,0.011171331629157066
763,25.458792125458793,nan,nan,nan,nan,nan,nan,686.0,46.0,nan,nan,315.0,219.0,66.04598999023438,nan,0.011171331629157066
764,25.492158825492158,nan,nan,nan,nan,686.0,53.0,686.0,46.0,315.0,217.0,nan,nan,nan,nan,nan
765,25.525525525525527,nan,nan,nan,nan,683.0,51.0,686.0,46.0,nan,nan,302.0,227.0,nan,nan,nan
766,25.558892225558893,nan,nan,nan,nan,686.0,53.0,686.0,46.0,318.0,192.0,nan,nan,nan,nan,nan
767,25.592258925592258,nan,nan,nan,nan,nan,nan,686.0,45.0,324.0,198.0,356.0,216.0,0.9337702393531799,nan,0.0067582265473902225
768,25.625625625625627,nan,nan,nan,nan,686.0,52.0,686.0,46.0,315.0,207.0,nan,nan,0.9337702393531799,-3.759110165610909,0.0067582265473902225
769,25.658992325658993,0.93377024,395.44217,398.12372,0.0067582265,686.0,53.0,686.0,46.0,319.0,205.0,320.0,198.0,0.6829120367765427,-3.759110165610909,0.009300535777583718
770,25.69235902569236,nan,nan,nan,nan,nan,nan,686.0,46.0,nan,nan,nan,nan,0.6829120367765427,0.0,0.009300535777583718
771,25.725725725725727,0.43205383,412.782,417.69965,0.011842845,683.0,51.0,686.0,46.0,312.0,234.0,314.0,234.0,0.6829120367765427,-3.759110165610909,0.009300535777583718
772,25.759092425759093,nan,nan,nan,nan,686.0,53.0,686.0,46.0,nan,nan,nan,nan,0.4320538341999054,-3.759110165610909,0.011842845007777214
773,25.792459125792462,nan,nan,nan,nan,nan,nan,nan,nan,317.0,205.0,323.0,198.0,0.4320538341999054,nan,0.011842845007777214
774,25.825825825825827,nan,nan,nan,nan,12.0,30.0,683.0,51.0,nan,nan,nan,nan,nan,nan,nan
775,25.859192525859193,nan,nan,nan,nan,12.0,30.0,nan,nan,356.0,216.0,358.0,215.0,nan,nan,nan
776,25.892559225892562,nan,nan,nan,nan,nan,nan,665.0,382.0,nan,nan,nan,nan,nan,nan,nan
777,25.925925925925927,nan,nan,nan,nan,12.0,30.0,nan,nan,358.0,243.0,367.0,242.0,nan,nan,nan
778,25.959292625959293,nan,nan,nan,nan,12.0,30.0,70.0,448.0,nan,nan,nan,nan,nan,nan,nan
779,25.992659325992662,nan,nan,nan,nan,12.0,30.0,nan,nan,341.0,240.0,376.0,263.0,nan,nan,nan
780,26.026026026026027,nan,nan,nan,nan,12.0,30.0,667.0,28.0,nan,nan,nan,nan,nan,nan,nan
781,26.059392726059393,nan,nan,nan,nan,12.0,30.0,nan,nan,315.0,200.0,317.0,205.0,120.9437484741211,nan,0.0656556710600853
782,26.092759426092762,nan,nan,nan,nan,12.0,30.0,668.0,28.0,nan,nan,nan,nan,120.9437484741211,0.0,0.0656556710600853
783,26.126126126126128,120.94375,389.27014,364.5247,0.06565567,12.0,30.0,668.0,29.0,353.0,216.0,356.0,214.0,120.9437484741211,0.0,0.0656556710600853
784,26.159492826159493,nan,nan,nan,nan,12.0,30.0,nan,nan,356.0,214.0,356.0,215.0,120.9437484741211,0.0,0.0656556710600853
785,26.192859526192862,nan,nan,nan,nan,12.0,30.0,58.0,412.0,nan,nan,nan,nan,120.9437484741211,nan,0.0656556710600853
786,26.226226226226228,nan,nan,nan,nan,12.0,30.0,nan,nan,330.0,187.0,334.0,258.0,nan,nan,nan
787,26.259592926259593,nan,nan,nan,nan,12.0,30.0,58.0,412.0,312.0,183.0,nan,nan,nan,nan,nan
788,26.292959626292962,nan,nan,nan,nan,nan,nan,nan,nan,nan,nan,323.0,198.0,nan,nan,nan
789,26.326326326326328,nan,nan,nan,nan,12.0,30.0,686.0,416.0,317.0,205.0,nan,nan,nan,nan,nan
790,26.359693026359693,nan,nan,nan,nan,12.0,30.0,nan,nan,317.0,205.0,376.0,262.0,nan,nan,nan
791,26.393059726393062,nan,nan,nan,nan,nan,nan,676.0,45.0,nan,nan,377.0,261.0,nan,nan,nan
792,26.426426426426428,nan,nan,nan,nan,12.0,30.0,nan,nan,323.0,258.0,378.0,261.0,nan,nan,nan
793,26.459793126459793,nan,nan,nan,nan,12.0,30.0,43.0,394.0,nan,nan,nan,nan,nan,nan,nan
794,26.493159826493162,nan,nan,nan,nan,12.0,30.0,nan,nan,311.0,209.0,378.0,260.0,67.18616485595703,nan,0.029836902394890785
795,26.526526526526528,nan,nan,nan,nan,12.0,30.0,41.0,392.0,nan,nan,nan,nan,67.18616485595703,-23.731832942962644,0.029836902394890785
796,26.559893226559893,67.186165,343.78662,333.67987,0.029836902,12.0,30.0,50.0,403.0,311.0,205.0,314.0,189.0,65.60245895385742,-23.731832942962644,0.018562727374956012
797,26.593259926593262,nan,nan,nan,nan,12.0,30.0,49.0,401.0,nan,nan,nan,nan,65.60245895385742,0.0,0.018562727374956012
798,26.626626626626628,64.01875,350.41013,352.97345,0.0072885524,12.0,30.0,49.0,401.0,312.0,206.0,342.0,161.0,65.60245895385742,-23.731832942962644,0.018562727374956012
799,26.659993326659993,nan,nan,nan,nan,11.0,38.0,nan,nan,314.0,207.0,nan,nan,64.01875305175781,-88.01875425338744,0.007288552355021238
800,26.693360026693362,nan,nan,nan,nan,nan,nan,686.0,45.0,312.0,206.0,314.0,189.0,59.728668212890625,-128.5738426208496,0.015513987047597766
801,26.726726726726728,nan,nan,nan,nan,12.0,30.0,nan,nan,nan,nan,nan,nan,55.43858337402344,-64.2869213104248,0.023739421740174294
802,26.760093426760093,55.438583,397.25623,387.93622,0.023739422,12.0,30.0,43.0,394.0,374.0,196.0,375.0,189.0,55.43858337402344,0.0,0.023739421740174294
803,26.793460126793462,nan,nan,nan,nan,12.0,30.0,nan,nan,nan,nan,nan,nan,55.43858337402344,0.0,0.023739421740174294
804,26.826826826826828,nan,nan,nan,nan,nan,nan,686.0,45.0,299.0,206.0,304.0,208.0,55.43858337402344,nan,0.023739421740174294
805,26.860193526860193,nan,nan,nan,nan,12.0,30.0,686.0,45.0,311.0,209.0,nan,nan,nan,nan,nan
806,26.893560226893563,nan,nan,nan,nan,nan,nan,686.0,45.0,311.0,209.0,363.0,203.0,nan,nan,nan
807,26.926926926926928,nan,nan,nan,nan,12.0,30.0,686.0,45.0,311.0,209.0,nan,nan,2.4943413734436035,nan,0.0047509940341115
808,26.960293626960294,nan,nan,nan,nan,nan,nan,675.0,46.0,nan,nan,307.0,210.0,2.4943413734436035,-0.12269374608993529,0.0047509940341115
809,26.993660326993663,2.4943414,420.85062,418.8559,0.004750994,668.0,29.0,675.0,46.0,296.0,268.0,310.0,209.0,2.4861536026000977,-0.16438122868538121,0.0045470192562788725
810,27.027027027027028,nan,nan,nan,nan,668.0,29.0,676.0,45.0,nan,nan,310.0,209.0,2.4833716551462808,-0.04168748259544594,0.004422133633246024
811,27.060393727060394,2.4779658,401.59836,403.3463,0.0043430445,667.0,30.0,676.0,45.0,305.0,207.0,310.0,211.0,2.4833716551462808,0.6717526066303297,0.004422133633246024
812,27.093760427093763,2.4778078,401.82242,403.50247,0.0041723624,667.0,30.0,676.0,45.0,306.0,210.0,310.0,211.0,2.5281999905904136,0.6717526066303297,0.0030069798425150416
813,27.127127127127128,nan,nan,nan,nan,nan,nan,676.0,45.0,308.0,210.0,nan,nan,2.5281999905904136,0.3763794350624062,0.0030069798425150416
814,27.160493827160494,2.6288264,381.1827,381.37546,0.00050553266,667.0,30.0,676.0,45.0,308.0,210.0,377.0,250.0,2.553317070007324,1.5078864419460272,0.0023389475245494395
815,27.193860527193863,nan,nan,nan,nan,662.0,46.0,676.0,45.0,nan,nan,nan,nan,2.628826379776001,1.131507006883621,0.0005055326619185507
816,27.227227227227228,nan,nan,nan,nan,nan,nan,676.0,45.0,310.0,209.0,377.0,248.0,2.628826379776001,nan,0.0005055326619185507
817,27.260593927260594,nan,nan,nan,nan,12.0,30.0,675.0,46.0,nan,nan,377.0,251.0,nan,626.0452681481837,nan
818,27.293960627293963,nan,nan,nan,nan,12.0,30.0,nan,nan,310.0,208.0,377.0,250.0,44.40695571899414,nan,0.011820772662758827
819,27.32732732732733,nan,nan,nan,nan,nan,nan,676.0,45.0,nan,nan,nan,nan,44.40695571899414,570.8049759578704,0.011820772662758827
820,27.360694027360694,44.406956,435.38748,440.5647,0.011820773,669.0,377.0,675.0,46.0,223.0,215.0,310.0,207.0,82.49871253967285,570.8049759578704,0.1209410922601819
821,27.394060727394063,nan,nan,nan,nan,nan,nan,675.0,46.0,nan,nan,309.0,207.0,82.49871253967285,0.0,0.1209410922601819
822,27.42742742742743,120.59047,332.95984,419.51788,0.23006141,12.0,30.0,667.0,31.0,275.0,220.0,304.0,208.0,82.49871253967285,570.8049759578704,0.1209410922601819
823,27.460794127460794,nan,nan,nan,nan,12.0,30.0,nan,nan,nan,nan,310.0,207.0,120.59046936035156,570.8049759578704,0.23006141185760498
824,27.494160827494163,nan,nan,nan,nan,12.0,30.0,26.0,28.0,311.0,209.0,nan,nan,120.59046936035156,-1804.9943977455048,0.23006141185760498
825,27.52752752752753,nan,nan,nan,nan,nan,nan,nan,nan,nan,nan,310.0,206.0,0.13705609738826752,-1805.0051507982237,0.0008927700691856444
826,27.560894227560894,nan,nan,nan,nan,686.0,60.0,686.0,59.0,310.0,206.0,nan,nan,0.136338509619236,-0.010753052718937395,0.0008824353863019496
827,27.594260927594263,0.1370561,391.56256,391.9123,0.00089277007,686.0,60.0,686.0,59.0,317.0,194.0,321.0,199.0,0.136338509619236,-0.05606377657502875,0.0008824353863019496
828,27.62762762762763,0.13562092,396.8945,397.24078,0.0008721007,686.0,60.0,686.0,59.0,309.0,202.0,318.0,192.0,0.13259718318780264,-0.05606377657502875,0.0009661875471162299
829,27.660994327660994,nan,nan,nan,nan,nan,nan,686.0,59.0,nan,nan,nan,nan,0.13259718318780264,-0.033408414646983284,0.0009661875471162299
830,27.694361027694363,0.12511453,411.3007,411.76724,0.0011336919,686.0,60.0,686.0,59.0,312.0,254.0,332.0,249.0,0.1303677260875702,-0.11212755315005792,0.0010028962860815227
831,27.72772772772773,nan,nan,nan,nan,686.0,60.0,686.0,59.0,nan,nan,nan,nan,0.1251145303249359,-0.07871913850307463,0.0011336918687447906
832,27.761094427761094,nan,nan,nan,nan,nan,nan,686.0,59.0,244.0,212.0,252.0,216.0,0.1251145303249359,nan,0.0011336918687447906
833,27.794461127794463,nan,nan,nan,nan,686.0,60.0,686.0,59.0,nan,nan,nan,nan,nan,nan,nan
834,27.82782782782783,nan,nan,nan,nan,nan,nan,686.0,60.0,355.0,214.0,360.0,214.0,nan,nan,nan
835,27.861194527861194,nan,nan,nan,nan,668.0,29.0,686.0,60.0,nan,nan,nan,nan,nan,nan,nan
836,27.894561227894563,nan,nan,nan,nan,nan,nan,686.0,60.0,292.0,218.0,330.0,205.0,nan,nan,nan
837,27.92792792792793,nan,nan,nan,nan,679.0,48.0,686.0,60.0,nan,nan,342.0,198.0,nan,nan,nan
838,27.961294627961294,nan,nan,nan,nan,nan,nan,686.0,51.0,278.0,224.0,nan,nan,128.7922821044922,nan,0.001309034414589405
839,27.994661327994663,nan,nan,nan,nan,12.0,30.0,nan,nan,nan,nan,349.0,201.0,128.1965789794922,-8.926611328124999,0.024349224288016558
840,28.02802802802803,128.79228,374.13934,373.6499,0.0013090344,12.0,30.0,686.0,52.0,342.0,205.0,346.0,200.0,128.1965789794922,0.0,0.024349224288016558
841,28.061394728061394,127.600876,384.6297,366.82422,0.047389414,12.0,30.0,686.0,50.0,349.0,209.0,359.0,203.0,128.1965789794922,0.0,0.024349224288016558
842,28.094761428094763,nan,nan,nan,nan,nan,nan,686.0,50.0,342.0,206.0,344.0,209.0,128.1965789794922,-963.886989340335,0.024349224288016558
843,28.12812812812813,nan,nan,nan,nan,12.0,30.0,nan,nan,350.0,208.0,nan,nan,63.87312290072441,-1918.847367352545,0.02424826193600893
844,28.161494828161494,nan,nan,nan,nan,nan,nan,686.0,52.0,349.0,208.0,361.0,203.0,0.14536994695663452,-954.96037801221,0.00110710971057415
845,28.194861528194863,0.14536995,362.94147,363.3435,0.0011071097,686.0,53.0,686.0,52.0,342.0,210.0,365.0,187.0,0.14536994695663452,0.0,0.00110710971057415
846,28.22822822822823,nan,nan,nan,nan,686.0,53.0,686.0,52.0,nan,nan,nan,nan,0.14536994695663452,0.0,0.00110710971057415
847,28.261594928261594,nan,nan,nan,nan,nan,nan,nan,nan,339.0,215.0,378.0,159.0,0.14536994695663452,17.563614933192728,0.00110710971057415
848,28.294961628294963,nan,nan,nan,nan,686.0,59.0,686.0,51.0,337.0,212.0,nan,nan,1.317449688911438,17.563614933192728,0.027758387848734856
849,28.32832832832833,nan,nan,nan,nan,nan,nan,nan,nan,331.0,217.0,376.0,252.0,1.317449688911438,0.0,0.027758387848734856
850,28.361695028361694,1.3174497,397.79172,386.90082,0.027758388,12.0,30.0,26.0,28.0,331.0,216.0,376.0,252.0,1.317449688911438,0.0,0.027758387848734856
851,28.395061728395063,nan,nan,nan,nan,12.0,30.0,26.0,28.0,327.0,213.0,nan,nan,1.317449688911438,0.0,0.027758387848734856
852,28.42842842842843,nan,nan,nan,nan,12.0,30.0,26.0,28.0,nan,nan,363.0,225.0,1.317449688911438,nan,0.027758387848734856
853,28.461795128461794,nan,nan,nan,nan,12.0,30.0,nan,nan,304.0,254.0,nan,nan,nan,nan,nan
854,28.495161828495164,nan,nan,nan,nan,12.0,30.0,686.0,46.0,nan,nan,325.0,220.0,nan,nan,nan
855,28.52852852852853,nan,nan,nan,nan,12.0,30.0,686.0,46.0,324.0,221.0,nan,nan,3.010058641433716,nan,0.007287656422704458
856,28.561895228561895,nan,nan,nan,nan,nan,nan,675.0,46.0,nan,nan,324.0,221.0,3.010058641433716,0.0,0.007287656422704458
857,28.595261928595264,3.0100586,390.94565,393.80515,0.0072876564,663.0,29.0,675.0,46.0,318.0,215.0,323.0,220.0,3.010058641433716,801.3753619283436,0.007287656422704458
858,28.62862862862863,nan,nan,nan,nan,nan,nan,686.0,46.0,323.0,220.0,nan,nan,56.488561272621155,801.3753619283436,0.032591844676062465
859,28.661995328661998,nan,nan,nan,nan,12.0,30.0,nan,nan,nan,nan,358.0,259.0,56.488561272621155,799.820407513976,0.032591844676062465
860,28.695362028695364,109.967064,412.00394,388.82162,0.057896033,12.0,30.0,668.0,29.0,349.0,259.0,360.0,259.0,109.86329650878906,799.820407513976,0.05169413797557354
861,28.72872872872873,nan,nan,nan,nan,12.0,30.0,nan,nan,360.0,259.0,368.0,247.0,109.86329650878906,-536.900138479471,0.05169413797557354
862,28.7620954287621,109.75953,410.07346,391.8332,0.045492243,12.0,30.0,668.0,29.0,345.0,261.0,358.0,259.0,74.03412477175395,-806.1276849263905,0.03681502227361003
863,28.795462128795464,nan,nan,nan,nan,nan,nan,nan,nan,nan,nan,nan,nan,56.06765520572662,-269.22754644691946,0.026274516945704818
864,28.82882882882883,2.3757813,399.97156,397.15897,0.007056791,668.0,29.0,673.0,45.0,301.0,223.0,330.0,213.0,56.06765520572662,-818.4349766260384,0.026274516945704818
865,28.8621955288622,nan,nan,nan,nan,676.0,45.0,nan,nan,nan,nan,324.0,211.0,1.4507064819335938,-818.4349766260384,0.006937873782590032
866,28.895562228895564,nan,nan,nan,nan,nan,nan,657.0,384.0,300.0,179.0,nan,nan,1.4507064819335938,1289.3169360440968,0.006937873782590032
867,28.92892892892893,0.52563167,389.76306,392.42993,0.0068189567,667.0,372.0,671.0,370.0,307.0,180.0,333.0,209.0,87.49120938777924,1289.3169360440968,0.08746829954907298
868,28.9622956289623,nan,nan,nan,nan,nan,nan,nan,nan,nan,nan,nan,nan,87.49120938777924,0.0,0.08746829954907298
869,28.995662328995664,174.45679,369.92566,437.82416,0.16811764,15.0,11.0,686.0,459.0,332.0,198.0,334.0,202.0,87.49120938777924,1303.1791821581123,0.08746829954907298
870,29.02902902902903,nan,nan,nan,nan,12.0,30.0,nan,nan,332.0,203.0,335.0,205.0,174.456787109375,1303.1791821581123,0.16811764240264893
871,29.0623957290624,nan,nan,nan,nan,12.0,30.0,676.0,46.0,336.0,204.0,nan,nan,174.456787109375,-705.02028717041,0.16811764240264893
872,29.095762429095764,nan,nan,nan,nan,12.0,30.0,nan,nan,341.0,205.0,377.0,259.0,127.40838623046875,-705.02028717041,0.009911295026540756
873,29.12912912912913,nan,nan,nan,nan,nan,nan,676.0,46.0,nan,nan,nan,nan,127.40838623046875,0.0,0.009911295026540756
874,29.1624958291625,127.40839,368.59192,372.26334,0.009911295,12.0,30.0,676.0,46.0,337.0,200.0,339.0,204.0,127.40838623046875,-65.06862859725952,0.009911295026540756
875,29.195862529195864,nan,nan,nan,nan,12.0,30.0,676.0,46.0,340.0,203.0,nan,nan,123.06613540649414,-65.06862859725952,0.06587587110698223
876,29.22922922922923,nan,nan,nan,nan,12.0,30.0,667.0,30.0,nan,nan,339.0,204.0,123.06613540649414,-22.67477033615112,0.06587587110698223
877,29.2625959292626,118.723885,362.2278,409.22488,0.12184045,12.0,30.0,676.0,46.0,285.0,262.0,339.0,204.0,121.55297088623047,-22.67477033615112,0.06148378498619422
878,29.295962629295964,nan,nan,nan,nan,12.0,30.0,676.0,46.0,nan,nan,347.0,193.0,121.55297088623047,0.0,0.06148378498619422
879,29.32932932932933,124.38206,371.03705,370.61908,0.0011271228,12.0,30.0,668.0,29.0,339.0,202.0,342.0,203.0,121.55297088623047,42.39385826110839,0.06148378498619422
880,29.3626960293627,nan,nan,nan,nan,nan,nan,676.0,46.0,341.0,202.0,352.0,194.0,124.3820571899414,42.39385826110839,0.0011271227849647403
881,29.396062729396064,nan,nan,nan,nan,12.0,30.0,668.0,29.0,343.0,205.0,nan,nan,124.3820571899414,nan,0.0011271227849647403
882,29.42942942942943,nan,nan,nan,nan,nan,nan,676.0,46.0,343.0,205.0,376.0,260.0,nan,60.019685554504385,nan
883,29.4627961294628,nan,nan,nan,nan,12.0,30.0,686.0,45.0,337.0,200.0,nan,nan,128.3873748779297,nan,0.010228782892227173
884,29.496162829496164,nan,nan,nan,nan,nan,nan,686.0,45.0,nan,nan,343.0,203.0,128.3873748779297,0.0,0.010228782892227173
885,29.52952952952953,128.38737,376.3383,372.5084,0.010228783,12.0,30.0,686.0,45.0,342.0,203.0,353.0,198.0,128.3873748779297,0.0,0.010228782892227173
886,29.5628962295629,nan,nan,nan,nan,nan,nan,686.0,45.0,339.0,202.0,342.0,203.0,128.3873748779297,0.0,0.010228782892227173
887,29.596262929596264,nan,nan,nan,nan,41.0,410.0,nan,nan,343.0,203.0,350.0,191.0,128.3873748779297,-988.7920937347411,0.010228782892227173
888,29.62962962962963,nan,nan,nan,nan,nan,nan,26.0,28.0,343.0,203.0,350.0,191.0,62.40191650390625,-994.2712758922576,0.009361183270812035
889,29.662996329663,nan,nan,nan,nan,12.0,30.0,nan,nan,346.0,202.0,355.0,191.0,62.036272048950195,-5.479182157516479,0.009640403557568789
890,29.696363029696364,62.401917,376.7841,380.32782,0.009361183,12.0,30.0,43.0,421.0,345.0,202.0,355.0,191.0,62.036272048950195,0.0,0.009640403557568789
891,29.72972972972973,61.670628,381.7411,385.5467,0.009919624,12.0,30.0,44.0,422.0,353.0,193.0,359.0,198.0,62.036272048950195,-304.196443669796,0.009640403557568789
892,29.7630964297631,nan,nan,nan,nan,nan,nan,nan,nan,348.0,196.0,353.0,192.0,41.736209074656166,-459.0342565834522,0.00937360959748427
893,29.796463129796464,nan,nan,nan,nan,686.0,53.0,686.0,45.0,351.0,202.0,nan,nan,31.403355360031128,-168.6967542779445,0.009379822760820389
894,29.82982982982983,1.1360831,366.8082,370.0652,0.008840022,686.0,53.0,686.0,45.0,348.0,196.0,351.0,202.0,30.478501081466675,-13.858941364288329,0.017519942950457335
895,29.8631965298632,nan,nan,nan,nan,nan,nan,nan,nan,351.0,201.0,363.0,194.0,30.478501081466675,0.0,0.017519942950457335
896,29.896563229896564,59.82092,383.51172,373.5937,0.026199864,12.0,30.0,47.0,406.0,351.0,201.0,363.0,194.0,30.478501081466675,12.65322754204273,0.017519942950457335
897,29.92992992992993,nan,nan,nan,nan,12.0,30.0,nan,nan,345.0,199.0,352.0,202.0,31.322893977165222,12.65322754204273,0.01619376754388213
898,29.9632966299633,nan,nan,nan,nan,nan,nan,676.0,45.0,nan,nan,nan,nan,31.322893977165222,-427.52979340374463,0.01619376754388213
899,29.996663329996665,2.824869,389.58762,392.00574,0.006187671,665.0,29.0,676.0,45.0,305.0,234.0,342.0,199.0,2.792377233505249,-427.52979340374463,0.006549605168402195
900,30.03003003003003,nan,nan,nan,nan,676.0,45.0,nan,nan,295.0,239.0,nan,nan,2.792377233505249,0.0,0.006549605168402195
901,30.0633967300634,2.7598855,397.65436,400.4123,0.0069115395,665.0,29.0,676.0,45.0,284.0,229.0,342.0,199.0,2.792377233505249,-4.972485424876212,0.006549605168402195
902,30.096763430096765,nan,nan,nan,nan,665.0,29.0,676.0,45.0,296.0,242.0,nan,nan,2.460546374320984,-4.972485424876212,0.0036829013988608494
903,30.13013013013013,nan,nan,nan,nan,669.0,47.0,675.0,44.0,nan,nan,310.0,260.0,2.460546374320984,-2.46118467092514,0.0036829013988608494
904,30.1634968301635,2.1612072,427.5658,427.3716,0.00045426333,667.0,30.0,675.0,44.0,301.0,265.0,304.0,242.0,2.296303153038025,-2.46118467092514,0.0004389726964291185
905,30.196863530196865,nan,nan,nan,nan,667.0,30.0,676.0,45.0,nan,nan,319.0,255.0,2.296303153038025,0.3392417889833472,0.0004389726964291185
906,30.23023023023023,2.431399,412.13712,412.31177,0.00042368207,667.0,30.0,676.0,45.0,310.0,240.0,322.0,252.0,2.318941911061605,1.5210691183805465,0.0011021770963755746
907,30.2635969302636,nan,nan,nan,nan,663.0,28.0,679.0,46.0,nan,nan,309.0,239.0,2.3978092670440674,-8.007367205321788,0.001426133982022293
908,30.296963630296965,2.3642194,422.70853,423.73636,0.002428586,667.0,30.0,676.0,45.0,284.0,227.0,309.0,240.0,1.784583071867625,-9.350706883370876,0.008487198317501074
909,30.33033033033033,nan,nan,nan,nan,667.0,30.0,676.0,45.0,nan,nan,nan,nan,1.7738048036893208,-0.16151234865188818,0.008707147014016906
910,30.3636970303637,0.5581307,403.62143,412.85138,0.022609327,666.0,46.0,676.0,45.0,310.0,238.0,318.0,249.0,1.7738048036893208,-4.423681565970181,0.008707147014016906
911,30.397063730397065,2.3990643,417.43262,417.88516,0.0010835282,667.0,30.0,676.0,45.0,305.0,247.0,311.0,239.0,1.478597491979599,-4.423681565970181,0.011846427572891116
912,30.43043043043043,nan,nan,nan,nan,nan,nan,667.0,30.0,310.0,238.0,nan,nan,1.478597491979599,897.9212194414436,0.011846427572891116
913,30.4637971304638,nan,nan,nan,nan,12.0,30.0,nan,nan,310.0,236.0,344.0,209.0,61.39993345737457,1782.0492437280711,0.011214720783755183
914,30.497163830497165,nan,nan,nan,nan,nan,nan,676.0,45.0,318.0,233.0,346.0,211.0,120.40080261230469,884.1280242866277,0.021345913410186768
915,30.53053053053053,120.4008,378.59644,386.7651,0.021345913,12.0,30.0,676.0,45.0,325.0,245.0,345.0,210.0,120.40080261230469,0.0,0.021345913410186768
916,30.5638972305639,nan,nan,nan,nan,nan,nan,676.0,45.0,311.0,237.0,344.0,210.0,120.40080261230469,0.0,0.021345913410186768
917,30.597263930597265,nan,nan,nan,nan,667.0,30.0,676.0,45.0,nan,nan,340.0,212.0,120.40080261230469,-1761.0058135235308,0.021345913410186768
918,30.63063063063063,nan,nan,nan,nan,nan,nan,676.0,45.0,324.0,250.0,342.0,211.0,2.882897138595581,-1761.0058135235308,0.009838725440204144
919,30.663997330664,nan,nan,nan,nan,664.0,30.0,675.0,46.0,nan,nan,339.0,213.0,2.882897138595581,-1.6315817356109616,0.009838725440204144
920,30.697364030697365,2.8828971,372.87665,376.56342,0.009838725,664.0,30.0,676.0,45.0,337.0,209.0,339.0,213.0,2.7740161418914795,-1.5348984539508839,0.00785325700417161
921,30.73073073073073,nan,nan,nan,nan,664.0,30.0,676.0,46.0,nan,nan,342.0,212.0,2.780468146006266,0.09668328166007772,0.007855368157227835
922,30.7640974307641,2.6651351,393.33224,391.031,0.0058677886,669.0,29.0,676.0,46.0,321.0,249.0,342.0,213.0,2.780468146006266,867.2949421441554,0.007855368157227835
923,30.797464130797465,2.7933722,387.50128,390.5589,0.00785959,664.0,30.0,676.0,45.0,321.0,247.0,342.0,211.0,60.65800849596659,867.2949421441554,0.05828214591989914
924,30.83083083083083,nan,nan,nan,nan,nan,nan,nan,nan,329.0,233.0,342.0,211.0,60.65800849596659,434.51160358071326,0.05828214591989914
925,30.8641975308642,176.51552,366.40723,430.61496,0.16111906,12.0,30.0,682.0,461.0,312.0,225.0,341.0,211.0,89.6544451713562,1736.124782742262,0.08448932459577918
926,30.897564230897565,nan,nan,nan,nan,nan,nan,nan,nan,312.0,225.0,nan,nan,176.51551818847656,1301.6131791615485,0.16111905872821808
927,30.93093093093093,nan,nan,nan,nan,656.0,390.0,660.0,386.0,nan,nan,342.0,211.0,176.51551818847656,-2640.608913747668,0.16111905872821808
928,30.9642976309643,nan,nan,nan,nan,nan,nan,nan,nan,342.0,212.0,nan,nan,0.29870712757110596,-2640.608913747668,0.0076708546839654446
929,30.997664330997665,nan,nan,nan,nan,682.0,461.0,686.0,461.0,nan,nan,343.0,213.0,0.29870712757110596,29.498109427392478,0.0076708546839654446
930,31.03103103103103,0.29870713,429.50726,432.81464,0.0076708547,682.0,461.0,686.0,461.0,313.0,227.0,342.0,210.0,2.2672162652015686,29.498109427392478,0.004175206500804052
931,31.0643977310644,nan,nan,nan,nan,nan,nan,nan,nan,314.0,228.0,343.0,213.0,2.2672162652015686,0.0,0.004175206500804052
932,31.097764431097765,4.2357254,387.2893,387.55258,0.0006795583,674.0,48.0,686.0,74.0,312.0,227.0,342.0,213.0,2.2672162652015686,29.498109427392478,0.004175206500804052
933,31.13113113113113,nan,nan,nan,nan,nan,nan,nan,nan,312.0,227.0,346.0,213.0,4.235725402832031,29.498109427392478,0.000679558317642659
934,31.1644978311645,nan,nan,nan,nan,12.0,30.0,677.0,48.0,nan,nan,342.0,212.0,4.235725402832031,nan,0.000679558317642659
935,31.197864531197865,nan,nan,nan,nan,nan,nan,nan,nan,324.0,251.0,342.0,212.0,nan,nan,nan
936,31.23123123123123,nan,nan,nan,nan,686.0,46.0,686.0,45.0,nan,nan,342.0,212.0,nan,nan,nan
937,31.2645979312646,nan,nan,nan,nan,nan,nan,686.0,43.0,342.0,213.0,nan,nan,nan,nan,nan
938,31.297964631297965,nan,nan,nan,nan,43.0,423.0,nan,nan,342.0,212.0,353.0,178.0,nan,nan,nan
939,31.33133133133133,nan,nan,nan,nan,nan,nan,686.0,45.0,337.0,212.0,nan,nan,nan,nan,nan
940,31.3646980313647,nan,nan,nan,nan,686.0,46.0,686.0,45.0,nan,nan,339.0,213.0,nan,nan,nan
941,31.398064731398065,nan,nan,nan,nan,nan,nan,nan,nan,344.0,173.0,nan,nan,nan,nan,nan
942,31.43143143143143,nan,nan,nan,nan,686.0,46.0,686.0,45.0,nan,nan,336.0,217.0,nan,nan,nan
943,31.4647981314648,nan,nan,nan,nan,683.0,44.0,686.0,46.0,314.0,231.0,nan,nan,nan,nan,nan
944,31.498164831498165,nan,nan,nan,nan,683.0,44.0,686.0,46.0,nan,nan,314.0,231.0,nan,nan,nan
945,31.53153153153153,nan,nan,nan,nan,683.0,44.0,686.0,46.0,310.0,230.0,nan,nan,nan,nan,nan
946,31.5648982315649,nan,nan,nan,nan,nan,nan,686.0,46.0,nan,nan,356.0,199.0,nan,nan,nan
947,31.598264931598266,nan,nan,nan,nan,71.0,448.0,nan,nan,340.0,166.0,nan,nan,0.17017418146133423,nan,0.0038429307751357555
948,31.631631631631635,nan,nan,nan,nan,nan,nan,669.0,461.0,nan,nan,358.0,197.0,0.29792018234729767,2.5431606253981585,0.006730739260092378
949,31.664998331665,0.17017418,411.7381,413.32343,0.0038429308,667.0,461.0,669.0,461.0,331.0,219.0,351.0,200.0,0.33988793690999347,0.6288868021219965,0.007680148972819249
950,31.698365031698366,0.42566618,409.36688,413.32343,0.009618548,664.0,461.0,669.0,461.0,331.0,219.0,351.0,200.0,0.33988793690999347,0.0,0.007680148972819249
951,31.731731731731735,0.42382345,411.1648,415.12228,0.009578968,664.0,461.0,669.0,461.0,328.0,218.0,351.0,199.0,0.33988793690999347,1.2715803126990797,0.007680148972819249
952,31.7650984317651,nan,nan,nan,nan,nan,nan,nan,nan,nan,nan,354.0,198.0,0.4247448146343231,1.257773604243994,0.009598758071660995
953,31.798465131798466,nan,nan,nan,nan,12.0,30.0,669.0,461.0,328.0,216.0,nan,nan,0.42382344603538513,nan,0.009578968398272991
954,31.831831831831835,nan,nan,nan,nan,nan,nan,669.0,461.0,328.0,216.0,344.0,176.0,nan,0.02072122737765312,nan
955,31.8651985318652,nan,nan,nan,nan,667.0,461.0,669.0,461.0,nan,nan,345.0,175.0,0.4252062439918518,nan,0.009116291999816895
956,31.898565231898566,nan,nan,nan,nan,nan,nan,nan,nan,329.0,214.0,343.0,174.0,0.4252062439918518,952.1074349109828,0.009116291999816895
957,31.931931931931935,0.42520624,423.49557,427.37396,0.009116292,664.0,461.0,669.0,461.0,329.0,210.0,344.0,175.0,63.9625726044178,952.1074349109828,0.006258357665501535
958,31.9652986319653,nan,nan,nan,nan,nan,nan,nan,nan,326.0,208.0,nan,nan,63.9625726044178,-303.8196821044385,0.006258357665501535
959,31.998665331998666,127.49994,369.22418,367.9708,0.0034004233,12.0,30.0,673.0,45.0,339.0,198.0,340.0,203.0,43.68765221039454,-291.2993480761349,0.005951364912713568
960,32.032032032032035,nan,nan,nan,nan,nan,nan,nan,nan,nan,nan,347.0,195.0,44.52317667007446,12.520334028303656,0.00520995887927711
961,32.0653987320654,3.1378114,363.11465,361.18173,0.0053373794,668.0,29.0,674.0,48.0,334.0,167.0,342.0,194.0,44.52317667007446,-311.28504489898677,0.00520995887927711
962,32.098765432098766,2.9317796,363.11465,360.62064,0.006892074,668.0,29.0,673.0,47.0,334.0,167.0,342.0,194.0,23.750067234039307,-311.28504489898677,0.008347615444411835
963,32.132132132132135,nan,nan,nan,nan,nan,nan,668.0,29.0,nan,nan,nan,nan,23.750067234039307,154.43732666909693,0.008347615444411835
964,32.1654988321655,65.18061,364.19775,359.56085,0.012813393,630.0,417.0,668.0,29.0,343.0,191.0,349.0,187.0,34.05619513988495,620.8366931891441,0.009852733463048935
965,32.198865532198866,nan,nan,nan,nan,nan,nan,672.0,46.0,nan,nan,342.0,176.0,65.18061065673828,466.3993665200471,0.012813393026590347
966,32.232232232232235,nan,nan,nan,nan,12.0,30.0,675.0,46.0,284.0,200.0,nan,nan,65.18061065673828,nan,0.012813393026590347
967,32.2655989322656,nan,nan,nan,nan,12.0,30.0,668.0,28.0,nan,nan,378.0,260.0,nan,nan,nan
968,32.298965632298966,nan,nan,nan,nan,nan,nan,673.0,47.0,285.0,200.0,nan,nan,nan,nan,nan
969,32.332332332332335,nan,nan,nan,nan,12.0,30.0,668.0,29.0,nan,nan,355.0,283.0,127.84587860107422,nan,0.018474096432328224
970,32.3656990323657,nan,nan,nan,nan,nan,nan,nan,nan,341.0,193.0,nan,nan,127.84587860107422,-933.7701347476243,0.018474096432328224
971,32.399065732399066,127.84588,368.5431,361.7969,0.018474096,12.0,30.0,668.0,29.0,340.0,192.0,348.0,188.0,65.53222262859344,-1242.9106489491462,0.013037518365308642
972,32.432432432432435,nan,nan,nan,nan,nan,nan,nan,nan,nan,nan,337.0,193.0,44.90222501754761,-465.0688046121597,0.010798157968868813
973,32.4657991324658,3.2185667,368.5285,365.73795,0.0076009403,12.0,30.0,24.0,13.0,337.0,193.0,350.0,189.0,34.49660003185272,-628.6278675377368,0.009985323413275182
974,32.499165832499166,3.6422298,361.5778,359.30002,0.006319437,12.0,30.0,25.0,11.0,331.0,193.0,338.0,194.0,2.9517500400543213,-472.69957712709896,0.013489833916537464
975,32.532532532532535,3.279725,361.80936,359.0891,0.0075468197,12.0,30.0,24.0,13.0,332.0,194.0,342.0,184.0,2.9517500400543213,-1.332748997211454,0.013489833916537464
976,32.5658992325659,1.6664786,361.80936,350.24133,0.03249214,12.0,30.0,27.0,26.0,332.0,194.0,342.0,184.0,2.8628111680348716,-7.172543063163756,0.015452798455953598
977,32.599265932599266,nan,nan,nan,nan,12.0,30.0,25.0,11.0,nan,nan,335.0,194.0,2.473101854324341,-17.92704302430153,0.02001947909593582
978,32.632632632632635,nan,nan,nan,nan,12.0,30.0,24.0,20.0,385.0,231.0,nan,nan,1.6664786338806152,-20.09728527009487,0.03249213844537735
979,32.665999332666,nan,nan,nan,nan,12.0,30.0,24.0,20.0,nan,nan,385.0,230.0,1.1319416761398315,-8.010036311745642,0.029148399829864502
980,32.699366032699366,nan,nan,nan,nan,12.0,30.0,27.0,29.0,378.0,207.0,nan,nan,1.1319416761398315,413.103241623938,0.029148399829864502
981,32.732732732732735,1.1319417,407.49112,395.78403,0.0291484,12.0,30.0,26.0,28.0,379.0,204.0,381.0,206.0,28.699725568294525,413.103241623938,0.04518244229257107
982,32.7660994327661,nan,nan,nan,nan,nan,nan,nan,nan,nan,nan,nan,nan,28.699725568294525,-132.67815570384263,0.04518244229257107
983,32.799466132799466,56.26751,406.78558,382.62317,0.061216485,12.0,30.0,49.0,401.0,378.0,207.0,379.0,206.0,19.845661123593647,7.534387256205081,0.03416615352034569
984,32.832832832832835,nan,nan,nan,nan,12.0,30.0,nan,nan,nan,nan,nan,nan,29.202520847320557,0.04472547054292546,0.03667503036558628
985,32.8661995328662,2.1375322,400.622,395.79034,0.012133576,12.0,30.0,24.0,20.0,335.0,216.0,375.0,258.0,19.84864580631256,-415.5252531015873,0.03416242450475693
986,32.899566232899566,nan,nan,nan,nan,15.0,30.0,nan,nan,nan,nan,nan,nan,1.473107894261678,-275.35743561208244,0.02346933384736379
987,32.932932932932935,1.1408957,406.56888,394.8927,0.029137213,12.0,30.0,26.0,28.0,377.0,207.0,380.0,205.0,1.473107894261678,307.3028393411636,0.02346933384736379
988,32.9662996329663,1.1408957,406.56888,394.8927,0.029137213,12.0,30.0,26.0,28.0,377.0,207.0,380.0,205.0,21.98047121365865,307.3028393411636,0.0194455262341459
989,32.99966633299967,nan,nan,nan,nan,12.0,30.0,nan,nan,nan,nan,nan,nan,21.98047121365865,156.14051935404538,0.0194455262341459
990,33.033033033033036,63.659622,401.16455,401.13962,6.2153136e-05,12.0,30.0,71.0,449.0,337.0,193.0,421.0,191.0,32.40025895833969,624.5620774161815,0.014599682959669735
991,33.0663997330664,nan,nan,nan,nan,12.0,30.0,nan,nan,343.0,194.0,nan,nan,63.65962219238281,468.4215580621361,6.215313624124974e-05
992,33.09976643309977,nan,nan,nan,nan,12.0,30.0,26.0,28.0,nan,nan,340.0,194.0,63.65962219238281,nan,6.215313624124974e-05
993,33.133133133133136,nan,nan,nan,nan,12.0,30.0,nan,nan,342.0,192.0,nan,nan,nan,-939.3805485168098,nan
994,33.166499833166505,nan,nan,nan,nan,12.0,30.0,668.0,29.0,nan,nan,377.0,245.0,0.9715642333030701,nan,0.009504268877208233
995,33.19986653319987,nan,nan,nan,nan,12.0,30.0,nan,nan,348.0,238.0,378.0,245.0,0.9715642333030701,859.76758373335,0.009504268877208233
996,33.233233233233236,0.97156423,416.66922,412.7278,0.009504269,12.0,30.0,19.0,26.0,364.0,238.0,378.0,245.0,58.346778362989426,859.76758373335,0.017588844057172537
997,33.266599933266605,nan,nan,nan,nan,12.0,30.0,nan,nan,nan,nan,377.0,244.0,58.346778362989426,0.0,0.017588844057172537
998,33.29996663329997,115.72199,392.32034,382.3758,0.02567342,12.0,30.0,668.0,28.0,316.0,226.0,377.0,244.0,58.346778362989426,859.76758373335,0.017588844057172537
999,33.333333333333336,nan,nan,nan,nan,12.0,30.0,nan,nan,nan,nan,nan,nan,115.72199249267578,859.76758373335,0.02567341923713684
1000,33.366700033366705,nan,nan,nan,nan,nan,nan,673.0,45.0,342.0,192.0,347.0,195.0,115.72199249267578,nan,0.02567341923713684
1001,33.40006673340007,nan,nan,nan,nan,12.0,30.0,664.0,28.0,nan,nan,350.0,195.0,nan,nan,nan
1002,33.433433433433436,nan,nan,nan,nan,nan,nan,nan,nan,342.0,192.0,350.0,195.0,nan,nan,nan
1003,33.466800133466805,nan,nan,nan,nan,12.0,30.0,667.0,30.0,352.0,200.0,nan,nan,nan,nan,nan
1004,33.50016683350017,nan,nan,nan,nan,nan,nan,676.0,46.0,345.0,197.0,369.0,237.0,nan,nan,nan
1005,33.533533533533536,nan,nan,nan,nan,12.0,30.0,667.0,30.0,342.0,201.0,nan,nan,nan,nan,nan
1006,33.566900233566905,nan,nan,nan,nan,12.0,30.0,nan,nan,352.0,202.0,371.0,185.0,nan,nan,nan
1007,33.60026693360027,nan,nan,nan,nan,12.0,30.0,52.0,437.0,342.0,204.0,nan,nan,nan,nan,nan
1008,33.633633633633636,nan,nan,nan,nan,nan,nan,nan,nan,nan,nan,344.0,206.0,nan,nan,nan
1009,33.667000333667005,nan,nan,nan,nan,12.0,30.0,52.0,439.0,347.0,204.0,nan,nan,nan,nan,nan
1010,33.70036703370037,nan,nan,nan,nan,nan,nan,nan,nan,342.0,204.0,344.0,206.0,nan,nan,nan
1011,33.733733733733736,nan,nan,nan,nan,668.0,29.0,676.0,46.0,nan,nan,352.0,203.0,nan,nan,nan
1012,33.767100433767105,nan,nan,nan,nan,nan,nan,668.0,28.0,305.0,228.0,342.0,208.0,2.8534128665924072,nan,0.003935635089874268
1013,33.80046713380047,nan,nan,nan,nan,666.0,29.0,676.0,46.0,nan,nan,346.0,205.0,2.8169305324554443,-0.5466877770423888,0.004988601431250572
1014,33.833833833833836,2.8534129,395.11423,393.56226,0.003935635,668.0,28.0,676.0,46.0,308.0,243.0,343.0,207.0,2.8169305324554443,0.0,0.004988601431250572
1015,33.867200533867205,2.7804482,396.16696,393.7807,0.006041568,668.0,28.0,675.0,46.0,306.0,243.0,342.0,206.0,2.8169305324554443,0.0,0.004988601431250572
1016,33.90056723390057,nan,nan,nan,nan,670.0,43.0,676.0,46.0,305.0,244.0,nan,nan,2.8169305324554443,-0.5466877770423888,0.004988601431250572
1017,33.933933933933936,nan,nan,nan,nan,nan,nan,nan,nan,nan,nan,378.0,237.0,2.7804481983184814,-40.29056347154081,0.006041567772626877
1018,33.967300633967305,nan,nan,nan,nan,683.0,44.0,686.0,46.0,306.0,243.0,nan,nan,0.12820424139499664,-38.577098411209874,0.006954479031264782
1019,34.00066733400067,nan,nan,nan,nan,nan,nan,672.0,46.0,308.0,243.0,344.0,204.0,0.206067256629467,1.1667772832885384,0.013925992418080568
1020,34.034034034034036,0.12820424,385.7363,388.42825,0.006954479,671.0,49.0,673.0,47.0,309.0,244.0,346.0,205.0,0.206067256629467,2.0876226466521617,0.013925992418080568
1021,34.067400734067405,0.28393027,379.95953,387.98358,0.020897506,664.0,48.0,672.0,46.0,310.0,243.0,344.0,204.0,0.34538141389687854,2.0876226466521617,0.010204207617789507
1022,34.10076743410077,nan,nan,nan,nan,nan,nan,nan,nan,nan,nan,344.0,204.0,0.34538141389687854,1.6271999649703504,0.010204207617789507
1023,34.134134134134136,0.6240097,367.8383,366.82422,0.002760638,665.0,378.0,666.0,374.0,340.0,200.0,344.0,204.0,0.4539700001478195,4.175245293304324,0.01182907191105187
1024,34.167500834167505,nan,nan,nan,nan,nan,nan,665.0,385.0,346.0,203.0,nan,nan,0.6240097284317017,19.800956623926755,0.002760638017207384
1025,34.20086753420087,nan,nan,nan,nan,648.0,412.0,nan,nan,nan,nan,338.0,206.0,1.7753551602363586,34.50582259118556,0.002034812292549759
1026,34.234234234234236,nan,nan,nan,nan,nan,nan,676.0,45.0,342.0,201.0,345.0,202.0,2.9267005920410156,17.25291129559278,0.0013089865678921342
1027,34.267600934267605,2.9267006,367.9708,367.48944,0.0013089866,668.0,28.0,676.0,45.0,342.0,201.0,345.0,202.0,2.9267005920410156,0.0,0.0013089865678921342
1028,34.30096763430097,nan,nan,nan,nan,nan,nan,nan,nan,350.0,200.0,357.0,196.0,2.9267005920410156,0.0,0.0013089865678921342
1029,34.334334334334336,nan,nan,nan,nan,668.0,368.0,670.0,371.0,nan,nan,342.0,203.0,2.9267005920410156,nan,0.0013089865678921342
1030,34.367701034367705,nan,nan,nan,nan,nan,nan,nan,nan,340.0,200.0,345.0,202.0,nan,nan,nan
1031,34.40106773440107,nan,nan,nan,nan,667.0,370.0,670.0,371.0,nan,nan,342.0,202.0,nan,nan,nan
1032,34.434434434434436,nan,nan,nan,nan,nan,nan,nan,nan,294.0,229.0,343.0,203.0,nan,nan,nan
1033,34.467801134467805,nan,nan,nan,nan,666.0,381.0,675.0,46.0,nan,nan,nan,nan,nan,nan,nan
1034,34.50116783450117,nan,nan,nan,nan,nan,nan,686.0,61.0,339.0,204.0,348.0,232.0,nan,nan,nan
1035,34.53453453453454,nan,nan,nan,nan,12.0,30.0,nan,nan,339.0,204.0,nan,nan,48.0699462890625,nan,0.02393878623843193
1036,34.567901234567906,nan,nan,nan,nan,nan,nan,686.0,61.0,337.0,204.0,339.0,206.0,48.0699462890625,0.0,0.02393878623843193
1037,34.60126793460127,48.069946,367.89435,376.80798,0.023938786,670.0,364.0,686.0,61.0,337.0,204.0,339.0,207.0,48.0699462890625,0.0,0.02393878623843193
1038,34.63463463463464,nan,nan,nan,nan,nan,nan,nan,nan,337.0,203.0,339.0,207.0,48.0699462890625,0.0,0.02393878623843193
1039,34.668001334668006,nan,nan,nan,nan,667.0,374.0,686.0,61.0,nan,nan,341.0,207.0,48.0699462890625,-702.1119126981496,0.02393878623843193
1040,34.70136803470137,nan,nan,nan,nan,nan,nan,686.0,61.0,341.0,207.0,nan,nan,1.215631127357483,-702.1119126981496,0.030109034851193428
1041,34.73473473473474,nan,nan,nan,nan,12.0,30.0,nan,nan,341.0,207.0,382.0,200.0,1.215631127357483,0.31069917172193523,0.030109034851193428
1042,34.768101434768106,1.2156311,389.74768,378.1868,0.030109035,12.0,30.0,26.0,28.0,341.0,207.0,381.0,200.0,1.2363651394844055,0.31069917172193523,0.027631651610136032
1043,34.80146813480147,nan,nan,nan,nan,12.0,30.0,nan,nan,nan,nan,nan,nan,1.2363651394844055,8.615276215374468,0.027631651610136032
1044,34.83483483483484,1.2570992,429.04138,418.3832,0.025154268,12.0,30.0,26.0,28.0,372.0,259.0,377.0,260.0,1.8112918138504028,13.07826390892267,0.020718490860114496
1045,34.868201534868206,nan,nan,nan,nan,nan,nan,nan,nan,nan,nan,nan,nan,2.109122157096863,4.462987693548202,0.01602321886457503
1046,34.90156823490157,2.9611452,371.15292,373.71982,0.0068921694,664.0,30.0,675.0,46.0,334.0,206.0,341.0,207.0,2.109122157096863,442.5762278079986,0.01602321886457503
1047,34.93493493493494,nan,nan,nan,nan,nan,nan,667.0,30.0,336.0,209.0,nan,nan,31.643738627433777,442.5762278079986,0.06210584309883416
1048,34.968301634968306,nan,nan,nan,nan,686.0,53.0,nan,nan,334.0,206.0,341.0,207.0,31.643738627433777,429.8086630707979,0.06210584309883416
1049,35.00166833500167,60.326332,372.7952,419.25677,0.11731952,686.0,45.0,686.0,445.0,342.0,205.0,351.0,193.0,60.326332092285156,429.8086630707979,0.1173195168375969
1050,35.03503503503504,nan,nan,nan,nan,686.0,53.0,nan,nan,337.0,204.0,343.0,205.0,60.326332092285156,-450.9469749845936,0.1173195168375969
1051,35.068401735068406,nan,nan,nan,nan,686.0,53.0,686.0,52.0,nan,nan,335.0,208.0,30.233107201755047,-901.8939499691872,0.0591907047200948
1052,35.10176843510177,nan,nan,nan,nan,686.0,53.0,686.0,45.0,335.0,208.0,nan,nan,0.13988231122493744,-450.93654626626517,0.0010618926025927067
1053,35.13513513513514,0.13988231,377.51425,377.91534,0.0010618926,686.0,53.0,686.0,52.0,337.0,203.0,343.0,205.0,0.1405782550573349,0.010428718328475951,0.0010602273396216333
1054,35.168501835168506,nan,nan,nan,nan,nan,nan,nan,nan,343.0,205.0,351.0,193.0,0.1405782550573349,0.0,0.0010602273396216333
1055,35.20186853520187,0.1412742,370.54825,370.9407,0.0010585621,686.0,53.0,686.0,52.0,339.0,205.0,351.0,191.0,0.1405782550573349,0.010428718328475951,0.0010602273396216333
1056,35.23523523523524,nan,nan,nan,nan,nan,nan,686.0,52.0,334.0,206.0,nan,nan,0.14127419888973236,0.010428718328475951,0.00105856207665056
1057,35.268601935268606,nan,nan,nan,nan,49.0,445.0,nan,nan,336.0,205.0,340.0,178.0,0.14127419888973236,nan,0.00105856207665056
1058,35.30196863530197,nan,nan,nan,nan,nan,nan,686.0,52.0,336.0,206.0,345.0,182.0,nan,nan,nan
1059,35.33533533533534,nan,nan,nan,nan,686.0,53.0,686.0,52.0,nan,nan,nan,nan,nan,nan,nan
1060,35.368702035368706,nan,nan,nan,nan,nan,nan,nan,nan,324.0,149.0,334.0,205.0,nan,nan,nan
1061,35.40206873540207,nan,nan,nan,nan,686.0,53.0,686.0,52.0,nan,nan,338.0,205.0,nan,nan,nan
1062,35.43543543543544,nan,nan,nan,nan,686.0,53.0,686.0,52.0,334.0,201.0,nan,nan,nan,nan,nan
1063,35.468802135468806,nan,nan,nan,nan,nan,nan,nan,nan,334.0,201.0,340.0,203.0,nan,nan,nan
1064,35.50216883550217,nan,nan,nan,nan,651.0,386.0,667.0,374.0,nan,nan,343.0,203.0,nan,nan,nan
1065,35.53553553553554,nan,nan,nan,nan,nan,nan,nan,nan,342.0,176.0,nan,nan,nan,nan,nan
1066,35.568902235568906,nan,nan,nan,nan,657.0,385.0,667.0,374.0,nan,nan,364.0,233.0,nan,nan,nan
1067,35.60226893560227,nan,nan,nan,nan,nan,nan,nan,nan,342.0,176.0,nan,nan,nan,nan,nan
1068,35.63563563563564,nan,nan,nan,nan,50.0,403.0,56.0,410.0,nan,nan,401.0,231.0,nan,nan,nan
1069,35.669002335669006,nan,nan,nan,nan,nan,nan,nan,nan,339.0,205.0,401.0,231.0,nan,nan,nan
1070,35.70236903570237,nan,nan,nan,nan,50.0,402.0,56.0,410.0,nan,nan,nan,nan,nan,nan,nan
1071,35.73573573573574,nan,nan,nan,nan,nan,nan,nan,nan,334.0,204.0,336.0,207.0,nan,nan,nan
1072,35.769102435769106,nan,nan,nan,nan,43.0,394.0,56.0,410.0,339.0,205.0,nan,nan,nan,nan,nan
1073,35.80246913580247,nan,nan,nan,nan,nan,nan,50.0,402.0,334.0,204.0,336.0,207.0,nan,nan,nan
1074,35.83583583583584,nan,nan,nan,nan,12.0,30.0,nan,nan,335.0,202.0,336.0,208.0,nan,nan,nan
1075,35.869202535869206,nan,nan,nan,nan,12.0,30.0,62.0,443.0,338.0,205.0,nan,nan,nan,nan,nan
1076,35.90256923590257,nan,nan,nan,nan,12.0,30.0,nan,nan,nan,nan,436.0,187.0,nan,nan,nan
1077,35.93593593593594,nan,nan,nan,nan,12.0,30.0,19.0,26.0,334.0,205.0,nan,nan,nan,nan,nan
1078,35.969302635969306,nan,nan,nan,nan,nan,nan,nan,nan,nan,nan,301.0,244.0,nan,nan,nan
1079,36.00266933600267,nan,nan,nan,nan,12.0,30.0,673.0,45.0,334.0,205.0,nan,nan,nan,nan,nan
1080,36.03603603603604,nan,nan,nan,nan,nan,nan,673.0,45.0,nan,nan,298.0,242.0,61.16664123535156,nan,0.01910032331943512
1081,36.06940273606941,nan,nan,nan,nan,12.0,30.0,nan,nan,336.0,204.0,nan,nan,61.16664123535156,517.0967121505737,0.01910032331943512
1082,36.10276943610277,61.16664,381.25122,374.0381,0.019100323,12.0,30.0,44.0,413.0,334.0,203.0,371.0,200.0,95.67426300048828,517.0967121505737,0.03161515109241009
1083,36.13613613613614,nan,nan,nan,nan,nan,nan,nan,nan,nan,nan,nan,nan,95.67426300048828,0.0,0.03161515109241009
1084,36.16950283616951,130.18188,363.70593,380.1184,0.04412998,12.0,30.0,686.0,60.0,332.0,200.0,334.0,202.0,95.67426300048828,429.6780004119872,0.03161515109241009
1085,36.20286953620287,nan,nan,nan,nan,12.0,30.0,nan,nan,332.0,200.0,334.0,202.0,124.34813690185547,429.6780004119872,0.026985689997673035
1086,36.23623623623624,nan,nan,nan,nan,12.0,30.0,683.0,44.0,332.0,203.0,nan,nan,124.34813690185547,-87.41871173858641,0.026985689997673035
1087,36.26960293626961,118.51439,394.22076,390.36008,0.009841401,12.0,30.0,686.0,51.0,335.0,203.0,355.0,279.0,118.51438903808594,-87.41871173858641,0.009841401129961014
1088,36.30296963630297,nan,nan,nan,nan,nan,nan,686.0,46.0,nan,nan,nan,nan,118.51438903808594,-467.7704107189178,0.009841401129961014
1089,36.33633633633634,nan,nan,nan,nan,12.0,30.0,nan,nan,331.0,202.0,334.0,203.0,87.2984790802002,-935.5408214378356,0.03481273353099823
1090,36.36970303636971,nan,nan,nan,nan,nan,nan,45.0,408.0,334.0,203.0,nan,nan,56.08256912231445,-467.7704107189178,0.059784065932035446
1091,36.40306973640307,56.08257,414.79062,390.7125,0.059784066,12.0,30.0,43.0,408.0,335.0,203.0,431.0,228.0,56.08256912231445,0.0,0.059784065932035446
1092,36.43643643643644,nan,nan,nan,nan,12.0,30.0,44.0,418.0,335.0,194.0,nan,nan,56.08256912231445,0.0,0.059784065932035446
1093,36.46980313646981,nan,nan,nan,nan,12.0,30.0,nan,nan,335.0,203.0,369.0,289.0,56.08256912231445,nan,0.059784065932035446
1094,36.50316983650317,nan,nan,nan,nan,12.0,30.0,668.0,29.0,nan,nan,nan,nan,nan,nan,nan
1095,36.53653653653654,nan,nan,nan,nan,nan,nan,676.0,46.0,359.0,232.0,369.0,289.0,nan,nan,nan
1096,36.56990323656991,nan,nan,nan,nan,12.0,30.0,676.0,45.0,nan,nan,nan,nan,nan,nan,nan
1097,36.60326993660327,nan,nan,nan,nan,12.0,30.0,nan,nan,332.0,203.0,399.0,229.0,nan,nan,nan
1098,36.63663663663664,nan,nan,nan,nan,11.0,38.0,12.0,30.0,nan,nan,nan,nan,nan,nan,nan
1099,36.67000333667001,nan,nan,nan,nan,12.0,30.0,nan,nan,328.0,205.0,429.0,230.0,nan,nan,nan
1100,36.70337003670337,nan,nan,nan,nan,15.0,32.0,43.0,410.0,nan,nan,nan,nan,nan,nan,nan
1101,36.73673673673674,nan,nan,nan,nan,12.0,30.0,nan,nan,356.0,233.0,369.0,233.0,nan,nan,nan
1102,36.77010343677011,nan,nan,nan,nan,12.0,30.0,686.0,45.0,356.0,233.0,nan,nan,nan,nan,nan
1103,36.80347013680347,nan,nan,nan,nan,12.0,32.0,nan,nan,nan,nan,346.0,181.0,nan,nan,nan
1104,36.83683683683684,nan,nan,nan,nan,12.0,30.0,50.0,402.0,328.0,204.0,nan,nan,nan,nan,nan
1105,36.87020353687021,nan,nan,nan,nan,12.0,30.0,50.0,403.0,nan,nan,380.0,227.0,nan,nan,nan
1106,36.90357023690357,nan,nan,nan,nan,nan,nan,nan,nan,328.0,205.0,nan,nan,nan,nan,nan
1107,36.93693693693694,nan,nan,nan,nan,12.0,30.0,50.0,402.0,nan,nan,361.0,177.0,127.63221740722656,nan,0.08041547238826752
1108,36.97030363697031,nan,nan,nan,nan,nan,nan,nan,nan,329.0,201.0,nan,nan,127.63221740722656,-916.9402751827239,0.08041547238826752
1109,37.00367033700367,127.63222,360.45596,390.6565,0.08041547,12.0,30.0,686.0,45.0,326.0,201.0,331.0,204.0,66.44167518615723,-916.9402751827239,0.04671130841597915
1110,37.03703703703704,nan,nan,nan,nan,nan,nan,686.0,60.0,326.0,201.0,331.0,204.0,66.44167518615723,-331.17745541028677,0.04671130841597915
1111,37.07040373707041,5.251133,381.25613,386.24765,0.013007144,667.0,30.0,686.0,60.0,326.0,201.0,328.0,204.0,44.341077561179794,-955.2363207067921,0.03145746585990613
1112,37.10377043710377,nan,nan,nan,nan,nan,nan,686.0,60.0,nan,nan,326.0,201.0,2.695507638156414,-624.0588652965052,0.006978462595725432
1113,37.13713713713714,0.13988231,383.75317,384.11783,0.00094978075,686.0,46.0,686.0,45.0,326.0,167.0,331.0,204.0,2.695507638156414,-38.27528968613594,0.006978462595725432
1114,37.17050383717051,nan,nan,nan,nan,686.0,46.0,686.0,45.0,nan,nan,326.0,201.0,0.14126741886138916,-38.27528968613594,0.0010069577547255903
1115,37.20387053720387,nan,nan,nan,nan,686.0,46.0,686.0,45.0,331.0,204.0,nan,nan,0.14126741886138916,-0.031928459890186785,0.0010069577547255903
1116,37.23723723723724,0.14265253,367.66086,368.0523,0.0010641348,686.0,46.0,686.0,45.0,334.0,202.0,361.0,177.0,0.13913672417402267,-0.031928459890186785,0.0010486183455213904
1117,37.27060393727061,nan,nan,nan,nan,nan,nan,nan,nan,334.0,202.0,nan,nan,0.13913672417402267,0.0,0.0010486183455213904
1118,37.30397063730397,0.13562092,386.5052,386.9047,0.0010331019,686.0,46.0,686.0,45.0,329.0,198.0,334.0,202.0,0.13913672417402267,-0.05268429782241582,0.0010486183455213904
1119,37.33733733733734,nan,nan,nan,nan,686.0,46.0,686.0,45.0,329.0,201.0,nan,nan,0.13562092185020447,-0.05268429782241582,0.0010331019293516874
1120,37.37070403737071,nan,nan,nan,nan,686.0,46.0,686.0,45.0,nan,nan,334.0,202.0,0.13562092185020447,nan,0.0010331019293516874
1121,37.40407073740407,nan,nan,nan,nan,nan,nan,686.0,45.0,332.0,202.0,nan,nan,nan,nan,nan
1122,37.43743743743744,nan,nan,nan,nan,670.0,49.0,677.0,46.0,nan,nan,332.0,202.0,nan,nan,nan
1123,37.47080413747081,nan,nan,nan,nan,nan,nan,686.0,45.0,332.0,202.0,339.0,194.0,nan,nan,nan
1124,37.50417083750417,nan,nan,nan,nan,12.0,30.0,nan,nan,nan,nan,nan,nan,nan,nan,nan
1125,37.53753753753754,nan,nan,nan,nan,nan,nan,686.0,45.0,334.0,191.0,340.0,195.0,nan,nan,nan
1126,37.57090423757091,nan,nan,nan,nan,12.0,30.0,nan,nan,340.0,191.0,nan,nan,nan,nan,nan
1127,37.60427093760427,nan,nan,nan,nan,nan,nan,667.0,372.0,329.0,202.0,334.0,189.0,130.2103271484375,nan,0.04120790958404541
1128,37.63763763763764,nan,nan,nan,nan,12.0,30.0,nan,nan,329.0,201.0,nan,nan,130.2103271484375,0.0,0.04120790958404541
1129,37.67100433767101,130.21033,359.12253,374.23254,0.04120791,12.0,30.0,677.0,48.0,329.0,202.0,335.0,184.0,130.2103271484375,0.0,0.04120790958404541
1130,37.70437103770437,nan,nan,nan,nan,nan,nan,676.0,46.0,329.0,202.0,334.0,184.0,130.2103271484375,0.0,0.04120790958404541
1131,37.73773773773774,nan,nan,nan,nan,12.0,30.0,nan,nan,nan,nan,nan,nan,130.2103271484375,nan,0.04120790958404541
1132,37.77110443777111,nan,nan,nan,nan,nan,nan,44.0,409.0,371.0,200.0,376.0,200.0,nan,nan,nan
1133,37.80447113780447,nan,nan,nan,nan,12.0,30.0,44.0,414.0,nan,nan,nan,nan,nan,nan,nan
1134,37.83783783783784,nan,nan,nan,nan,12.0,30.0,nan,nan,330.0,198.0,342.0,187.0,nan,nan,nan
1135,37.87120453787121,nan,nan,nan,nan,12.0,30.0,47.0,422.0,nan,nan,nan,nan,65.44902038574219,nan,0.012748259119689465
1136,37.90457123790457,nan,nan,nan,nan,12.0,30.0,nan,nan,371.0,203.0,375.0,200.0,65.44902038574219,0.0,0.012748259119689465
1137,37.93793793793794,65.44902,398.31207,393.26645,0.012748259,12.0,30.0,70.0,454.0,371.0,203.0,372.0,200.0,65.44902038574219,0.0,0.012748259119689465
1138,37.97130463797131,nan,nan,nan,nan,12.0,30.0,nan,nan,371.0,203.0,375.0,200.0,65.44902038574219,0.0,0.012748259119689465
1139,38.00467133800467,nan,nan,nan,nan,nan,nan,673.0,47.0,nan,nan,366.0,201.0,65.44902038574219,-978.765000970736,0.012748259119689465
1140,38.03803803803804,nan,nan,nan,nan,12.0,30.0,nan,nan,369.0,202.0,372.0,200.0,0.1327040046453476,-978.765000970736,0.0009700196678750217
1141,38.07140473807141,nan,nan,nan,nan,nan,nan,686.0,61.0,nan,nan,nan,nan,0.1327040046453476,449.58791184324764,0.0009700196678750217
1142,38.10477143810477,0.132704,396.30795,396.69257,0.00097001967,686.0,46.0,686.0,45.0,269.0,194.0,371.0,202.0,30.135233990848064,449.58791184324764,0.017267124116187915
1143,38.13813813813814,nan,nan,nan,nan,nan,nan,nan,nan,nan,nan,nan,nan,30.135233990848064,0.0,0.017267124116187915
1144,38.17150483817151,60.137764,375.8833,388.71487,0.03356423,12.0,30.0,43.0,412.0,346.0,176.0,366.0,187.0,30.135233990848064,449.58791184324764,0.017267124116187915
1145,38.20487153820487,nan,nan,nan,nan,nan,nan,nan,nan,nan,nan,373.0,202.0,60.13776397705078,56.64316570658236,0.03356422856450081
1146,38.23823823823824,nan,nan,nan,nan,12.0,30.0,44.0,422.0,268.0,197.0,nan,nan,33.9152250289917,-785.8894922733306,0.017792942002415657
1147,38.27160493827161,nan,nan,nan,nan,nan,nan,nan,nan,nan,nan,340.0,189.0,7.692686080932617,-34.86926110267639,0.0020216554403305054
1148,38.30497163830497,7.692686,368.5173,367.77304,0.0020216554,668.0,28.0,686.0,74.0,332.0,191.0,342.0,189.0,31.58828067779541,358.0754850339889,0.021234212443232536
1149,38.33833833833834,nan,nan,nan,nan,nan,nan,nan,nan,331.0,190.0,337.0,188.0,31.58828067779541,0.0,0.021234212443232536
1150,38.37170503837171,55.483875,371.22937,386.55432,0.04044677,665.0,27.0,666.0,380.0,328.0,185.0,333.0,191.0,31.58828067779541,358.0754850339889,0.021234212443232536
1151,38.40507173840507,nan,nan,nan,nan,nan,nan,665.0,381.0,nan,nan,331.0,187.0,55.4838752746582,358.0754850339889,0.04044676944613457
1152,38.43843843843844,nan,nan,nan,nan,665.0,383.0,nan,nan,332.0,185.0,nan,nan,55.4838752746582,nan,0.04044676944613457
1153,38.47180513847181,nan,nan,nan,nan,nan,nan,43.0,410.0,nan,nan,376.0,247.0,nan,111.58509962081908,nan
1154,38.50517183850517,nan,nan,nan,nan,12.0,30.0,nan,nan,341.0,191.0,376.0,247.0,62.930328369140625,nan,0.007439218927174807
1155,38.53853853853854,nan,nan,nan,nan,12.0,30.0,50.0,403.0,nan,nan,nan,nan,62.930328369140625,0.0,0.007439218927174807
1156,38.57190523857191,62.93033,360.47192,357.80023,0.007439219,12.0,30.0,50.0,403.0,331.0,190.0,341.0,186.0,62.930328369140625,-59.52713850975036,0.007439218927174807
1157,38.60527193860527,nan,nan,nan,nan,12.0,30.0,49.0,401.0,343.0,186.0,nan,nan,58.9578800201416,-59.52713850975036,0.0565564448479563
1158,38.63863863863864,nan,nan,nan,nan,12.0,30.0,49.0,401.0,nan,nan,403.0,229.0,58.9578800201416,-72.05249010086058,0.0565564448479563
1159,38.67200533867201,54.98543,431.3563,388.06088,0.10567367,15.0,32.0,56.0,410.0,396.0,230.0,402.0,227.0,54.14957237243652,-66.70213482856747,0.10807781293988228
1160,38.70537203870537,nan,nan,nan,nan,12.0,30.0,58.0,414.0,nan,nan,nan,nan,54.50661977132162,5.350355272293125,0.1108942652742068
1161,38.73873873873874,53.313713,435.84,390.20828,0.110481955,12.0,30.0,49.0,401.0,396.0,230.0,403.0,229.0,54.50661977132162,-13.955909271240268,0.1108942652742068
1162,38.77210543877211,55.220715,434.06277,386.2674,0.11652717,12.0,30.0,56.0,410.0,396.0,230.0,399.0,229.0,53.575294494628906,-13.955909271240268,0.11140499264001846
1163,38.80547213880547,nan,nan,nan,nan,12.0,30.0,nan,nan,396.0,230.0,398.0,230.0,53.575294494628906,390.81732570648194,0.11140499264001846
1164,38.83883883883884,52.191456,433.8332,389.68994,0.10720585,12.0,30.0,44.0,393.0,396.0,229.0,399.0,229.0,79.65586344401042,770.4690513038635,0.08173669191698234
1165,38.87220553887221,nan,nan,nan,nan,12.0,30.0,nan,nan,nan,nan,nan,nan,104.99131393432617,476.23754869937886,0.05701115044454733
1166,38.90557223890557,131.55542,365.63986,373.57797,0.021477053,12.0,30.0,686.0,44.0,336.0,190.0,347.0,187.0,111.4368143081665,392.5163886451719,0.04719537869095802
1167,38.93893893893894,131.22707,362.2499,377.92328,0.042350546,12.0,30.0,686.0,45.0,334.0,188.0,340.0,192.0,131.18526713053384,295.93056554317457,0.02719188729921977
1168,38.97230563897231,130.77332,362.02936,368.5122,0.017748063,12.0,30.0,676.0,45.0,334.0,188.0,340.0,191.0,131.18526713053384,-2.773369789123393,0.02719188729921977
1169,39.00567233900567,nan,nan,nan,nan,nan,nan,676.0,46.0,331.0,191.0,nan,nan,131.00019073486328,-6.173096237182475,0.030049304477870464
1170,39.03903903903904,nan,nan,nan,nan,676.0,45.0,nan,nan,337.0,191.0,364.0,237.0,130.7733154296875,nan,0.017748063430190086
1171,39.07240573907241,nan,nan,nan,nan,668.0,28.0,676.0,45.0,335.0,192.0,nan,nan,nan,nan,nan
1172,39.10577243910577,nan,nan,nan,nan,676.0,46.0,nan,nan,334.0,188.0,340.0,192.0,nan,nan,nan
1173,39.13913913913914,nan,nan,nan,nan,nan,nan,50.0,452.0,340.0,192.0,nan,nan,nan,nan,nan
1174,39.17250583917251,nan,nan,nan,nan,12.0,30.0,nan,nan,340.0,194.0,351.0,187.0,53.60902786254883,nan,0.044562894850969315
1175,39.20587253920588,nan,nan,nan,nan,12.0,30.0,41.0,391.0,nan,nan,nan,nan,53.60902786254883,0.0,0.044562894850969315
1176,39.23923923923924,53.609028,407.84863,390.06985,0.044562895,12.0,30.0,41.0,389.0,382.0,201.0,383.0,200.0,53.60902786254883,0.0,0.044562894850969315
1177,39.27260593927261,nan,nan,nan,nan,12.0,30.0,nan,nan,nan,nan,nan,nan,53.60902786254883,62.92600750923156,0.044562894850969315
1178,39.30597263930598,nan,nan,nan,nan,nan,nan,51.0,450.0,339.0,195.0,364.0,234.0,57.80829429626465,125.85201501846312,0.06628442741930485
1179,39.33933933933934,nan,nan,nan,nan,12.0,30.0,nan,nan,nan,nan,364.0,234.0,62.00756072998047,62.92600750923156,0.08800595998764038
1180,39.37270603937271,62.00756,386.6332,354.04132,0.08800596,12.0,30.0,56.0,410.0,339.0,196.0,364.0,234.0,62.00756072998047,34.67013296127319,0.08800595998764038
1181,39.40607273940608,nan,nan,nan,nan,12.0,30.0,nan,nan,340.0,200.0,364.0,234.0,64.32121658325195,34.67013296127319,0.058142066933214664
1182,39.43943943943944,nan,nan,nan,nan,nan,nan,72.0,454.0,340.0,200.0,nan,nan,64.32121658325195,34.67013296127319,0.058142066933214664
1183,39.47280613947281,66.63487,383.72028,394.7268,0.028278174,12.0,30.0,68.0,454.0,348.0,194.0,374.0,185.0,66.63487243652344,34.67013296127319,0.028278173878788948
1184,39.50617283950618,nan,nan,nan,nan,nan,nan,71.0,452.0,nan,nan,nan,nan,66.63487243652344,0.0,0.028278173878788948
1185,39.53953953953954,nan,nan,nan,nan,670.0,49.0,nan,nan,265.0,210.0,348.0,194.0,66.63487243652344,913.8772687911986,0.028278173878788948
1186,39.57290623957291,nan,nan,nan,nan,nan,nan,666.0,29.0,nan,nan,340.0,200.0,127.62100982666016,913.8772687911986,0.011297035031020641
1187,39.60627293960628,nan,nan,nan,nan,12.0,30.0,nan,nan,334.0,199.0,337.0,200.0,127.62100982666016,0.0,0.011297035031020641
1188,39.63963963963964,127.62101,365.2157,369.365,0.011297035,12.0,30.0,671.0,45.0,334.0,199.0,337.0,200.0,127.62100982666016,0.0,0.011297035031020641
1189,39.67300633967301,nan,nan,nan,nan,nan,nan,676.0,45.0,nan,nan,337.0,200.0,127.62100982666016,0.0,0.011297035031020641
1190,39.70637303970638,nan,nan,nan,nan,680.0,461.0,nan,nan,334.0,199.0,337.0,200.0,127.62100982666016,nan,0.011297035031020641
1191,39.73973973973974,nan,nan,nan,nan,nan,nan,676.0,45.0,nan,nan,332.0,199.0,nan,nan,nan
1192,39.77310643977311,nan,nan,nan,nan,12.0,30.0,675.0,44.0,334.0,236.0,nan,nan,nan,nan,nan
1193,39.80647313980648,nan,nan,nan,nan,nan,nan,677.0,46.0,nan,nan,338.0,200.0,nan,nan,nan
1194,39.83983983983984,nan,nan,nan,nan,12.0,30.0,676.0,45.0,337.0,199.0,nan,nan,nan,nan,nan
1195,39.87320653987321,nan,nan,nan,nan,nan,nan,677.0,46.0,nan,nan,341.0,198.0,nan,nan,nan
1196,39.90657323990658,nan,nan,nan,nan,12.0,30.0,676.0,45.0,341.0,198.0,nan,nan,nan,nan,nan
1197,39.93993993993994,nan,nan,nan,nan,12.0,30.0,675.0,44.0,nan,nan,337.0,199.0,nan,nan,nan
1198,39.97330663997331,nan,nan,nan,nan,nan,nan,686.0,44.0,283.0,230.0,nan,nan,nan,nan,nan
1199,40.00667334000668,nan,nan,nan,nan,675.0,44.0,686.0,44.0,nan,nan,364.0,254.0,nan,nan,nan
1200,40.04004004004004,nan,nan,nan,nan,676.0,45.0,nan,nan,332.0,198.0,nan,nan,nan,nan,nan
1201,40.07340674007341,nan,nan,nan,nan,nan,nan,676.0,45.0,332.0,201.0,365.0,254.0,nan,nan,nan
1202,40.10677344010678,nan,nan,nan,nan,667.0,30.0,676.0,45.0,332.0,198.0,nan,nan,nan,nan,nan
1203,40.14014014014014,nan,nan,nan,nan,nan,nan,675.0,44.0,nan,nan,335.0,200.0,nan,nan,nan
1204,40.17350684017351,nan,nan,nan,nan,606.0,461.0,nan,nan,332.0,198.0,nan,nan,nan,nan,nan
1205,40.20687354020688,nan,nan,nan,nan,nan,nan,43.0,417.0,nan,nan,398.0,232.0,59.67089080810547,nan,0.08835896104574203
1206,40.24024024024024,nan,nan,nan,nan,12.0,30.0,nan,nan,331.0,198.0,nan,nan,59.67089080810547,0.0,0.08835896104574203
1207,40.27360694027361,59.67089,373.71814,342.09393,0.08835896,12.0,30.0,41.0,386.0,332.0,199.0,342.0,230.0,59.67089080810547,0.0,0.08835896104574203
1208,40.30697364030698,nan,nan,nan,nan,nan,nan,nan,nan,334.0,198.0,nan,nan,59.67089080810547,79.47828060150145,0.08835896104574203
1209,40.34034034034034,nan,nan,nan,nan,12.0,30.0,686.0,74.0,nan,nan,356.0,228.0,64.97474670410156,158.9565612030029,0.04809719789773226
1210,40.37370704037371,nan,nan,nan,nan,nan,nan,nan,nan,327.0,202.0,nan,nan,70.27860260009766,79.47828060150145,0.00783543474972248
1211,40.40707374040708,70.2786,367.05655,369.9439,0.007835435,603.0,461.0,686.0,45.0,326.0,200.0,371.0,193.0,70.27860260009766,0.0,0.00783543474972248
1212,40.44044044044044,nan,nan,nan,nan,nan,nan,686.0,45.0,nan,nan,369.0,194.0,70.27860260009766,0.0,0.00783543474972248
1213,40.47380714047381,nan,nan,nan,nan,49.0,452.0,nan,nan,369.0,194.0,371.0,196.0,70.27860260009766,-174.03016422271727,0.00783543474972248
1214,40.50717384050718,nan,nan,nan,nan,nan,nan,686.0,45.0,nan,nan,371.0,196.0,58.66497802734375,-167.2000718307495,0.002284250222146511
1215,40.54054054054054,nan,nan,nan,nan,12.0,30.0,nan,nan,372.0,197.0,376.0,194.0,59.12077331542969,6.8300923919677725,0.0161186414770782
1216,40.57390724057391,58.664978,393.77658,394.6771,0.0022842502,12.0,30.0,43.0,415.0,369.0,193.0,371.0,195.0,59.12077331542969,48.11353569030758,0.0161186414770782
1217,40.60727394060728,59.57657,394.93353,383.27863,0.029953033,12.0,30.0,58.0,414.0,371.0,194.0,372.0,193.0,62.33155314127604,48.11353569030758,0.028834644394616287
1218,40.64064064064064,nan,nan,nan,nan,nan,nan,nan,nan,nan,nan,nan,nan,62.33155314127604,27.471814041137726,0.028834644394616287
1219,40.67400734067401,68.75311,376.91678,397.94125,0.05426665,603.0,461.0,668.0,28.0,310.0,230.0,324.0,201.0,64.16484069824219,96.22707138061526,0.04210984148085117
1220,40.70737404070738,nan,nan,nan,nan,nan,nan,nan,nan,nan,nan,324.0,201.0,68.75311279296875,68.75525733947752,0.05426665022969246
1221,40.74074074074074,nan,nan,nan,nan,49.0,450.0,52.0,449.0,324.0,201.0,nan,nan,68.75311279296875,nan,0.05426665022969246
1222,40.77410744077411,nan,nan,nan,nan,nan,nan,nan,nan,321.0,199.0,327.0,202.0,nan,-1028.9732502287998,nan
1223,40.80747414080748,nan,nan,nan,nan,601.0,461.0,668.0,368.0,324.0,200.0,nan,nan,0.08622922748327255,nan,0.0019375389674678445
1224,40.84084084084084,nan,nan,nan,nan,nan,nan,nan,nan,nan,nan,369.0,200.0,0.08622922748327255,0.0,0.0019375389674678445
1225,40.87420754087421,0.08622923,405.51602,404.73108,0.001937539,52.0,450.0,53.0,450.0,369.0,200.0,372.0,198.0,0.08622922748327255,0.0,0.0019375389674678445
1226,40.90757424090758,nan,nan,nan,nan,nan,nan,52.0,450.0,nan,nan,nan,nan,0.08622922748327255,0.0,0.0019375389674678445
1227,40.94094094094094,nan,nan,nan,nan,44.0,414.0,nan,nan,369.0,200.0,372.0,198.0,0.08622922748327255,nan,0.0019375389674678445
1228,40.97430764097431,nan,nan,nan,nan,nan,nan,49.0,401.0,nan,nan,nan,nan,nan,880.9759107894076,nan
1229,41.00767434100768,nan,nan,nan,nan,12.0,30.0,nan,nan,370.0,200.0,374.0,198.0,58.876747131347656,nan,0.04432070627808571
1230,41.04104104104104,nan,nan,nan,nan,12.0,30.0,49.0,401.0,nan,nan,370.0,200.0,59.20771026611328,4.95948257446289,0.04371273145079613
1231,41.07440774107441,58.876747,397.4824,380.24762,0.044320706,12.0,30.0,56.0,410.0,372.0,198.0,372.0,199.0,59.20771026611328,0.0,0.04371273145079613
1232,41.10777444110778,59.538673,397.45502,380.68427,0.043104757,12.0,30.0,57.0,414.0,369.0,200.0,374.0,199.0,59.20771026611328,28.229569931030305,0.04371273145079613
1233,41.14114114114114,nan,nan,nan,nan,12.0,30.0,57.0,414.0,nan,nan,nan,nan,61.091565450032554,44.82409618377685,0.034560990830262504
1234,41.17450784117451,nan,nan,nan,nan,nan,nan,nan,nan,369.0,200.0,377.0,198.0,62.198974609375,56.4591398620605,0.0296811331063509
1235,41.20787454120788,64.859276,397.6946,391.28122,0.01625751,12.0,30.0,71.0,449.0,370.0,200.0,374.0,198.0,64.8592758178711,39.86461360931396,0.01625750958919525
1236,41.24124124124124,nan,nan,nan,nan,12.0,30.0,nan,nan,370.0,200.0,377.0,198.0,64.8592758178711,0.0,0.01625750958919525
1237,41.27460794127461,nan,nan,nan,nan,nan,nan,45.0,414.0,nan,nan,nan,nan,64.8592758178711,nan,0.01625750958919525
1238,41.30797464130798,nan,nan,nan,nan,71.0,448.0,nan,nan,321.0,185.0,338.0,183.0,nan,nan,nan
1239,41.34134134134134,nan,nan,nan,nan,nan,nan,46.0,412.0,337.0,184.0,nan,nan,nan,nan,nan
1240,41.37470804137471,nan,nan,nan,nan,12.0,30.0,nan,nan,nan,nan,403.0,233.0,nan,nan,nan
1241,41.40807474140808,nan,nan,nan,nan,nan,nan,667.0,373.0,361.0,179.0,nan,nan,57.834617614746094,nan,0.03995301574468613
1242,41.44144144144144,nan,nan,nan,nan,12.0,30.0,nan,nan,nan,nan,375.0,196.0,57.834617614746094,-1.457262439727783,0.03995301574468613
1243,41.47480814147481,57.834618,409.20197,393.1733,0.039953016,12.0,30.0,43.0,417.0,377.0,214.0,380.0,210.0,57.737369537353516,-0.10188394546512337,0.039416441693902016
1244,41.50817484150818,nan,nan,nan,nan,nan,nan,45.0,416.0,nan,nan,369.0,200.0,57.82781855265299,1.3553784942626597,0.028283147451778252
1245,41.54154154154154,57.64012,409.20654,393.60004,0.038879868,12.0,30.0,43.0,416.0,378.0,212.0,380.0,210.0,57.82781855265299,-4.7063256454467055,0.028283147451778252
1246,41.57490824157491,58.008717,398.45483,396.0647,0.006016559,12.0,32.0,43.0,416.0,369.0,200.0,379.0,197.0,57.51374944051107,-8.079132971763574,0.030948853430648644
1247,41.60827494160828,nan,nan,nan,nan,12.0,30.0,nan,nan,377.0,212.0,377.0,214.0,57.28867053985596,-5.128304672241246,0.038235284155234694
1248,41.64164164164164,56.89241,400.35608,381.60843,0.047950134,12.0,30.0,49.0,401.0,371.0,203.0,377.0,199.0,57.1715202331543,-8.028190999031066,0.03802042299260696
1249,41.67500834167501,56.613434,404.3167,380.72824,0.060094576,12.0,30.0,49.0,401.0,373.0,213.0,379.0,199.0,56.75292205810547,-6.272693653106689,0.05402235500514507
1250,41.70837504170838,nan,nan,nan,nan,nan,nan,nan,nan,369.0,201.0,375.0,191.0,56.75292205810547,-2.090230979919433,0.05402235500514507
1251,41.74174174174174,nan,nan,nan,nan,12.0,30.0,26.0,28.0,nan,nan,366.0,201.0,56.613433837890625,nan,0.060094576328992844
1252,41.77510844177511,nan,nan,nan,nan,12.0,30.0,nan,nan,367.0,200.0,371.0,198.0,nan,nan,nan
1253,41.80847514180848,nan,nan,nan,nan,12.0,30.0,686.0,43.0,nan,nan,nan,nan,nan,nan,nan
1254,41.84184184184184,nan,nan,nan,nan,nan,nan,673.0,48.0,345.0,171.0,351.0,176.0,167.2025146484375,nan,0.03562263026833534
1255,41.87520854187521,nan,nan,nan,nan,12.0,30.0,nan,nan,nan,nan,nan,nan,167.2025146484375,0.0,0.03562263026833534
1256,41.90857524190858,167.20251,377.64136,364.4242,0.03562263,12.0,30.0,644.0,410.0,343.0,171.0,367.0,205.0,167.2025146484375,0.0,0.03562263026833534
1257,41.94194194194194,nan,nan,nan,nan,12.0,30.0,nan,nan,nan,nan,nan,nan,167.2025146484375,0.0,0.03562263026833534
1258,41.97530864197531,nan,nan,nan,nan,nan,nan,672.0,44.0,364.0,213.0,365.0,216.0,167.2025146484375,nan,0.03562263026833534
1259,42.00867534200868,nan,nan,nan,nan,661.0,383.0,nan,nan,nan,nan,nan,nan,nan,-2493.440856593549,nan
1260,42.04204204204204,nan,nan,nan,nan,nan,nan,686.0,76.0,334.0,224.0,353.0,226.0,0.8067284226417542,nan,0.004606747068464756
1261,42.07540874207541,nan,nan,nan,nan,670.0,45.0,nan,nan,nan,nan,nan,nan,0.8067284226417542,0.0,0.004606747068464756
1262,42.10877544210878,0.8067284,404.17075,406.03696,0.004606747,686.0,53.0,686.0,47.0,258.0,196.0,344.0,156.0,0.8067284226417542,0.0,0.004606747068464756
1263,42.14214214214214,nan,nan,nan,nan,nan,nan,675.0,45.0,nan,nan,nan,nan,0.8067284226417542,0.0,0.004606747068464756
1264,42.17550884217551,nan,nan,nan,nan,12.0,30.0,nan,nan,374.0,193.0,389.0,201.0,0.8067284226417542,nan,0.004606747068464756
1265,42.20887554220888,nan,nan,nan,nan,nan,nan,650.0,408.0,nan,nan,nan,nan,nan,nan,nan
1266,42.24224224224224,nan,nan,nan,nan,12.0,30.0,nan,nan,328.0,232.0,385.0,216.0,nan,nan,nan
1267,42.27560894227561,nan,nan,nan,nan,nan,nan,675.0,46.0,nan,nan,nan,nan,nan,nan,nan
1268,42.30897564230898,nan,nan,nan,nan,667.0,28.0,nan,nan,305.0,185.0,328.0,276.0,nan,nan,nan
1269,42.34234234234234,nan,nan,nan,nan,nan,nan,19.0,26.0,nan,nan,nan,nan,nan,nan,nan
1270,42.37570904237571,nan,nan,nan,nan,12.0,30.0,nan,nan,328.0,194.0,383.0,191.0,nan,nan,nan
1271,42.40907574240908,nan,nan,nan,nan,nan,nan,675.0,46.0,nan,nan,nan,nan,nan,nan,nan
1272,42.44244244244244,nan,nan,nan,nan,12.0,30.0,nan,nan,329.0,229.0,342.0,264.0,nan,nan,nan
1273,42.47580914247581,nan,nan,nan,nan,nan,nan,686.0,45.0,335.0,223.0,nan,nan,nan,nan,nan
1274,42.50917584250918,nan,nan,nan,nan,49.0,454.0,nan,nan,nan,nan,394.0,194.0,nan,nan,nan
1275,42.54254254254254,nan,nan,nan,nan,49.0,453.0,50.0,452.0,286.0,200.0,nan,nan,nan,nan,nan
1276,42.57590924257591,nan,nan,nan,nan,nan,nan,nan,nan,nan,nan,335.0,203.0,nan,nan,nan
1277,42.60927594260928,nan,nan,nan,nan,12.0,30.0,686.0,45.0,333.0,178.0,nan,nan,nan,nan,nan
1278,42.64264264264264,nan,nan,nan,nan,12.0,30.0,677.0,48.0,nan,nan,385.0,233.0,nan,nan,nan
1279,42.67600934267601,nan,nan,nan,nan,nan,nan,676.0,48.0,284.0,200.0,nan,nan,nan,nan,nan
1280,42.70937604270938,nan,nan,nan,nan,12.0,30.0,676.0,47.0,nan,nan,401.0,203.0,nan,nan,nan
1281,42.74274274274274,nan,nan,nan,nan,12.0,30.0,686.0,45.0,366.0,182.0,nan,nan,nan,nan,nan
1282,42.77610944277611,nan,nan,nan,nan,nan,nan,675.0,46.0,nan,nan,314.0,214.0,nan,nan,nan
1283,42.80947614280948,nan,nan,nan,nan,668.0,29.0,686.0,46.0,310.0,232.0,nan,nan,nan,nan,nan
1284,42.84284284284284,nan,nan,nan,nan,nan,nan,nan,nan,nan,nan,385.0,159.0,nan,nan,nan
1285,42.87620954287621,nan,nan,nan,nan,629.0,417.0,631.0,417.0,315.0,199.0,nan,nan,nan,nan,nan
1286,42.90957624290958,nan,nan,nan,nan,nan,nan,nan,nan,nan,nan,363.0,189.0,nan,nan,nan
1287,42.94294294294294,nan,nan,nan,nan,12.0,30.0,50.0,403.0,313.0,200.0,nan,nan,nan,nan,nan
1288,42.97630964297631,nan,nan,nan,nan,nan,nan,nan,nan,316.0,182.0,318.0,198.0,nan,nan,nan
1289,43.00967634300968,nan,nan,nan,nan,12.0,30.0,663.0,29.0,nan,nan,nan,nan,nan,nan,nan
1290,43.04304304304304,nan,nan,nan,nan,nan,nan,nan,nan,316.0,200.0,320.0,205.0,nan,nan,nan
1291,43.07640974307641,nan,nan,nan,nan,12.0,30.0,50.0,403.0,330.0,203.0,nan,nan,nan,nan,nan
1292,43.10977644310978,nan,nan,nan,nan,nan,nan,nan,nan,321.0,201.0,326.0,203.0,nan,nan,nan
1293,43.14314314314314,nan,nan,nan,nan,12.0,30.0,43.0,415.0,329.0,203.0,nan,nan,nan,nan,nan
1294,43.17650984317651,nan,nan,nan,nan,nan,nan,nan,nan,329.0,203.0,353.0,230.0,nan,nan,nan
1295,43.20987654320988,nan,nan,nan,nan,12.0,30.0,43.0,410.0,326.0,201.0,nan,nan,nan,nan,nan
1296,43.24324324324324,nan,nan,nan,nan,12.0,30.0,nan,nan,329.0,201.0,390.0,227.0,44.17848205566406,nan,0.05049856752157211
1297,43.27660994327661,nan,nan,nan,nan,nan,nan,686.0,61.0,nan,nan,nan,nan,44.17848205566406,0.0,0.05049856752157211
1298,43.30997664330998,44.178482,395.0712,415.5385,0.050498568,670.0,366.0,686.0,61.0,273.0,240.0,332.0,202.0,44.17848205566406,0.0,0.05049856752157211
1299,43.34334334334334,nan,nan,nan,nan,nan,nan,673.0,47.0,nan,nan,nan,nan,44.17848205566406,0.0,0.05049856752157211
1300,43.37671004337671,nan,nan,nan,nan,665.0,29.0,nan,nan,290.0,227.0,332.0,200.0,44.17848205566406,nan,0.05049856752157211
1301,43.41007674341008,nan,nan,nan,nan,nan,nan,665.0,29.0,nan,nan,nan,nan,nan,nan,nan
1302,43.44344344344344,nan,nan,nan,nan,665.0,29.0,nan,nan,320.0,204.0,369.0,194.0,nan,nan,nan
1303,43.47681014347681,nan,nan,nan,nan,nan,nan,12.0,32.0,nan,nan,370.0,193.0,nan,nan,nan
1304,43.51017684351018,nan,nan,nan,nan,12.0,30.0,nan,nan,318.0,203.0,nan,nan,nan,nan,nan
1305,43.54354354354354,nan,nan,nan,nan,15.0,32.0,686.0,65.0,nan,nan,368.0,193.0,nan,nan,nan
1306,43.57691024357691,nan,nan,nan,nan,nan,nan,nan,nan,308.0,145.0,nan,nan,nan,nan,nan
1307,43.61027694361028,nan,nan,nan,nan,672.0,46.0,686.0,72.0,nan,nan,366.0,193.0,nan,nan,nan
1308,43.64364364364364,nan,nan,nan,nan,nan,nan,686.0,67.0,318.0,198.0,nan,nan,128.48207092285156,nan,0.06369747221469879
1309,43.67701034367701,nan,nan,nan,nan,12.0,30.0,nan,nan,nan,nan,388.0,225.0,128.48207092285156,0.0,0.06369747221469879
1310,43.71037704371038,128.48207,386.43628,362.58102,0.06369747,12.0,30.0,686.0,60.0,322.0,193.0,388.0,223.0,128.48207092285156,0.0,0.06369747221469879
