frame,time_s,angle_deg,leaflet_left_len,leaflet_right_len,asymmetry,tip_left_x,tip_left_y,tip_right_x,tip_right_y,base_left_x,base_left_y,base_right_x,base_right_y,angle_smooth_deg,angle_plot_deg,speed_deg_s,asymmetry_smooth,asymmetry_plot
0,0.0,28.53306873654726,69.52157938367051,91.36328584283733,0.27151971602072256,289.0,301.0,331.0,285.0,261.0,362.0,334.0,378.0,25.802192011874276,28.751582026261634,23.735515505982193,0.1840364013555306,0.1840364013555306
1,0.033366700033366704,nan,nan,nan,nan,289.0,301.0,331.0,285.0,261.0,362.0,nan,nan,26.257338132653107,29.543557852287066,23.735515505982246,nan,0.1840364013555306
2,0.06673340006673341,nan,nan,nan,nan,nan,nan,nan,nan,nan,nan,353.0,380.0,26.712484253431935,30.3355336783125,23.7355155059823,nan,0.1840364013555306
3,0.1001001001001001,24.590706995062817,110.60289327137876,121.82364302548172,0.09655308669033863,298.0,265.0,347.0,252.0,299.0,364.0,353.0,380.0,27.167630374210766,31.127509504337937,23.735515505982246,0.09655308669033863,0.22042939473340223
4,0.13346680013346682,25.802192011874276,113.3225485064645,121.82364302548172,0.07230476040146526,295.0,263.0,347.0,252.0,299.0,364.0,353.0,380.0,27.167630374210766,31.91948533036337,23.735515505982193,0.1840364013555306,0.25682238811127384
5,0.16683350016683351,nan,nan,nan,nan,nan,nan,nan,nan,nan,nan,nan,nan,nan,32.7114611563888,23.735515505982246,nan,0.2932153814891455
6,0.2002002002002002,nan,131.05056276109616,91.49453535594353,0.35548774374126674,188.0,298.0,336.0,287.0,261.0,362.0,334.0,378.0,nan,33.503436982414236,12.089724205455783,0.1840364013555306,0.3296083748670171
7,0.2335669002335669,nan,nan,nan,nan,188.0,296.0,342.0,289.0,nan,nan,nan,nan,nan,33.51824955848795,0.4439329049293716,nan,0.33252968869881633
8,0.26693360026693363,57.02177864823674,150.9345884812358,164.73084107112427,0.0874106018479927,188.0,296.0,339.0,289.0,210.0,431.0,301.0,431.0,33.503436982414236,33.533062134561675,0.44393290492947807,0.3296083748670171,0.33545100253061555
9,0.3003003003003003,nan,nan,nan,nan,188.0,296.0,342.0,289.0,nan,nan,nan,nan,nan,33.5478747106354,0.44393290492947807,nan,0.33468566588239335
10,0.33366700033366703,nan,nan,nan,nan,188.0,296.0,nan,nan,283.0,363.0,344.0,380.0,nan,33.56268728670912,0.6658993573941107,nan,0.33392032923417114
11,0.3670337003670337,nan,144.16050083153846,90.64904853334093,0.45578599714481005,190.0,296.0,344.0,287.0,283.0,364.0,342.0,380.0,nan,33.59231243885656,0.8878658098587432,0.3471362578578124,0.33392032923417114
12,0.4004004004004004,nan,nan,nan,nan,nan,nan,344.0,287.0,283.0,364.0,342.0,380.0,nan,33.621937591004,0.4439329049293716,nan,0.33392032923417114
13,0.4337671004337671,nan,nan,nan,nan,255.0,296.0,nan,nan,nan,nan,nan,nan,nan,33.621937591004,0.0,nan,0.33392032923417114
14,0.4671338004671338,35.567944973265156,132.03408650799233,190.0,0.3599986207706559,252.0,298.0,363.0,278.0,197.0,429.0,301.0,431.0,33.68118789529888,33.621937591004,0.0,0.34685619233563314,0.33392032923417114
15,0.5005005005005005,33.503436982414236,136.23509092741122,190.0,0.3296083748670171,257.0,294.0,363.0,278.0,197.0,429.0,301.0,431.0,33.68118789529888,33.621937591004,0.0,0.3382322836013251,0.33392032923417114
16,0.5338672005338673,33.85893880818353,136.23509092741122,193.40372281835735,0.34685619233563314,257.0,294.0,366.0,276.0,197.0,429.0,301.0,431.0,33.77006335174121,33.621937591004,0.0,0.34685619233563314,0.33392032923417114
17,0.5672339005672339,nan,nan,nan,nan,257.0,294.0,366.0,278.0,197.0,429.0,nan,nan,33.81450107996237,33.621937591004,0.0,nan,0.33392032923417114
18,0.6006006006006006,31.537196821226143,138.45215780189199,196.66468925559565,0.3474163233799916,257.0,292.0,363.0,278.0,197.0,429.0,277.0,429.0,33.85893880818353,33.621937591004,0.0,0.3382322836013251,0.33392032923417114
19,0.6339673006339673,nan,nan,nan,nan,nan,nan,nan,nan,197.0,429.0,277.0,429.0,33.85893880818353,33.621937591004,0.0,nan,0.33392032923417114
20,0.6673340006673341,30.53321516553352,132.23085872821065,177.2596964907703,0.29098682982877694,255.0,298.0,347.0,290.0,197.0,429.0,277.0,429.0,33.85893880818353,33.621937591004,0.0,0.3296083748670171,0.3296083748670171
21,0.7007007007007007,nan,nan,nan,nan,nan,nan,nan,nan,197.0,429.0,277.0,429.0,33.81450107996237,33.621937591004,0.0,nan,0.3199529886074571
22,0.7340674007340674,53.074007405162526,142.9475428260311,168.6297719858507,0.16485301040177153,190.0,294.0,331.0,289.0,197.0,429.0,277.0,429.0,33.77006335174121,33.621937591004,-11.440947980367955,0.31029760234789705,0.31029760234789705
23,0.7674341007674341,nan,nan,nan,nan,nan,nan,336.0,292.0,197.0,429.0,277.0,429.0,32.85844423228742,32.85844423228742,-25.101560485383036,nan,0.28197244851274594
24,0.8008008008008008,nan,nan,nan,nan,186.0,290.0,nan,nan,nan,nan,nan,nan,31.946825112833626,31.946825112833626,-27.32122501003016,nan,0.28197244851274594
25,0.8341675008341676,64.42686402030027,146.8945199794737,188.1754500459611,0.24640184892339834,186.0,292.0,368.0,292.0,197.0,429.0,281.0,429.0,31.035205993379833,31.035205993379833,-14.839529393141966,0.22532214084244379,0.28197244851274594
26,0.8675342008675342,nan,nan,nan,nan,186.0,292.0,362.0,292.0,nan,nan,nan,nan,nan,30.956532861039033,-1.1789168881268859,nan,0.27927671223395834
27,0.9009009009009009,nan,nan,nan,nan,193.0,292.0,nan,nan,258.0,360.0,361.0,380.0,nan,30.956532861039033,0.0,nan,0.2631527946181692
28,0.9342676009342676,nan,nan,nan,nan,193.0,296.0,344.0,287.0,nan,nan,nan,nan,nan,30.956532861039033,0.0,nan,0.2631527946181692
29,0.9676343009676344,nan,nan,nan,nan,nan,nan,nan,nan,189.0,429.0,344.0,431.0,nan,30.956532861039033,0.0,nan,0.2631527946181692
30,1.001001001001001,21.657125579097723,134.2693189079322,160.36598766571421,0.17714556385834201,276.0,296.0,336.0,285.0,191.0,429.0,344.0,431.0,30.14138194673567,30.956532861039033,0.0,0.23607058923219346,0.2631527946181692
31,1.0343677010343677,nan,nan,nan,nan,282.0,300.0,342.0,287.0,nan,nan,nan,nan,30.14138194673567,30.956532861039033,0.0,nan,0.2631527946181692
32,1.0677344010677345,22.57620843249661,131.344013948105,161.22112144505135,0.20424243276148926,279.0,300.0,342.0,287.0,205.0,431.0,334.0,431.0,30.14138194673567,30.956532861039033,0.0,0.2412362190777959,0.2631527946181692
33,1.1011011011011012,nan,nan,nan,nan,nan,nan,344.0,287.0,nan,nan,nan,nan,28.250088568175904,30.956532861039033,0.0,nan,0.2631527946181692
34,1.1344678011344678,37.70655546097473,72.8920434615466,92.4026514771086,0.23607058923219346,289.0,300.0,344.0,287.0,261.0,362.0,350.0,380.0,26.35879518961614,30.956532861039033,0.0,0.31731720539012076,0.2631527946181692
35,1.1678345011678346,nan,nan,nan,nan,285.0,301.0,nan,nan,267.0,364.0,350.0,382.0,nan,30.956532861039033,0.0,nan,0.27927671223395834
36,1.2012012012012012,nan,nan,nan,nan,nan,nan,368.0,296.0,267.0,364.0,347.0,382.0,nan,30.956532861039033,34.44854950313606,nan,0.290235000004145
37,1.234567901234568,nan,150.15408752345039,94.10765112359356,0.45890475283026977,183.0,298.0,368.0,298.0,272.0,366.0,353.0,382.0,nan,33.25540169675048,68.89709900627207,0.23607058923219346,0.290235000004145
38,1.2679346012679347,nan,148.61443402307867,92.37017917055266,0.4667871040159208,186.0,296.0,365.0,298.0,272.0,366.0,353.0,382.0,nan,35.55427053246193,68.89709900627201,0.31731720539012076,0.290235000004145
39,1.3013013013013013,nan,nan,nan,nan,183.0,296.0,368.0,298.0,269.0,364.0,nan,nan,nan,37.85313936817337,34.44854950313601,nan,0.290235000004145
40,1.3346680013346681,nan,142.68847185389575,95.26804291051643,0.39856382154804804,186.0,298.0,368.0,298.0,272.0,364.0,344.0,380.0,nan,37.85313936817337,0.0,0.31731720539012076,0.290235000004145
41,1.3680347013680347,nan,nan,nan,nan,nan,nan,nan,nan,269.0,364.0,350.0,382.0,nan,37.85313936817337,0.0,nan,0.290235000004145
42,1.4014014014014013,nan,nan,nan,nan,292.0,301.0,353.0,296.0,nan,nan,347.0,382.0,nan,37.85313936817337,0.0,nan,0.290235000004145
43,1.4347681014347682,nan,nan,nan,nan,nan,nan,nan,nan,275.0,366.0,347.0,382.0,nan,37.85313936817337,0.0,nan,0.290235000004145
44,1.4681348014681348,56.93697634905939,89.9180182165955,81.52453618389987,0.09791597030324435,260.0,301.0,342.0,298.0,275.0,366.0,350.0,382.0,49.347483546730615,37.85313936817337,0.0,0.38025866329963987,0.31731720539012076
45,1.5015015015015016,nan,nan,nan,nan,nan,nan,nan,nan,269.0,364.0,353.0,382.0,49.347483546730615,37.85313936817337,0.0,nan,0.31731720539012076
46,1.5348682015348682,46.81765261262102,75.43374576408094,88.43783127146436,0.15871068970749835,287.0,301.0,353.0,296.0,269.0,364.0,350.0,382.0,49.347483546730615,37.85313936817337,0.0,0.33236497830206935,0.31731720539012076
47,1.5682349015682349,nan,nan,nan,nan,nan,nan,nan,nan,nan,nan,355.0,384.0,nan,37.85313936817337,0.0,nan,0.31731720539012076
48,1.6016016016016017,nan,130.50766261028508,93.31264651696468,0.33236497830206935,201.0,298.0,347.0,287.0,264.0,362.0,353.0,382.0,nan,37.85313936817337,0.0,0.17326343413129403,0.33236497830206935
49,1.6349683016349683,nan,134.3772674227304,89.88464829991827,0.39679157274155696,198.0,298.0,344.0,290.0,269.0,364.0,350.0,382.0,nan,37.85313936817337,-21.102589431284,0.1659870619193962,0.33236497830206935
50,1.6683350016683351,nan,132.01893803541975,91.3892772703669,0.36372575385772277,201.0,300.0,347.0,289.0,272.0,364.0,350.0,382.0,nan,36.44489182521148,-69.43892366802508,0.15871068970749835,0.33305256986750054
51,1.7017017017017018,nan,nan,nan,nan,nan,nan,nan,nan,nan,nan,347.0,382.0,nan,33.21924389483169,nan,nan,0.3487879343448803
52,1.7350684017350684,24.50604853900683,106.21322893124001,126.3615843522073,0.17326343413129403,308.0,270.0,358.0,252.0,307.0,367.0,347.0,382.0,29.993595964451913,29.993595964451913,-57.27816739617817,0.17326343413129403,0.35456286160851314
53,1.7684351017684352,nan,nan,nan,nan,nan,nan,361.0,256.0,nan,nan,353.0,382.0,29.39687703489321,29.39687703489321,-17.883666318874326,nan,0.3563118208008546
54,1.8018018018018018,26.4132823870997,115.47835294980614,123.17568753613678,0.06450621636790621,300.0,260.0,355.0,258.0,277.0,367.0,353.0,382.0,28.800158105334507,28.800158105334507,-8.941833159437136,0.33236497830206935,0.3563118208008546
55,1.8351685018351687,nan,nan,nan,nan,296.0,258.0,nan,nan,280.0,367.0,350.0,380.0,28.800158105334507,28.800158105334507,0.0,nan,0.3563118208008546
56,1.8685352018685353,31.187033823569315,116.40661493231387,126.4614565786746,0.08280085219769863,299.0,258.0,365.0,258.0,277.0,367.0,350.0,380.0,28.800158105334507,28.800158105334507,0.0,0.37676074491495687,0.37676074491495687
57,1.901901901901902,31.187033823569315,116.40661493231387,126.4614565786746,0.08280085219769863,299.0,258.0,365.0,258.0,277.0,367.0,350.0,380.0,28.800158105334507,28.800158105334507,-3.6536123206501343,0.37676074491495687,0.37676074491495687
58,1.9352686019352687,nan,nan,nan,nan,nan,nan,nan,nan,280.0,360.0,nan,nan,nan,28.556340132651815,-3.6536123206501343,nan,0.37676074491495687
59,1.9686353019686353,nan,147.0008503376766,99.04670615421797,0.38979573597219097,196.0,290.0,369.0,285.0,277.0,357.0,361.0,384.0,nan,28.556340132651815,0.0,0.3928832581624561,0.37676074491495687
60,2.002002002002002,nan,145.47336525976155,94.6176516301266,0.4236369547550267,201.0,287.0,366.0,285.0,277.0,357.0,366.0,380.0,nan,28.556340132651815,0.0,0.3928832581624561,0.37676074491495687
61,2.0353687020353686,nan,nan,nan,nan,199.0,283.0,370.0,287.0,277.0,355.0,nan,nan,nan,28.556340132651815,0.0,nan,0.37676074491495687
62,2.0687354020687354,nan,142.56226709757388,95.44108130150245,0.39597078035272126,197.0,285.0,370.0,287.0,280.0,355.0,350.0,375.0,nan,28.556340132651815,0.0,0.39597078035272126,0.37676074491495687
63,2.1021021021021022,nan,142.56226709757388,95.44108130150245,0.39597078035272126,197.0,285.0,370.0,287.0,280.0,355.0,350.0,375.0,nan,28.556340132651815,0.0,0.39597078035272126,0.37676074491495687
64,2.135468802135469,nan,142.56226709757388,95.44108130150245,0.39597078035272126,197.0,285.0,370.0,287.0,280.0,355.0,350.0,375.0,nan,28.556340132651815,0.0,0.39597078035272126,0.37676074491495687
65,2.1688355021688355,nan,142.56226709757388,95.44108130150245,0.39597078035272126,197.0,285.0,370.0,287.0,280.0,355.0,350.0,375.0,nan,28.556340132651815,0.0,0.39597078035272126,0.37676074491495687
66,2.2022022022022023,nan,nan,nan,nan,nan,nan,nan,nan,280.0,358.0,352.0,377.0,nan,28.556340132651815,0.0,nan,0.37676074491495687
67,2.235568902235569,37.418938478959305,114.54256850621083,123.90722335683259,0.07854613566616546,291.0,256.0,368.0,256.0,280.0,360.0,350.0,376.0,26.361978378507576,28.556340132651815,0.0,0.39597078035272126,0.37676074491495687
68,2.2689356022689355,nan,nan,nan,nan,291.0,256.0,368.0,256.0,nan,nan,347.0,376.0,nan,28.556340132651815,0.2551985352023737,nan,0.35150637263213913
69,2.3023023023023024,nan,nan,nan,nan,nan,nan,nan,nan,318.0,363.0,353.0,378.0,nan,28.57337039859792,16.824053245729324,nan,0.307041964911557
70,2.335669002335669,nan,nan,nan,nan,294.0,298.0,355.0,281.0,nan,nan,353.0,378.0,nan,29.679066408643095,33.13770942105385,nan,0.2625775571909749
71,2.3690357023690356,nan,nan,nan,nan,nan,nan,nan,nan,277.0,360.0,350.0,376.0,nan,30.784762418688267,33.13770942105379,nan,0.2181131494703928
72,2.4024024024024024,26.361978378507576,105.38500842150178,125.7179382586272,0.17596426293316245,306.0,263.0,361.0,251.0,280.0,360.0,350.0,376.0,31.89045842873344,31.89045842873344,16.568854710526896,0.17364874174981065,0.17364874174981065
73,2.4357691024357693,nan,nan,nan,nan,nan,nan,358.0,252.0,nan,nan,nan,nan,31.89045842873344,31.89045842873344,0.0,nan,0.1697377816971722
74,2.469135802469136,18.608034574030103,169.84993376507393,202.14846029589245,0.17364874174981065,294.0,263.0,361.0,251.0,215.0,431.0,323.0,431.0,31.89045842873344,31.89045842873344,33.6504821441874,0.14974966112271257,0.1697377816971722
75,2.5025025025025025,nan,nan,nan,nan,nan,nan,358.0,251.0,221.0,431.0,323.0,431.0,nan,34.136069516099965,67.3009642883749,nan,0.1697377816971722
76,2.5358692025358693,nan,nan,nan,nan,310.0,261.0,358.0,251.0,nan,nan,nan,nan,nan,36.3816806034665,67.30096428837501,nan,0.1697377816971722
77,2.569235902569236,nan,nan,nan,nan,nan,nan,nan,nan,205.0,431.0,328.0,431.0,nan,38.62729169083303,67.3009642883749,nan,0.1697377816971722
78,2.6026026026026026,62.585129481647094,151.6377261765686,172.00290695217916,0.12585058049561448,199.0,294.0,368.0,294.0,205.0,431.0,323.0,431.0,40.87290277819956,40.87290277819956,nan,0.14974966112271257,0.1697377816971722
79,2.6359693026359694,nan,nan,nan,nan,nan,nan,nan,nan,205.0,431.0,318.0,431.0,nan,44.158986850306036,nan,nan,0.1697377816971722
80,2.6693360026693362,nan,nan,nan,nan,199.0,294.0,360.0,294.0,nan,nan,318.0,431.0,nan,47.44507092241252,nan,nan,0.1697377816971722
81,2.7027027027027026,nan,nan,nan,nan,nan,nan,353.0,292.0,194.0,429.0,323.0,431.0,nan,50.731154994519,73.70779482921172,nan,0.1697377816971722
82,2.7360694027360695,55.38382717789155,146.5136512411045,165.57853121706327,0.12217467176393752,204.0,294.0,350.0,292.0,194.0,429.0,323.0,431.0,54.01723906662548,52.36384268278701,25.540280499820383,0.1621541877217731,0.1697377816971722
83,2.7694361027694363,nan,nan,nan,nan,nan,nan,355.0,290.0,nan,nan,320.0,431.0,nan,52.435544750930106,2.148910982248713,nan,0.1697377816971722
84,2.8028028028028027,nan,nan,nan,nan,257.0,294.0,353.0,292.0,205.0,431.0,nan,nan,nan,52.50724681907321,3.2233664733731224,nan,0.17732137567257134
85,2.8361695028361695,nan,nan,nan,nan,nan,nan,355.0,292.0,nan,nan,320.0,431.0,nan,52.65065095535941,2.148910982248713,nan,0.18490496964797043
86,2.8695362028695364,nan,nan,nan,nan,274.0,294.0,355.0,292.0,194.0,429.0,nan,nan,nan,52.65065095535941,0.0,nan,0.19248856362336955
87,2.902902902902903,29.326539007984348,136.57324042432325,170.03602559457804,0.21827641156932248,271.0,294.0,355.0,290.0,194.0,429.0,323.0,431.0,52.50724681907321,52.65065095535941,0.0,0.20007215759876867,0.19845779494793173
88,2.9362696029362696,nan,nan,nan,nan,nan,nan,361.0,290.0,194.0,429.0,318.0,431.0,52.435544750930106,52.65065095535941,0.0,nan,0.19845779494793173
89,2.9696363029696364,52.65065095535941,143.40502083260543,175.0,0.19845779494793173,217.0,292.0,361.0,290.0,194.0,429.0,318.0,431.0,52.36384268278701,52.65065095535941,0.0,0.19845779494793173,0.19926497627335021
90,3.0030030030030033,53.101339415049544,146.4547711752676,176.81911661356077,0.18785523103015364,214.0,290.0,361.0,287.0,194.0,429.0,320.0,431.0,52.65065095535941,52.65065095535941,0.0,0.20007215759876867,0.20007215759876867
91,3.0363697030363697,nan,nan,nan,nan,nan,nan,362.0,290.0,194.0,429.0,318.0,431.0,52.65065095535941,52.65065095535941,0.0,nan,0.20007215759876867
92,3.0697364030697365,52.0770344102146,141.4814475470194,173.216627377397,0.2016865202496056,217.0,294.0,358.0,290.0,194.0,429.0,318.0,431.0,52.65065095535941,52.65065095535941,0.0,0.2016865202496056,0.20007215759876867
93,3.1031031031031033,nan,nan,nan,nan,nan,nan,355.0,292.0,194.0,429.0,318.0,431.0,52.65065095535941,52.65065095535941,-2.148910982248713,nan,0.20087933892418713
94,3.1364698031364697,29.690840996647175,134.72935834479432,169.83815825661793,0.23054855162226984,270.0,296.0,355.0,292.0,194.0,429.0,318.0,431.0,52.65065095535941,52.50724681907321,-3.2233664733731224,0.2016865202496056,0.2016865202496056
95,3.1698365031698366,nan,nan,nan,nan,nan,nan,360.0,290.0,194.0,429.0,323.0,431.0,52.65065095535941,52.435544750930106,-1.2232031761264257,nan,0.2016865202496056
96,3.2032032032032034,62.215695912197,155.42281042369552,174.10413550516253,0.11338268576980132,191.0,290.0,362.0,290.0,197.0,429.0,320.0,431.0,52.65065095535941,52.425618312157866,-1.0744554911243032,0.19845779494793173,0.2016865202496056
97,3.2365699032365702,nan,nan,nan,nan,nan,nan,nan,nan,197.0,429.0,320.0,431.0,52.425618312157866,52.36384268278701,-3.3721141583751386,nan,0.20728766544193472
98,3.2699366032699366,54.9000272810457,156.7585723333815,211.4976359205937,0.29728793356531996,190.0,289.0,361.0,245.0,197.0,429.0,320.0,431.0,52.20058566895632,52.20058566895632,-25.75326456425647,0.21611753593593772,0.21611753593593772
99,3.3033033033033035,nan,nan,nan,nan,189.0,289.0,nan,nan,197.0,429.0,nan,nan,nan,50.64523977559605,-46.61371642400713,nan,0.22431747057700985
100,3.3366700033366703,nan,nan,nan,nan,nan,nan,350.0,290.0,197.0,429.0,318.0,431.0,nan,49.08989388223579,-46.61371642400702,nan,0.23251740521808198
101,3.3700367033700367,nan,nan,nan,nan,214.0,292.0,nan,nan,nan,nan,318.0,431.0,nan,47.53454798887553,-46.61371642400713,nan,0.2361172552281307
102,3.4034034034034035,51.424006354891866,148.7615541731129,167.2154299100415,0.1168051894062776,212.0,292.0,350.0,287.0,215.0,431.0,315.0,431.0,45.97920209551526,45.97920209551526,-64.10205412538276,0.24891727450022624,0.2407173398591541
103,3.4367701034367704,nan,nan,nan,nan,nan,nan,nan,nan,221.0,431.0,nan,nan,43.256799965826964,43.256799965826964,nan,nan,0.2416263207646654
104,3.4701368034701368,24.306051940514216,132.24220203853233,169.53170794869024,0.24713538630120008,268.0,298.0,339.0,280.0,221.0,431.0,299.0,429.0,40.534397836138666,40.534397836138666,-40.79519591337914,0.24713538630120008,0.2416263207646654
105,3.5035035035035036,nan,nan,nan,nan,267.0,295.0,342.0,280.0,nan,nan,299.0,429.0,40.534397836138666,40.534397836138666,0.0,nan,0.24713538630120008
106,3.5368702035368704,25.789983963163703,132.1854757528224,170.07351351694948,0.2506991626992524,267.0,298.0,342.0,281.0,221.0,431.0,299.0,429.0,40.534397836138666,40.534397836138666,nan,0.2361172552281307,0.24713538630120008
107,3.570236903570237,nan,nan,nan,nan,269.0,296.0,nan,nan,nan,nan,299.0,429.0,35.08959357676207,35.08959357676207,nan,nan,0.24802633040071315
108,3.6036036036036037,29.64478931738547,135.2377536045316,185.5916215781305,0.31389811450357535,271.0,296.0,366.0,287.0,194.0,429.0,299.0,429.0,29.64478931738547,29.64478931738547,nan,0.24713538630120008,0.24891727450022624
109,3.6369703036369705,nan,nan,nan,nan,nan,nan,370.0,287.0,197.0,429.0,299.0,429.0,28.746855572568407,29.265361895691456,-11.371439828169615,nan,0.24891727450022624
110,3.6703370036703373,59.917362904353666,148.82960055042813,185.5916215781305,0.21985459411765612,196.0,289.0,366.0,287.0,194.0,429.0,299.0,429.0,27.848921827751347,28.88593447399744,-7.248792917520378,0.2506991626992524,0.2506991626992524
111,3.7037037037037037,58.018503302280735,148.0,185.53975315279473,0.22509912415506136,201.0,289.0,366.0,285.0,197.0,429.0,301.0,429.0,27.3304155046283,28.781625297925665,-2.084097337914076,0.2518331350110785,0.2518331350110785
112,3.7370704037370706,nan,nan,nan,nan,nan,nan,nan,nan,197.0,429.0,301.0,429.0,nan,28.746855572568407,-7.2487929175203245,nan,0.2518331350110785
113,3.7704371037704374,nan,nan,nan,nan,292.0,292.0,363.0,285.0,nan,nan,nan,nan,nan,28.297888700159877,-7.246363624160967,nan,0.2518331350110785
114,3.803803803803804,nan,nan,nan,nan,nan,nan,nan,nan,197.0,429.0,299.0,429.0,nan,28.26328108980825,-6.727768583041819,nan,0.2518331350110785
115,3.8371705038371706,26.811909181505253,136.94524453225822,176.60407696313243,0.25296710732290467,271.0,294.0,353.0,287.0,197.0,429.0,299.0,429.0,29.265361895691456,27.848921827751347,-6.730197876401176,0.2573930883886436,0.2518331350110785
116,3.8705372038705375,26.811909181505253,136.94524453225822,176.60407696313243,0.25296710732290467,271.0,294.0,353.0,287.0,197.0,429.0,299.0,429.0,28.88593447399744,27.81415210239409,-3.1212874201523726,0.25296710732290467,0.2518331350110785
117,3.903903903903904,nan,nan,nan,nan,273.0,292.0,nan,nan,197.0,429.0,301.0,429.0,28.26328108980825,27.640627705619057,-7.248792917520378,nan,0.2518331350110785
118,3.9372706039372707,28.88593447399744,136.194713553794,176.60407696313243,0.25837288783987006,266.0,294.0,353.0,287.0,197.0,429.0,299.0,429.0,27.640627705619057,27.3304155046283,-12.41834708384534,0.25296710732290467,0.2518331350110785
119,3.9706373039706375,28.46934622973286,136.33048081775402,176.60407696313243,0.2573930883886436,267.0,294.0,353.0,287.0,197.0,429.0,299.0,429.0,26.811909181505253,26.811909181505253,-7.76981725199883,0.25296710732290467,0.2518331350110785
120,4.004004004004004,30.65860507395191,135.83077707206124,177.80044994318772,0.2676370798312496,263.0,294.0,355.0,287.0,197.0,429.0,299.0,429.0,26.811909181505253,26.811909181505253,0.0,0.25296710732290467,0.2518331350110785
121,4.037370704037371,30.65860507395191,135.83077707206124,177.80044994318772,0.2676370798312496,263.0,294.0,355.0,287.0,197.0,429.0,299.0,429.0,26.811909181505253,26.811909181505253,-50.644157591913725,0.25296710732290467,0.2518331350110785
122,4.070737404070737,nan,nan,nan,nan,265.0,294.0,nan,nan,202.0,429.0,304.0,429.0,23.43225235188138,23.43225235188138,nan,nan,0.20360107920463816
123,4.104104104104104,18.863801439220733,135.09256086106296,156.37135287513502,0.14601321818063107,261.0,294.0,312.0,283.0,205.0,429.0,307.0,429.0,20.052595522257512,20.052595522257512,-57.619091238716464,0.15423505108637164,0.15423505108637164
124,4.137470804137471,19.287741646281894,135.05924625881784,156.37135287513502,0.14625853757052673,260.0,294.0,312.0,283.0,205.0,429.0,307.0,429.0,19.5871344847665,19.5871344847665,-6.974933646802794,0.14959295998305822,0.15423505108637164
125,4.170837504170838,nan,nan,nan,nan,nan,nan,312.0,285.0,205.0,429.0,nan,nan,19.421465720628937,19.5871344847665,0.0,nan,0.15423505108637164
126,4.2042042042042045,20.518056559748523,135.0009259227506,153.9683409016282,0.13127634773981037,258.0,294.0,312.0,285.0,205.0,429.0,310.0,429.0,19.255796956491373,19.5871344847665,0.0,0.14697371813639853,0.15423505108637164
127,4.237570904237571,19.2451487265612,135.04536274896668,153.9683409016282,0.1309486568535767,261.0,294.0,312.0,285.0,205.0,429.0,310.0,429.0,19.2451487265612,19.5871344847665,0.0,0.14625853757052673,0.15423505108637164
128,4.270937604270938,19.5871344847665,135.07497917823272,156.91478579152445,0.14959295998305822,262.0,294.0,315.0,283.0,205.0,429.0,310.0,429.0,19.2451487265612,19.5871344847665,0.0,0.14625853757052673,0.15423505108637164
129,4.3043043043043046,17.470997337935476,135.3338464686495,156.91478579152445,0.1476888987022703,267.0,294.0,315.0,283.0,205.0,429.0,310.0,429.0,19.2451487265612,19.5871344847665,0.0,0.14625853757052673,0.15423505108637164
130,4.337671004337671,16.78443623588438,135.40771765302006,158.77735984705123,0.15887714218968504,268.0,294.0,315.0,281.0,205.0,429.0,310.0,429.0,19.2451487265612,19.5871344847665,0.0,0.14625853757052673,0.15423505108637164
131,4.371037704371038,nan,nan,nan,nan,265.0,294.0,315.0,285.0,nan,nan,310.0,429.0,19.416141605663853,19.5871344847665,0.0,nan,0.15423505108637164
132,4.404404404404405,18.66023972970571,134.49256485025484,153.8286384260096,0.1341286964401801,265.0,294.0,315.0,287.0,197.0,427.0,310.0,429.0,19.5871344847665,19.5871344847665,0.0,0.14959295998305822,0.15423505108637164
133,4.437771104437771,18.66023972970571,134.49256485025484,153.8286384260096,0.1341286964401801,265.0,294.0,315.0,287.0,197.0,427.0,310.0,429.0,19.5871344847665,19.5871344847665,0.0,0.15423505108637164,0.15423505108637164
134,4.471137804471138,nan,nan,nan,nan,nan,nan,nan,nan,nan,nan,310.0,429.0,19.5871344847665,19.5871344847665,0.0,nan,0.18234309972789225
135,4.504504504504505,30.479063175983534,135.1332675546625,166.97604618627187,0.21080302515211624,270.0,294.0,355.0,289.0,218.0,429.0,310.0,429.0,19.5871344847665,19.5871344847665,0.0,0.21045114836941287,0.21045114836941287
136,4.537871204537871,30.05563352592491,135.18135966175217,166.97604618627187,0.21045114836941287,271.0,294.0,355.0,289.0,221.0,429.0,307.0,429.0,19.5871344847665,19.5871344847665,3.2096638637851393,0.21080302515211624,0.21080302515211624
137,4.571237904571238,nan,nan,nan,nan,272.0,294.0,nan,nan,nan,nan,301.0,429.0,22.166646941410562,19.801326267468212,14.668252289750027,nan,0.2189425602537688
138,4.604604604604605,26.74712883438274,136.7808466123821,171.81967291320282,0.22708209535542134,271.0,294.0,350.0,290.0,197.0,429.0,301.0,429.0,24.746159398054626,20.56599683309817,22.917176851929778,0.22708209535542134,0.22708209535542134
139,4.637971304637971,24.746159398054626,138.07968713753664,180.0,0.26358371538725234,274.0,294.0,353.0,285.0,197.0,429.0,293.0,429.0,24.746159398054626,21.330667398728124,17.722165149513053,0.22708209535542134,0.22708209535542134
140,4.671338004671338,25.64254477854956,136.94524453225822,176.4652940382329,0.25219349474482333,271.0,294.0,350.0,285.0,197.0,429.0,299.0,429.0,25.194352088302093,21.748657170069343,12.527153447096326,0.22708209535542134,0.22708209535542134
141,4.704704704704705,nan,nan,nan,nan,nan,nan,nan,nan,nan,nan,293.0,429.0,25.418448433425826,22.166646941410562,11.458588425964889,nan,0.23963779505012234
142,4.738071404738071,13.960107756386869,144.05641256119077,216.340587962592,0.40113638735254215,287.0,294.0,358.0,249.0,186.0,431.0,293.0,429.0,25.64254477854956,22.5133277356993,10.390023404833396,0.25219349474482333,0.25219349474482333
143,4.7714381047714385,13.960107756386869,144.05641256119077,216.340587962592,0.40113638735254215,287.0,294.0,358.0,249.0,186.0,431.0,293.0,429.0,25.918690792507853,22.860008529988033,16.653600128381505,0.26358371538725234,0.26358371538725234
144,4.804804804804805,nan,nan,nan,nan,nan,nan,358.0,249.0,nan,nan,nan,nan,nan,23.624679095617985,22.917176851929725,nan,0.2979718833785748
145,4.838171504838171,nan,nan,nan,nan,nan,nan,nan,nan,nan,nan,nan,nan,nan,24.38934966124794,14.13198537898895,nan,0.3323600513698972
146,4.8715382048715385,nan,nan,nan,nan,nan,nan,nan,nan,nan,nan,nan,nan,nan,24.567754529651282,5.346793906048176,nan,0.34955413536555846
147,4.904904904904905,38.17974556151928,71.386273190299,84.07734534343957,0.16326742260133842,298.0,292.0,350.0,287.0,269.0,353.0,355.0,371.0,19.801326267468212,24.746159398054626,5.346793906048229,0.40113638735254215,0.3667482193612197
148,4.938271604938272,nan,nan,nan,nan,nan,nan,nan,nan,272.0,351.0,nan,nan,nan,nan,nan,nan,0.38394230335688095
149,4.971638304971639,nan,147.87156589419075,91.8313671900838,0.46758041700227665,183.0,280.0,365.0,287.0,269.0,349.0,347.0,369.0,nan,nan,nan,0.4343584021774094,0.40113638735254215
150,5.005005005005005,nan,147.87156589419075,91.8313671900838,0.46758041700227665,183.0,280.0,365.0,287.0,269.0,349.0,347.0,369.0,nan,nan,nan,0.46758041700227665,0.40944189105875894
151,5.038371705038372,nan,nan,nan,nan,189.0,283.0,nan,nan,275.0,351.0,344.0,369.0,nan,nan,nan,nan,0.4177473947649758
152,5.071738405071739,nan,nan,nan,nan,nan,nan,368.0,287.0,280.0,351.0,344.0,369.0,nan,nan,nan,nan,0.4260528984711926
153,5.105105105105105,nan,nan,nan,nan,280.0,287.0,365.0,287.0,nan,nan,347.0,369.0,nan,nan,nan,nan,0.4343584021774094
154,5.138471805138472,nan,nan,nan,nan,nan,nan,nan,nan,nan,nan,nan,nan,nan,nan,nan,nan,0.450969409589843
155,5.171838505171839,nan,154.39073806417275,95.56411460375699,0.47069799071729296,183.0,283.0,368.0,287.0,280.0,362.0,347.0,369.0,nan,nan,nan,0.46758041700227665,0.46758041700227665
156,5.205205205205205,nan,nan,nan,nan,nan,nan,368.0,287.0,280.0,362.0,347.0,369.0,nan,nan,nan,nan,nan
157,5.238571905238572,nan,nan,nan,nan,201.0,290.0,nan,nan,nan,nan,nan,nan,nan,nan,nan,nan,nan
158,5.271938605271939,nan,nan,nan,nan,nan,nan,368.0,287.0,283.0,369.0,285.0,371.0,nan,nan,nan,nan,nan
159,5.305305305305305,nan,nan,nan,nan,204.0,292.0,nan,nan,nan,nan,nan,nan,nan,nan,nan,nan,nan
160,5.3386720053386725,nan,nan,nan,nan,nan,nan,368.0,287.0,237.0,431.0,296.0,429.0,nan,nan,nan,nan,nan
161,5.372038705372039,nan,nan,nan,nan,nan,nan,nan,nan,nan,nan,nan,nan,nan,nan,nan,nan,nan
162,5.405405405405405,nan,nan,nan,nan,nan,nan,nan,nan,nan,nan,nan,nan,nan,nan,nan,nan,nan
163,5.4387721054387725,nan,nan,nan,nan,nan,nan,nan,nan,nan,nan,nan,nan,nan,nan,nan,nan,nan
164,5.472138805472139,nan,nan,nan,nan,nan,nan,nan,nan,nan,nan,nan,nan,nan,nan,nan,nan,nan
165,5.505505505505505,nan,nan,nan,nan,nan,nan,nan,nan,nan,nan,nan,nan,nan,nan,nan,nan,nan
166,5.538872205538873,nan,nan,nan,nan,nan,nan,nan,nan,nan,nan,nan,nan,nan,nan,nan,nan,nan
167,5.572238905572239,nan,nan,nan,nan,nan,nan,nan,nan,nan,nan,nan,nan,nan,nan,nan,nan,nan
168,5.605605605605605,nan,nan,nan,nan,nan,nan,nan,nan,nan,nan,nan,nan,nan,nan,nan,nan,nan
169,5.638972305638973,nan,nan,nan,nan,nan,nan,nan,nan,nan,nan,nan,nan,nan,nan,nan,nan,nan
170,5.672339005672339,nan,nan,nan,nan,nan,nan,nan,nan,nan,nan,nan,nan,nan,nan,nan,nan,nan
171,5.705705705705706,nan,nan,nan,nan,nan,nan,nan,nan,nan,nan,nan,nan,nan,nan,nan,nan,nan
172,5.739072405739073,nan,nan,nan,nan,nan,nan,nan,nan,nan,nan,nan,nan,nan,nan,nan,nan,nan
173,5.772439105772439,nan,nan,nan,nan,nan,nan,nan,nan,nan,nan,nan,nan,nan,nan,nan,nan,nan
174,5.805805805805806,nan,nan,nan,nan,nan,nan,nan,nan,nan,nan,nan,nan,nan,nan,nan,nan,nan
175,5.839172505839173,nan,nan,nan,nan,nan,nan,nan,nan,nan,nan,nan,nan,nan,nan,nan,nan,nan
176,5.872539205872539,nan,nan,nan,nan,nan,nan,nan,nan,nan,nan,nan,nan,nan,nan,nan,nan,nan
177,5.9059059059059065,nan,nan,nan,nan,nan,nan,nan,nan,nan,nan,nan,nan,nan,nan,nan,nan,nan
178,5.939272605939273,10.034727273146833,139.04405776587507,184.06588494340824,0.2786780672858548,260.0,292.0,291.0,249.0,199.0,431.0,328.0,431.0,7.870907711842065,7.281047845176795,0.0,0.27163262854509157,0.27163262854509157
179,5.972639305972639,nan,nan,nan,nan,260.0,292.0,nan,nan,205.0,431.0,nan,nan,nan,7.281047845176795,0.0,nan,0.2681553307241178
180,6.0060060060060065,nan,nan,nan,nan,266.0,289.0,293.0,252.0,nan,nan,328.0,431.0,nan,7.281047845176795,0.0,nan,0.26467803290314407
181,6.039372706039373,nan,nan,nan,nan,nan,nan,nan,nan,nan,nan,nan,nan,nan,7.281047845176795,0.0,nan,0.26467803290314407
182,6.072739406072739,nan,nan,nan,nan,nan,nan,nan,nan,nan,nan,nan,nan,nan,7.281047845176795,0.0,nan,0.26467803290314407
183,6.106106106106107,7.870907711842065,139.97589078123417,183.9735035270025,0.27163262854509157,263.0,290.0,293.0,251.0,194.0,429.0,299.0,429.0,7.281047845176795,7.281047845176795,0.0,0.27163262854509157,0.2612007350821703
184,6.139472806139473,7.870907711842065,139.97589078123417,183.9735035270025,0.27163262854509157,263.0,290.0,293.0,251.0,194.0,429.0,299.0,429.0,7.281047845176795,7.281047845176795,0.8839050101979068,0.26467803290314407,0.2577234372611965
185,6.172839506172839,7.870907711842065,139.97589078123417,183.9735035270025,0.27163262854509157,263.0,290.0,293.0,251.0,194.0,429.0,299.0,429.0,7.281047845176795,7.340033831843322,1.7678100203958136,0.26467803290314407,0.2577234372611965
186,6.206206206206207,7.870907711842065,139.97589078123417,183.9735035270025,0.27163262854509157,263.0,290.0,293.0,251.0,194.0,429.0,299.0,429.0,6.691187978511526,7.399019818509849,1.7678100203958136,0.2577234372611965,0.2577234372611965
187,6.239572906239573,6.691187978511526,138.75518008348374,179.8054504179448,0.2577234372611965,266.0,292.0,293.0,256.0,189.0,429.0,299.0,429.0,6.691187978511526,7.458005805176376,1.7678100203958136,0.2577234372611965,0.2577234372611965
188,6.2729396062729395,6.691187978511526,138.75518008348374,179.8054504179448,0.2577234372611965,266.0,292.0,293.0,256.0,189.0,429.0,299.0,429.0,6.691187978511526,7.516991791842903,0.8839050101979068,0.2577234372611965,0.2577234372611965
189,6.306306306306307,6.691187978511526,138.75518008348374,179.8054504179448,0.2577234372611965,266.0,292.0,293.0,256.0,189.0,429.0,299.0,429.0,6.691187978511526,7.516991791842903,0.0,0.2577234372611965,0.2577234372611965
190,6.339673006339673,6.691187978511526,138.75518008348374,179.8054504179448,0.2577234372611965,266.0,292.0,293.0,256.0,189.0,429.0,299.0,429.0,6.691187978511526,7.516991791842903,0.0,0.2577234372611965,0.2577234372611965
191,6.3730397063730395,6.691187978511526,138.75518008348374,179.8054504179448,0.2577234372611965,266.0,292.0,293.0,256.0,189.0,429.0,299.0,429.0,6.691187978511526,7.516991791842903,2.8444679997941793,0.2577234372611965,0.2577234372611965
192,6.406406406406407,nan,nan,nan,nan,nan,nan,nan,nan,nan,nan,nan,nan,nan,7.706812812850189,18.063606142359053,nan,0.25166595111796364
193,6.439773106439773,nan,nan,nan,nan,nan,nan,nan,nan,nan,nan,nan,nan,nan,8.722437647188853,30.438276285129735,nan,0.24560846497473082
194,6.4731398064731405,nan,nan,nan,nan,nan,nan,nan,nan,nan,nan,nan,nan,nan,9.738062481527516,30.438276285129724,nan,0.23955097883149795
195,6.506506506506507,nan,nan,nan,nan,nan,nan,nan,nan,nan,nan,nan,nan,nan,10.753687315866179,30.438276285129724,nan,0.2334934926882651
196,6.539873206539873,nan,nan,nan,nan,nan,nan,nan,nan,nan,nan,nan,nan,nan,11.769312150204842,30.43827628512975,nan,0.22743600654503227
197,6.5732399065732405,nan,nan,nan,nan,nan,nan,nan,nan,nan,nan,nan,nan,nan,12.784936984543506,30.43827628512975,nan,0.22137852040179942
198,6.606606606606607,nan,nan,nan,nan,nan,nan,nan,nan,nan,nan,nan,nan,nan,13.80056181888217,30.438276285129724,nan,0.21532103425856658
199,6.639973306639973,nan,nan,nan,nan,nan,nan,nan,nan,nan,nan,nan,nan,nan,14.816186653220832,30.438276285129724,nan,0.2092635481153337
200,6.673340006673341,nan,nan,nan,nan,nan,nan,nan,nan,nan,nan,nan,nan,nan,15.831811487559495,30.438276285129724,nan,0.20320606197210087
201,6.706706706706707,nan,nan,nan,nan,nan,nan,nan,nan,nan,nan,nan,nan,nan,16.847436321898158,22.82870721384732,nan,0.19714857582886802
202,6.740073406740073,nan,nan,nan,nan,nan,nan,nan,nan,nan,nan,nan,nan,nan,17.35524873906749,15.219138142564862,nan,0.1941198327572516
203,6.773440106773441,nan,nan,nan,nan,nan,nan,nan,nan,nan,nan,nan,nan,nan,17.86306115623682,15.219138142564809,nan,0.19109108968563518
204,6.806806806806807,nan,nan,nan,nan,nan,nan,nan,nan,nan,nan,nan,nan,nan,18.37087357340615,15.219138142564862,nan,0.18806234661401877
205,6.8401735068401734,nan,nan,nan,nan,nan,nan,nan,nan,nan,nan,nan,nan,nan,18.878685990575484,15.219138142564915,nan,0.18503360354240234
206,6.873540206873541,21.04547583881367,164.11048107905845,192.75956526201236,0.16055751653403363,283.0,269.0,354.0,269.0,197.0,429.0,296.0,429.0,21.925560493591473,19.386498407744817,15.219138142564862,0.16686114511270378,0.1820048604707859
207,6.906906906906907,21.925560493591473,163.783393541592,193.60010330575756,0.16686114511270378,280.0,269.0,354.0,269.0,197.0,429.0,293.0,429.0,21.925560493591473,19.894310824914147,15.219138142564809,0.16686114511270378,0.17897611739916947
208,6.9402736069402735,21.925560493591473,163.783393541592,193.60010330575756,0.16686114511270378,280.0,269.0,354.0,269.0,197.0,429.0,293.0,429.0,21.925560493591473,20.402123242083476,15.219138142564862,0.16686114511270378,0.17594737432755306
209,6.973640306973641,21.925560493591473,163.783393541592,193.60010330575756,0.16686114511270378,280.0,269.0,354.0,269.0,197.0,429.0,293.0,429.0,21.925560493591473,20.90993565925281,15.219138142564915,0.16686114511270378,0.17291863125593665
210,7.007007007007007,21.925560493591473,163.783393541592,193.60010330575756,0.16686114511270378,280.0,269.0,354.0,269.0,197.0,429.0,293.0,429.0,21.925560493591473,21.417748076422143,15.219138142564862,0.16686114511270378,0.16988988818432021
211,7.040373707040374,21.925560493591473,163.783393541592,193.60010330575756,0.16686114511270378,280.0,269.0,354.0,269.0,197.0,429.0,293.0,429.0,21.925560493591473,21.925560493591473,15.219138142564809,0.16686114511270378,0.16686114511270378
212,7.073740407073741,nan,nan,nan,nan,nan,nan,nan,nan,nan,nan,nan,nan,nan,nan,nan,nan,nan
213,7.107107107107107,nan,nan,nan,nan,nan,nan,nan,nan,nan,nan,nan,nan,nan,nan,nan,nan,nan
214,7.140473807140474,nan,nan,nan,nan,nan,nan,nan,nan,nan,nan,nan,nan,nan,nan,nan,nan,nan
215,7.173840507173841,nan,nan,nan,nan,nan,nan,nan,nan,nan,nan,nan,nan,nan,nan,nan,nan,nan
216,7.207207207207207,nan,nan,nan,nan,nan,nan,nan,nan,nan,nan,nan,nan,nan,nan,nan,nan,nan
217,7.240573907240575,nan,nan,nan,nan,nan,nan,nan,nan,nan,nan,nan,nan,nan,nan,nan,nan,nan
218,7.273940607273941,nan,nan,nan,nan,nan,nan,nan,nan,nan,nan,nan,nan,nan,nan,nan,nan,nan
219,7.307307307307307,nan,nan,nan,nan,nan,nan,nan,nan,nan,nan,nan,nan,nan,nan,nan,nan,nan
220,7.340674007340675,nan,nan,nan,nan,nan,nan,nan,nan,nan,nan,nan,nan,nan,nan,nan,nan,nan
221,7.374040707374041,nan,nan,nan,nan,nan,nan,nan,nan,nan,nan,nan,nan,nan,nan,nan,nan,nan
222,7.407407407407407,nan,nan,nan,nan,nan,nan,nan,nan,nan,nan,nan,nan,nan,nan,nan,nan,nan
223,7.440774107440775,nan,nan,nan,nan,nan,nan,nan,nan,nan,nan,nan,nan,nan,nan,nan,nan,nan
224,7.474140807474141,nan,nan,nan,nan,nan,nan,nan,nan,nan,nan,nan,nan,nan,nan,nan,nan,nan
225,7.5075075075075075,nan,nan,nan,nan,nan,nan,nan,nan,nan,nan,nan,nan,nan,nan,nan,nan,nan
226,7.540874207540875,nan,nan,nan,nan,nan,nan,nan,nan,nan,nan,nan,nan,nan,nan,nan,nan,nan
227,7.574240907574241,nan,nan,nan,nan,nan,nan,nan,nan,nan,nan,nan,nan,nan,nan,nan,nan,nan
228,7.607607607607608,38.98077938031255,97.12363255150623,100.46392387319938,0.03381074579932895,283.0,265.0,349.0,265.0,299.0,349.0,323.0,367.0,35.90939108947121,35.90939108947121,0.0,0.07928265688763407,0.07928265688763407
229,7.640974307640975,nan,nan,nan,nan,283.0,265.0,343.0,265.0,nan,nan,326.0,366.0,35.90939108947121,35.90939108947121,0.0,nan,0.07928265688763407
230,7.674341007674341,nan,nan,nan,nan,280.0,265.0,343.0,265.0,293.0,349.0,nan,nan,35.90939108947121,35.90939108947121,0.0,nan,0.07928265688763407
231,7.707707707707708,35.90939108947121,102.15674231297707,94.36630754670864,0.07928265688763407,285.0,263.0,346.0,265.0,297.0,348.0,353.0,366.0,35.90939108947121,35.90939108947121,0.0,0.07928265688763407,0.07928265688763407
232,7.741074407741075,35.90939108947121,102.15674231297707,94.36630754670864,0.07928265688763407,285.0,263.0,346.0,265.0,297.0,348.0,353.0,366.0,35.90939108947121,35.90939108947121,-32.2956456715488,0.07928265688763407,0.07928265688763407
233,7.774441107774441,35.90939108947121,102.15674231297707,94.36630754670864,0.07928265688763407,285.0,263.0,346.0,265.0,297.0,348.0,353.0,366.0,35.90939108947121,33.754192846458274,-64.5912913430976,0.07928265688763407,0.08272519857588687
234,7.807807807807808,35.90939108947121,102.15674231297707,94.36630754670864,0.07928265688763407,285.0,263.0,346.0,265.0,297.0,348.0,353.0,366.0,35.90939108947121,31.59899460344534,-64.5912913430976,0.07928265688763407,0.08616774026413968
235,7.841174507841175,35.90939108947121,102.15674231297707,94.36630754670864,0.07928265688763407,285.0,263.0,346.0,265.0,297.0,348.0,353.0,366.0,35.90939108947121,29.443796360432408,-64.59129134309754,0.07928265688763407,0.0873058370438091
236,7.874541207874541,nan,nan,nan,nan,nan,nan,nan,nan,nan,nan,nan,nan,nan,27.28859811741948,-21.775738025754833,nan,0.08616774026413968
237,7.907907907907909,nan,nan,nan,nan,nan,nan,nan,nan,nan,nan,nan,nan,nan,27.99062732301133,21.03981529158776,nan,0.08272519857588687
238,7.941274607941275,nan,nan,nan,nan,nan,nan,nan,nan,nan,nan,nan,nan,nan,28.69265652860318,10.519907645793854,nan,0.07928265688763407
239,7.974641307974641,18.66780514536775,123.8880543071042,111.32497473613007,0.10682299039365646,258.0,240.0,298.0,243.0,277.0,346.0,336.0,362.0,18.66780514536775,28.69265652860318,0.0,0.10682299039365646,0.07928265688763407
240,8.008008008008009,18.66780514536775,123.8880543071042,111.32497473613007,0.10682299039365646,258.0,240.0,298.0,243.0,277.0,346.0,336.0,362.0,18.66780514536775,28.69265652860318,0.0,0.10682299039365646,0.07928265688763407
241,8.041374708041374,18.66780514536775,123.8880543071042,111.32497473613007,0.10682299039365646,258.0,240.0,298.0,243.0,277.0,346.0,336.0,362.0,18.66780514536775,28.69265652860318,0.0,0.10682299039365646,0.07928265688763407
242,8.074741408074741,18.66780514536775,123.8880543071042,111.32497473613007,0.10682299039365646,258.0,240.0,298.0,243.0,277.0,346.0,336.0,362.0,18.66780514536775,28.69265652860318,0.0,0.10682299039365646,0.07928265688763407
243,8.108108108108109,18.66780514536775,123.8880543071042,111.32497473613007,0.10682299039365646,258.0,240.0,298.0,243.0,277.0,346.0,336.0,362.0,18.66780514536775,28.69265652860318,0.0,0.10682299039365646,0.07928265688763407
244,8.141474808141474,nan,nan,nan,nan,nan,nan,nan,nan,nan,nan,nan,nan,nan,28.69265652860318,0.0,nan,0.07928265688763407
245,8.174841508174842,nan,nan,nan,nan,nan,nan,nan,nan,nan,nan,nan,nan,nan,28.69265652860318,0.0,nan,0.07928265688763407
246,8.208208208208209,nan,nan,nan,nan,nan,nan,nan,nan,nan,nan,nan,nan,nan,28.69265652860318,-10.519907645793854,nan,0.07925440553838958
247,8.241574908241574,nan,nan,nan,nan,nan,nan,nan,nan,nan,nan,nan,nan,nan,27.99062732301133,0.0,nan,0.07006487725330063
248,8.274941608274942,nan,nan,nan,nan,nan,nan,nan,nan,nan,nan,nan,nan,nan,28.69265652860318,29.29770739301674,nan,0.07006487725330063
249,8.308308308308309,nan,nan,nan,nan,nan,nan,nan,nan,nan,nan,nan,nan,nan,29.94576295150761,37.55559949444572,nan,0.07006487725330063
250,8.341675008341676,nan,nan,nan,nan,nan,nan,nan,nan,nan,nan,nan,nan,nan,31.198869374412038,37.555599494445666,nan,0.07006487725330063
251,8.375041708375042,40.41886251716475,98.08159868191383,95.85927185202274,0.022917570945957123,285.0,263.0,352.0,265.0,285.0,346.0,353.0,364.0,38.71750791183861,32.451975797316464,37.55559949444572,0.03330676411294478,0.07006487725330063
252,8.408408408408409,38.71750791183861,98.08159868191383,94.86832980505137,0.03330676411294478,285.0,263.0,349.0,265.0,285.0,346.0,353.0,364.0,38.71750791183861,33.705082220220895,37.55559949444577,0.03330676411294478,0.07006487725330063
253,8.441775108441776,38.71750791183861,98.08159868191383,94.86832980505137,0.03330676411294478,285.0,263.0,349.0,265.0,285.0,346.0,353.0,364.0,38.71750791183861,34.958188643125325,37.555599494445666,0.03330676411294478,0.07006487725330063
254,8.475141808475142,38.71750791183861,98.08159868191383,94.86832980505137,0.03330676411294478,285.0,263.0,349.0,265.0,285.0,346.0,353.0,364.0,38.71750791183861,36.21129506602975,37.555599494445666,0.03330676411294478,0.07006487725330063
255,8.508508508508509,38.71750791183861,98.08159868191383,94.86832980505137,0.03330676411294478,285.0,263.0,349.0,265.0,285.0,346.0,353.0,364.0,38.71750791183861,37.46440148893418,37.55559949444577,0.03330676411294478,0.07006487725330063
256,8.541875208541876,38.71750791183861,98.08159868191383,94.86832980505137,0.03330676411294478,285.0,263.0,349.0,265.0,285.0,346.0,353.0,364.0,38.71750791183861,38.71750791183861,37.55559949444577,0.03330676411294478,0.07006487725330063
257,8.575241908575242,nan,nan,nan,nan,nan,nan,nan,nan,nan,nan,nan,nan,nan,nan,nan,nan,0.07006487725330063
258,8.608608608608609,nan,nan,nan,nan,nan,nan,nan,nan,nan,nan,nan,nan,nan,nan,nan,nan,0.07296631826296626
259,8.641975308641976,nan,nan,nan,nan,nan,nan,nan,nan,nan,nan,nan,nan,nan,nan,nan,nan,0.08288120680047162
260,8.675342008675342,nan,nan,nan,nan,nan,nan,nan,nan,nan,nan,nan,nan,nan,nan,nan,nan,0.09279609533797699
261,8.70870870870871,nan,nan,nan,nan,nan,nan,nan,nan,nan,nan,nan,nan,nan,nan,nan,nan,0.10271098387548236
262,8.742075408742076,nan,nan,nan,nan,nan,nan,nan,nan,nan,nan,nan,nan,nan,nan,nan,nan,0.11262587241298773
263,8.775442108775442,nan,nan,nan,nan,nan,nan,nan,nan,nan,nan,nan,nan,nan,nan,nan,nan,0.1225407609504931
264,8.80880880880881,nan,78.30229881682912,94.92760399378044,0.19194498071303068,225.0,185.0,369.0,182.0,207.0,224.0,369.0,239.0,nan,nan,nan,0.19194498071303068,0.13245564948799848
265,8.842175508842177,nan,78.30229881682912,94.92760399378044,0.19194498071303068,225.0,185.0,369.0,182.0,207.0,224.0,369.0,239.0,nan,nan,nan,0.19194498071303068,0.14237053802550384
266,8.875542208875542,nan,78.30229881682912,94.92760399378044,0.19194498071303068,225.0,185.0,369.0,182.0,207.0,224.0,369.0,239.0,nan,nan,nan,0.19194498071303068,0.1522854265630092
267,8.90890890890891,nan,78.30229881682912,94.92760399378044,0.19194498071303068,225.0,185.0,369.0,182.0,207.0,224.0,369.0,239.0,nan,nan,nan,0.19194498071303068,0.16220031510051458
268,8.942275608942277,nan,78.30229881682912,94.92760399378044,0.19194498071303068,225.0,185.0,369.0,182.0,207.0,224.0,369.0,239.0,nan,nan,nan,0.19194498071303068,0.17211520363801994
269,8.975642308975642,nan,nan,nan,nan,nan,nan,nan,nan,nan,nan,nan,nan,nan,nan,nan,nan,nan
270,9.00900900900901,nan,nan,nan,nan,nan,nan,nan,nan,nan,nan,nan,nan,nan,nan,nan,nan,nan
271,9.042375709042377,nan,nan,nan,nan,nan,nan,nan,nan,nan,nan,nan,nan,nan,nan,nan,nan,nan
272,9.075742409075742,nan,nan,nan,nan,nan,nan,nan,nan,nan,nan,nan,nan,nan,nan,nan,nan,nan
273,9.10910910910911,nan,nan,nan,nan,nan,nan,nan,nan,nan,nan,nan,nan,nan,nan,nan,nan,nan
274,9.142475809142477,nan,nan,nan,nan,nan,nan,nan,nan,nan,nan,nan,nan,nan,nan,nan,nan,nan
275,9.175842509175842,nan,nan,nan,nan,nan,nan,nan,nan,nan,nan,nan,nan,nan,nan,nan,nan,nan
276,9.20920920920921,nan,nan,nan,nan,nan,nan,nan,nan,nan,nan,nan,nan,nan,nan,nan,nan,nan
277,9.242575909242577,nan,nan,nan,nan,nan,nan,nan,nan,nan,nan,nan,nan,nan,nan,nan,nan,nan
278,9.275942609275942,nan,nan,nan,nan,nan,nan,nan,nan,nan,nan,nan,nan,nan,nan,nan,nan,nan
279,9.30930930930931,nan,nan,nan,nan,nan,nan,nan,nan,nan,nan,nan,nan,nan,nan,nan,nan,nan
280,9.342676009342677,nan,nan,nan,nan,nan,nan,nan,nan,nan,nan,nan,nan,nan,nan,nan,nan,nan
281,9.376042709376042,nan,nan,nan,nan,nan,nan,nan,nan,nan,nan,nan,nan,nan,nan,nan,nan,nan
282,9.40940940940941,nan,nan,nan,nan,nan,nan,nan,nan,nan,nan,nan,nan,nan,nan,nan,nan,nan
283,9.442776109442777,nan,nan,nan,nan,nan,nan,nan,nan,nan,nan,nan,nan,nan,nan,nan,nan,nan
284,9.476142809476142,nan,nan,nan,nan,nan,nan,nan,nan,nan,nan,nan,nan,nan,nan,nan,nan,nan
285,9.50950950950951,nan,nan,nan,nan,nan,nan,nan,nan,nan,nan,nan,nan,nan,nan,nan,nan,nan
286,9.542876209542877,14.648140619401978,172.38401898087886,173.07873930670976,0.004021969426021684,248.0,258.0,292.0,260.0,191.0,429.0,328.0,431.0,14.648140619401978,14.648140619401978,0.0,0.004021969426021684,0.005441271415850001
287,9.576242909576242,14.648140619401978,172.38401898087886,173.07873930670976,0.004021969426021684,248.0,258.0,292.0,260.0,191.0,429.0,328.0,431.0,14.648140619401978,14.648140619401978,0.0,0.004021969426021684,0.00579609691330708
288,9.60960960960961,14.648140619401978,172.38401898087886,173.07873930670976,0.004021969426021684,248.0,258.0,292.0,260.0,191.0,429.0,328.0,431.0,14.648140619401978,14.648140619401978,0.0,0.004021969426021684,0.006150922410764159
289,9.642976309642977,14.648140619401978,172.38401898087886,173.07873930670976,0.004021969426021684,248.0,258.0,292.0,260.0,191.0,429.0,328.0,431.0,14.648140619401978,14.648140619401978,0.0,0.004021969426021684,0.006505747908221239
290,9.676343009676343,nan,nan,nan,nan,nan,nan,nan,nan,nan,nan,nan,nan,nan,14.648140619401978,0.0,nan,0.006860573405678317
291,9.70970970970971,nan,nan,nan,nan,nan,nan,nan,nan,nan,nan,nan,nan,nan,14.648140619401978,0.0,nan,0.008279875395506633
292,9.743076409743077,nan,nan,nan,nan,nan,nan,nan,nan,nan,nan,nan,nan,nan,14.648140619401978,18.604254844317662,nan,0.00969917738533495
293,9.776443109776443,24.671035715792208,172.3724165868774,174.052434628189,0.00969917738533495,261.0,258.0,335.0,260.0,283.0,427.0,296.0,429.0,14.648140619401978,15.889665800871292,37.208509688635324,0.006860573405678317,0.014161470871096642
294,9.80980980980981,24.5190393016104,172.6267650163207,175.60182231400674,0.017086806804083143,261.0,258.0,335.0,258.0,283.0,427.0,299.0,429.0,14.648140619401978,17.131190982340605,37.208509688635324,0.00969917738533495,0.018623764356858336
295,9.843176509843177,nan,nan,nan,nan,nan,nan,333.0,256.0,283.0,427.0,296.0,429.0,17.131190982340605,18.37271616380992,37.208509688635324,nan,0.02308605784262003
296,9.876543209876544,13.428923174204678,170.00294115102832,176.58992043715293,0.038009895852680296,287.0,258.0,328.0,256.0,283.0,427.0,293.0,429.0,19.614241345279233,19.614241345279233,37.26356247153759,0.02754835132838172,0.02754835132838172
297,9.90990990990991,nan,nan,nan,nan,283.0,258.0,nan,nan,nan,nan,296.0,429.0,20.85944038613475,20.85944038613475,37.318615254439855,nan,0.058383262625291185
298,9.943276609943277,14.709443388948063,174.6460706686526,201.02300863334028,0.14042645199172102,282.0,258.0,336.0,249.0,197.0,429.0,296.0,429.0,22.104639426990268,22.104639426990268,nan,0.08921817392220066,0.08921817392220066
299,9.976643309976645,nan,nan,nan,nan,290.0,258.0,nan,nan,nan,nan,293.0,429.0,nan,32.639838889235065,nan,nan,0.1010359713060042
300,10.01001001001001,nan,nan,nan,nan,296.0,256.0,339.0,240.0,296.0,344.0,nan,nan,nan,43.175038351479856,nan,nan,0.11285376868980772
301,10.043376710043377,nan,nan,nan,nan,nan,nan,nan,nan,nan,nan,299.0,429.0,nan,53.71023781372465,nan,nan,0.12467156607361124
302,10.076743410076745,71.15823527268404,94.66784036831093,80.91971329657564,0.1565956901247563,199.0,348.0,300.0,367.0,197.0,429.0,299.0,429.0,64.24543727596945,58.97783754484705,nan,0.13648936345741478,0.13648936345741478
303,10.11011011011011,nan,nan,nan,nan,nan,nan,nan,nan,nan,nan,nan,nan,66.19905407691809,64.24543727596945,nan,nan,0.13648936345741478
304,10.143476810143477,73.77186268978257,95.71833680126291,82.87943049997388,0.1437745442767371,197.0,348.0,303.0,367.0,197.0,429.0,299.0,429.0,68.15267087786674,65.22224567644378,29.274947762215326,0.13648936345741478,0.13648936345741478
305,10.176843510176845,nan,nan,nan,nan,nan,nan,nan,nan,nan,nan,nan,nan,69.34560052075997,66.19905407691809,29.274947762215326,nan,0.1373263865286688
306,10.21021021021021,54.90959575606403,84.39934833871645,96.3807553404724,0.13255227492310853,277.0,276.0,361.0,274.0,258.0,342.0,358.0,367.0,70.53853016365319,67.17586247739241,29.27494776221554,0.13816340959992282,0.13816340959992282
307,10.243576910243577,nan,nan,nan,nan,nan,nan,365.0,274.0,nan,nan,nan,nan,70.53853016365319,68.15267087786674,14.63747388110777,nan,0.13816340959992282
308,10.276943610276945,65.76681159208029,94.86832980505137,91.0659101969557,0.04090069271861525,261.0,274.0,362.0,274.0,277.0,340.0,353.0,364.0,70.53853016365319,68.15267087786674,0.0,0.1437745442767371,0.14003378782552758
309,10.31031031031031,nan,nan,nan,nan,261.0,274.0,nan,nan,283.0,342.0,350.0,362.0,69.7432437350577,68.15267087786674,5.9586835662516995,nan,0.14096897693832997
310,10.343677010343677,nan,nan,nan,nan,nan,nan,370.0,276.0,nan,nan,355.0,362.0,68.94795730646223,68.55031409216448,11.917367132503399,nan,0.14190416605113235
311,10.377043710377045,70.53853016365319,96.60745312862771,92.0869154657707,0.04791385876039553,261.0,274.0,370.0,276.0,283.0,342.0,353.0,362.0,68.15267087786674,68.94795730646223,11.917367132503399,0.13816340959992282,0.1437745442767371
312,10.41041041041041,nan,nan,nan,nan,nan,nan,370.0,276.0,nan,nan,355.0,362.0,nan,nan,nan,nan,0.17865574302957482
313,10.443777110443778,nan,141.86701519380748,100.33070317704346,0.34299507275426927,186.0,274.0,370.0,276.0,256.0,342.0,353.0,362.0,nan,nan,nan,0.21914807645922685,0.21914807645922685
314,10.477143810477145,nan,nan,nan,nan,nan,nan,370.0,276.0,nan,nan,353.0,360.0,nan,nan,nan,nan,0.2667105962646579
315,10.51051051051051,nan,140.61649974309557,101.31633629380802,0.3248849068449133,186.0,274.0,370.0,276.0,256.0,342.0,350.0,362.0,nan,nan,nan,0.31427311607008895,0.30206677202258814
316,10.543877210543878,nan,140.61649974309557,101.53324578678651,0.32280235414483277,186.0,274.0,368.0,274.0,256.0,342.0,350.0,362.0,nan,nan,nan,0.32280235414483277,0.30206677202258814
317,10.577243910577245,nan,nan,nan,nan,nan,nan,370.0,274.0,256.0,342.0,350.0,362.0,nan,nan,nan,nan,0.3032924740135071
318,10.61061061061061,nan,97.082439194738,102.82509421342633,0.05745311265447079,248.0,272.0,370.0,274.0,256.0,342.0,350.0,362.0,nan,nan,nan,0.32280235414483277,0.3032924740135071
319,10.643977310643978,nan,nan,nan,nan,nan,nan,368.0,274.0,258.0,342.0,350.0,362.0,nan,nan,nan,nan,0.3032924740135071
320,10.677344010677345,nan,140.61649974309557,103.32473082471591,0.30574387799534514,186.0,274.0,373.0,276.0,256.0,342.0,350.0,362.0,nan,nan,nan,0.31427311607008895,0.3032924740135071
321,10.71071071071071,nan,143.25239963086133,100.73355945264716,0.34853513979188744,186.0,274.0,368.0,274.0,258.0,342.0,353.0,364.0,nan,nan,nan,0.30574387799534514,0.3032924740135071
322,10.744077410744078,nan,nan,nan,nan,nan,nan,368.0,274.0,253.0,340.0,353.0,362.0,nan,nan,nan,nan,0.3032924740135071
323,10.777444110777445,nan,nan,nan,nan,183.0,276.0,370.0,276.0,258.0,342.0,nan,nan,nan,nan,nan,nan,0.3032924740135071
324,10.81081081081081,nan,140.98226838861686,99.82484660644363,0.34182895121697265,183.0,276.0,370.0,276.0,253.0,340.0,353.0,360.0,nan,nan,nan,0.30206677202258814,0.3032924740135071
325,10.844177510844178,nan,137.71437833429013,101.573864748763,0.30206677202258814,186.0,276.0,370.0,276.0,248.0,340.0,355.0,362.0,nan,nan,nan,0.30206677202258814,0.3032924740135071
326,10.877544210877545,nan,137.71437833429013,101.573864748763,0.30206677202258814,186.0,276.0,370.0,276.0,248.0,340.0,355.0,362.0,nan,nan,nan,0.3039053250089666,0.3029860485157774
327,10.91091091091091,nan,133.86280289908768,103.72680463602453,0.25368111489143735,191.0,274.0,370.0,274.0,248.0,340.0,353.0,362.0,nan,nan,nan,0.3039053250089666,0.30206677202258814
328,10.944277610944278,nan,nan,nan,nan,nan,nan,368.0,274.0,nan,nan,355.0,360.0,nan,nan,nan,nan,0.30206677202258814
329,10.977644310977645,nan,101.85406226557681,92.71057113404059,0.09398924122819746,248.0,271.0,368.0,274.0,277.0,340.0,350.0,358.0,nan,nan,nan,0.30206677202258814,0.30206677202258814
330,11.01101101101101,nan,nan,nan,nan,nan,nan,370.0,274.0,277.0,340.0,350.0,358.0,nan,nan,nan,nan,0.28997035773980046
331,11.044377711044378,nan,148.18906842274163,93.00537618869137,0.4575867601175625,189.0,271.0,370.0,274.0,277.0,340.0,353.0,358.0,nan,nan,nan,0.2778739434570128,0.2778739434570128
332,11.077744411077745,nan,nan,nan,nan,191.0,271.0,370.0,274.0,280.0,340.0,nan,nan,nan,nan,nan,nan,0.26724839754536855
333,11.11111111111111,nan,nan,nan,nan,nan,nan,368.0,274.0,278.0,339.0,339.0,357.0,nan,nan,nan,nan,0.2566228516337244
334,11.144477811144478,nan,nan,nan,nan,186.0,272.0,368.0,274.0,280.0,340.0,nan,nan,nan,nan,nan,nan,0.24599730572208017
335,11.177844511177845,nan,nan,nan,nan,nan,nan,368.0,276.0,nan,nan,272.0,429.0,nan,nan,nan,nan,0.23797082241148132
336,11.21121121121121,35.70851391476009,155.46382215808282,200.124960961895,0.25119543092417085,248.0,274.0,365.0,276.0,199.0,429.0,273.0,429.0,35.70851391476009,39.03600079906431,14.958717288389455,0.2247462138987918,0.23537175981043598
337,11.244577911244578,nan,nan,nan,nan,250.0,274.0,nan,nan,nan,nan,nan,nan,35.70851391476009,39.53512383170994,14.958717288389561,nan,0.23135851815513656
338,11.277944611277945,59.70219366684583,98.71676655968832,78.77182237323191,0.2247462138987918,248.0,274.0,338.0,276.0,283.0,342.0,339.0,358.0,35.70851391476009,40.03424686435557,14.958717288389668,0.23797082241148132,0.2247462138987918
339,11.311311311311313,nan,nan,nan,nan,250.0,274.0,335.0,276.0,nan,nan,nan,nan,36.873134324266566,40.53336989700121,14.958717288389668,nan,0.20983068603301686
340,11.344678011344678,29.59845969036303,155.15798400340216,171.73526137634053,0.1014231869715204,250.0,274.0,335.0,276.0,207.0,429.0,307.0,429.0,38.03775473377304,41.03249292964684,14.958717288389668,0.18169054965455242,0.18169054965455242
341,11.378044711378045,nan,nan,nan,nan,248.0,276.0,nan,nan,205.0,429.0,nan,nan,nan,41.53161596229248,14.958717288389561,nan,0.17024368293890535
342,11.411411411411413,nan,nan,nan,nan,nan,nan,368.0,278.0,nan,nan,296.0,362.0,nan,42.030738994938105,14.958717288389561,nan,0.15879681622325828
343,11.444778111444778,nan,nan,nan,nan,245.0,278.0,368.0,278.0,202.0,429.0,nan,nan,nan,42.52986202758374,14.958717288389668,nan,0.1473499495076112
344,11.478144811478145,nan,nan,nan,nan,245.0,278.0,368.0,278.0,nan,nan,339.0,360.0,nan,43.028985060229374,14.958717288389668,nan,0.14073048724826442
345,11.511511511511513,nan,nan,nan,nan,nan,nan,nan,nan,nan,nan,nan,nan,nan,43.52810809287501,14.958717288389668,nan,0.14073048724826442
346,11.544878211544878,nan,nan,nan,nan,nan,nan,nan,nan,nan,nan,nan,nan,nan,44.02723112552064,22.438075932584397,nan,0.14073048724826442
347,11.578244911578246,45.025477190811905,97.94003267305969,85.24230170519799,0.13863488541031305,257.0,280.0,328.0,276.0,277.0,358.0,350.0,362.0,45.025477190811905,45.025477190811905,44.765597716312186,0.10156248264502293,0.14073048724826442
348,11.611611611611613,nan,nan,nan,nan,257.0,280.0,nan,nan,nan,nan,nan,nan,47.01459166714975,47.01459166714975,59.61376085584514,nan,0.14073048724826442
349,11.644978311644978,nan,nan,nan,nan,nan,nan,nan,nan,nan,nan,nan,nan,49.00370614348759,49.00370614348759,57.32978452132061,nan,0.14073048724826442
350,11.678345011678346,23.263576749743464,98.5507483482495,114.82704385291821,0.15255847702579833,283.0,258.0,326.0,242.0,256.0,347.0,350.0,362.0,50.99282061982544,50.84040311335066,28.66489226066036,0.13863488541031305,0.14073048724826442
351,11.711711711711713,nan,nan,nan,nan,nan,nan,nan,nan,nan,nan,353.0,362.0,50.99282061982544,50.91661186658805,2.2839763345245268,nan,0.14073048724826442
352,11.745078411745078,50.99282061982544,86.86339850593,96.15742301039478,0.10156248264502293,279.0,280.0,358.0,274.0,275.0,357.0,353.0,362.0,50.99282061982544,50.99282061982544,1.1419881672622634,0.13863488541031305,0.14073048724826442
353,11.778445111778446,nan,nan,nan,nan,nan,nan,358.0,271.0,272.0,353.0,nan,nan,50.99282061982544,50.99282061982544,0.0,nan,0.14073048724826442
354,11.811811811811813,62.02661512058041,98.1045360826909,97.93109822727406,0.0017694523347995168,257.0,272.0,358.0,271.0,275.0,353.0,342.0,358.0,50.99282061982544,50.99282061982544,0.0,0.14073048724826442,0.14073048724826442
355,11.845178511845178,nan,nan,nan,nan,nan,nan,358.0,269.0,nan,nan,nan,nan,50.91661186658805,50.99282061982544,0.0,nan,0.14177828816724009
356,11.878545211878546,55.11810533010578,170.01838135919303,196.1689323007086,0.14282608908621577,194.0,269.0,365.0,269.0,202.0,429.0,301.0,429.0,50.84040311335066,50.99282061982544,0.0,0.14282608908621577,0.14282608908621577
357,11.911911911911913,nan,nan,nan,nan,189.0,265.0,365.0,269.0,nan,nan,nan,nan,nan,50.99282061982544,0.0,nan,0.21608959703577596
358,11.945278611945279,nan,nan,nan,nan,189.0,265.0,nan,nan,280.0,342.0,355.0,357.0,nan,50.99282061982544,0.0,nan,0.2893531049853362
359,11.978645311978646,nan,nan,nan,nan,194.0,267.0,370.0,271.0,nan,nan,nan,nan,nan,50.99282061982544,0.0,nan,0.36261661293489633
360,12.012012012012013,nan,nan,nan,nan,191.0,267.0,nan,nan,277.0,342.0,355.0,357.0,nan,50.99282061982544,-1.1419881672622634,nan,0.4358801208844566
361,12.045378712045379,50.38315059392633,148.38547772609016,81.99542670173746,0.5763502942159079,191.0,267.0,306.0,267.0,280.0,342.0,350.0,355.0,55.11810533010578,50.91661186658805,-2.2839763345245268,0.5091436288340168,0.4358801208844566
362,12.078745412078746,nan,nan,nan,nan,191.0,267.0,nan,nan,280.0,342.0,350.0,355.0,nan,50.84040311335066,-4.926634185801236,nan,0.4358801208844566
363,12.112112112112113,nan,nan,nan,nan,nan,nan,335.0,269.0,276.0,338.0,350.0,355.0,nan,50.58784081648453,-37.72765288684627,nan,0.4358801208844566
364,12.145478812145479,nan,nan,nan,nan,258.0,267.0,nan,nan,277.0,340.0,347.0,355.0,nan,48.3227085596739,-67.88601373661449,nan,0.4358801208844566
365,12.178845512178846,nan,nan,nan,nan,nan,nan,365.0,271.0,280.0,335.0,nan,nan,nan,46.057576302863275,-67.88601373661439,nan,0.4358801208844566
366,12.212212212212213,nan,147.92650202042904,87.89340134503841,0.5091436288340168,191.0,269.0,362.0,271.0,281.0,336.0,353.0,357.0,nan,43.79244404605265,-67.88601373661449,0.5091436288340168,0.4358801208844566
367,12.245578912245579,nan,147.92650202042904,87.89340134503841,0.5091436288340168,191.0,269.0,362.0,271.0,281.0,336.0,353.0,357.0,nan,41.52731178924202,-67.88601373661449,0.5091436288340168,0.4358801208844566
368,12.278945612278946,nan,147.92650202042904,87.89340134503841,0.5091436288340168,191.0,269.0,362.0,271.0,281.0,336.0,353.0,357.0,nan,39.2621795324314,-67.88601373661439,0.5091436288340168,0.4358801208844566
369,12.312312312312313,nan,147.92650202042904,87.89340134503841,0.5091436288340168,191.0,269.0,362.0,271.0,281.0,336.0,353.0,357.0,nan,36.99704727562077,-67.88601373661439,0.5091436288340168,0.4358801208844566
370,12.345679012345679,nan,147.92650202042904,87.89340134503841,0.5091436288340168,191.0,269.0,362.0,271.0,281.0,336.0,353.0,357.0,nan,34.73191501881015,-67.88601373661439,0.5091436288340168,0.4358801208844566
371,12.379045712379046,nan,nan,nan,nan,nan,nan,nan,nan,nan,nan,nan,nan,nan,32.466782761999525,-67.88601373661449,nan,0.4097633594064976
372,12.412412412412413,nan,nan,nan,nan,nan,nan,nan,nan,nan,nan,nan,nan,nan,30.201650505188894,-67.88601373661449,nan,0.31038308997897845
373,12.445779112445779,nan,nan,nan,nan,nan,nan,nan,nan,nan,nan,nan,nan,nan,27.93651824837827,-67.88601373661439,nan,0.21100282055145925
374,12.479145812479146,25.671385991567647,165.13025161974412,163.9176622576103,0.00737029053213079,196.0,271.0,269.0,267.0,197.0,429.0,291.0,429.0,25.671385991567647,25.671385991567647,-33.943006868307194,0.1116225511239401,0.1116225511239401
375,12.512512512512513,25.671385991567647,165.13025161974412,163.9176622576103,0.00737029053213079,196.0,271.0,269.0,267.0,197.0,429.0,291.0,429.0,25.671385991567647,25.671385991567647,0.0,0.09672860782855174,0.09672860782855174
376,12.545879212545879,25.671385991567647,165.13025161974412,163.9176622576103,0.00737029053213079,196.0,271.0,269.0,267.0,197.0,429.0,291.0,429.0,25.671385991567647,25.671385991567647,-3.2787098454347654,0.09326019004039708,0.09326019004039708
377,12.579245912579246,nan,nan,nan,nan,nan,nan,nan,nan,202.0,429.0,288.0,429.0,nan,25.45258653574951,-6.557419690869531,nan,0.09326019004039708
378,12.612612612612613,nan,nan,nan,nan,286.0,234.0,347.0,223.0,202.0,429.0,nan,nan,nan,25.233787079931375,-6.557419690869531,nan,0.09326019004039708
379,12.645979312645979,nan,nan,nan,nan,nan,nan,342.0,227.0,nan,nan,355.0,351.0,nan,25.01498762411324,-6.557419690869531,nan,0.09326019004039708
380,12.679346012679346,25.72862540181812,111.4955156048888,124.67658160215976,0.1116225511239401,294.0,236.0,347.0,225.0,275.0,340.0,355.0,351.0,24.796188168295103,24.796188168295103,-8.48187712567519,0.0788436501488198,0.09326019004039708
381,12.712712712712714,21.93322217038428,111.8000447227102,122.73650638664928,0.09326019004039708,297.0,234.0,342.0,225.0,275.0,340.0,353.0,349.0,24.44896312456868,24.44896312456868,-5.203167280240425,0.0788436501488198,0.09326019004039708
382,12.746079412746079,23.597569118338708,112.94356998076518,124.42367138129303,0.09672860782855174,298.0,234.0,347.0,225.0,277.0,340.0,355.0,351.0,24.44896312456868,24.44896312456868,-6.099264477456305,0.08539632389597317,0.09326019004039708
383,12.779446112779446,25.37103903022697,112.29536945039186,122.74465365139127,0.08891493510851464,295.0,234.0,347.0,226.0,277.0,340.0,353.0,349.0,24.041938468081774,24.041938468081774,-9.428701830406258,0.08891493510851464,0.09326019004039708
384,12.812812812812814,nan,nan,nan,nan,297.0,234.0,nan,nan,280.0,337.0,353.0,349.0,23.81975379321024,23.81975379321024,-6.6588747058998505,nan,0.09326019004039708
385,12.84617951284618,21.49928501943994,113.20887774375294,121.16208152718407,0.06786850903517522,300.0,229.0,344.0,223.0,280.0,335.0,353.0,347.0,23.597569118338708,23.597569118338708,-3.329437352949899,0.09326019004039708,0.09326019004039708
386,12.879546212879546,23.98213885532129,114.42464769445436,124.1933975700802,0.08187771268343169,297.0,229.0,347.0,222.0,277.0,337.0,353.0,347.0,23.597569118338708,23.597569118338708,0.0,0.09326019004039708,0.09326019004039708
387,12.912912912912914,24.221337306363232,116.23360099386063,125.39238413875063,0.0758095876142079,296.0,229.0,347.0,222.0,277.0,340.0,355.0,347.0,23.597569118338708,23.597569118338708,0.0,0.09326019004039708,0.09326019004039708
388,12.946279612946281,nan,nan,nan,nan,nan,nan,347.0,222.0,nan,nan,nan,nan,23.072998093614018,23.597569118338708,0.0,nan,0.09326019004039708
389,12.979646312979646,15.727749162367378,203.48525745124633,235.45965684167638,0.14568752638100943,280.0,229.0,347.0,218.0,197.0,429.0,288.0,429.0,22.548427068889325,23.597569118338708,0.0,0.09282177146853318,0.09326019004039708
390,13.013013013013014,nan,nan,nan,nan,nan,nan,347.0,218.0,197.0,429.0,nan,nan,21.564699574392908,23.597569118338708,0.0,nan,0.10330219550037686
391,13.046379713046381,14.233799302891555,178.08424972467387,232.64780248263682,0.26568928558038535,282.0,254.0,347.0,218.0,197.0,429.0,301.0,429.0,20.58097207989649,23.597569118338708,0.0,0.11378261953222056,0.11378261953222056
392,13.079746413079747,nan,nan,nan,nan,nan,nan,344.0,218.0,197.0,429.0,301.0,429.0,nan,23.597569118338708,0.0,nan,0.15175928604426175
393,13.113113113113114,nan,nan,nan,nan,294.0,222.0,347.0,218.0,nan,nan,nan,nan,nan,23.597569118338708,0.0,nan,0.18973595255630293
394,13.146479813146481,nan,nan,nan,nan,nan,nan,347.0,218.0,197.0,429.0,301.0,429.0,nan,23.597569118338708,0.0,nan,0.18973595255630293
395,13.179846513179847,14.824226980717652,179.52437160452615,229.57787349829687,0.24469922858130666,279.0,252.0,344.0,220.0,197.0,429.0,301.0,429.0,15.727749162367378,23.597569118338708,0.0,0.26568928558038535,0.18973595255630293
396,13.213213213213214,nan,nan,nan,nan,nan,nan,344.0,220.0,nan,nan,nan,nan,nan,23.597569118338708,73.59568734316204,nan,0.18973595255630293
397,13.246579913246581,nan,nan,nan,nan,282.0,251.0,nan,nan,275.0,335.0,355.0,344.0,nan,28.50885956499617,nan,nan,0.18973595255630293
398,13.279946613279947,nan,nan,nan,nan,nan,nan,nan,nan,nan,nan,nan,nan,nan,34.899414766310564,nan,nan,0.18973595255630293
399,13.313313313313314,nan,nan,nan,nan,nan,nan,nan,nan,nan,nan,nan,nan,nan,41.289969967624955,nan,nan,0.18973595255630293
400,13.346680013346681,35.061040137281786,123.70630541730684,84.52366532516204,0.3763400624072933,212.0,252.0,285.0,251.0,269.0,322.0,342.0,344.0,47.680525168939354,47.680525168939354,nan,0.3105196454943,0.18973595255630293
401,13.380046713380047,nan,nan,nan,nan,nan,nan,nan,nan,nan,nan,339.0,344.0,48.177534086021026,48.177534086021026,14.89535724493771,nan,0.18973595255630293
402,13.413413413413414,51.6901421228757,146.16771189288008,82.21921916437786,0.5600013313587542,183.0,251.0,298.0,251.0,269.0,322.0,339.0,344.0,48.6745430031027,48.6745430031027,7.447678622468855,0.24469922858130666,0.18973595255630293
403,13.446780113446781,51.6901421228757,146.16771189288008,82.21921916437786,0.5600013313587542,183.0,251.0,298.0,251.0,269.0,322.0,339.0,344.0,48.6745430031027,48.6745430031027,0.0,0.2425773127569485,0.18973595255630293
404,13.480146813480147,nan,nan,nan,nan,nan,nan,nan,nan,nan,nan,nan,nan,48.6745430031027,48.6745430031027,0.0,nan,0.17763304626433302
405,13.513513513513514,44.007373210158256,169.49631264425784,157.49285698088025,0.073418062605183,186.0,247.0,309.0,249.0,221.0,389.0,301.0,409.0,48.6745430031027,48.6745430031027,0.0,0.11268877977171751,0.11268877977171751
406,13.546880213546881,nan,nan,nan,nan,189.0,247.0,309.0,249.0,nan,nan,304.0,404.0,48.6745430031027,48.6745430031027,0.0,nan,0.11268877977171751
407,13.580246913580247,49.365641459393764,166.14526776288272,153.5716445181206,0.07865472711503614,183.0,249.0,317.0,249.0,226.0,387.0,304.0,400.0,48.6745430031027,48.6745430031027,0.0,0.11268877977171751,0.11268877977171751
408,13.613613613613614,nan,nan,nan,nan,183.0,249.0,314.0,249.0,nan,nan,307.0,400.0,48.84731761717546,48.6745430031027,0.0,nan,0.11075167143916062
409,13.646980313646981,48.6745430031027,168.92749924153853,151.49422431234797,0.10881456310660373,186.0,249.0,319.0,249.0,232.0,387.0,315.0,400.0,49.02009223124823,48.6745430031027,0.0,0.10881456310660373,0.10881456310660373
410,13.680347013680347,nan,nan,nan,nan,186.0,249.0,319.0,249.0,nan,nan,312.0,400.0,48.90490915519972,48.6745430031027,0.0,nan,0.10422724975595234
411,13.713713713713714,nan,nan,nan,nan,nan,nan,nan,nan,232.0,387.0,312.0,398.0,48.78972607915121,48.6745430031027,0.0,nan,0.10301189035425613
412,13.747080413747081,43.635003111034194,168.8734733461712,150.85837729473295,0.11268877977171751,191.0,247.0,311.0,247.0,232.0,387.0,318.0,400.0,48.6745430031027,48.6745430031027,0.0,0.09505262305464955,0.1010220735293545
413,13.780447113780447,nan,nan,nan,nan,nan,nan,304.0,245.0,232.0,387.0,315.0,398.0,nan,48.6745430031027,0.0,nan,0.09963993640530094
414,13.813813813813814,nan,nan,nan,nan,204.0,247.0,310.0,242.0,nan,nan,318.0,398.0,nan,48.6745430031027,0.0,nan,0.09903225670445284
415,13.847180513847182,nan,nan,nan,nan,nan,nan,nan,nan,234.0,389.0,320.0,398.0,nan,48.6745430031027,0.0,nan,0.09704243987955119
416,13.880547213880547,51.55645223303225,169.0155318306575,153.67904866962184,0.09505262305464955,189.0,247.0,330.0,249.0,232.0,387.0,318.0,398.0,48.6745430031027,48.6745430031027,-73.62715760183924,0.10301189035425613,0.09550225475791928
417,13.913913913913914,nan,nan,nan,nan,189.0,247.0,nan,nan,234.0,389.0,nan,nan,nan,43.76115243908273,nan,nan,0.09505262305464955
418,13.947280613947282,nan,nan,nan,nan,nan,nan,342.0,222.0,234.0,387.0,315.0,398.0,nan,38.84776187506276,nan,nan,0.08799261916158241
419,13.980647313980647,nan,nan,nan,nan,186.0,247.0,nan,nan,232.0,386.0,320.0,399.0,nan,33.93437131104278,nan,nan,0.08048298356524555
420,14.014014014014014,53.55974176661616,170.66048165876012,153.9415473483361,0.10301189035425613,186.0,247.0,333.0,249.0,232.0,386.0,320.0,398.0,29.020980747022815,31.902648619101175,-30.44536453874497,0.0729733479689087,0.0729733479689087
421,14.047380714047382,nan,nan,nan,nan,nan,nan,nan,nan,nan,nan,nan,nan,29.020980747022815,31.902648619101175,0.0,nan,0.0729733479689087
422,14.080747414080747,14.144883651758482,178.62320677896253,190.6600377635544,0.06519023628869813,300.0,223.0,347.0,222.0,248.0,386.0,312.0,415.0,29.020980747022815,31.902648619101175,0.0,0.0729733479689087,0.0729733479689087
423,14.114114114114114,nan,nan,nan,nan,nan,nan,nan,nan,245.0,386.0,nan,nan,29.020980747022815,31.902648619101175,0.0,nan,0.0729733479689087
424,14.147480814147482,29.020980747022815,156.6540775083751,168.5185449735429,0.0729733479689087,214.0,245.0,293.0,222.0,245.0,386.0,304.0,393.0,29.020980747022815,31.902648619101175,0.0,0.0729733479689087,0.0729733479689087
425,14.180847514180847,29.020980747022815,156.6540775083751,168.5185449735429,0.0729733479689087,214.0,245.0,293.0,222.0,245.0,386.0,304.0,393.0,29.020980747022815,31.902648619101175,0.0,0.0729733479689087,0.0729733479689087
426,14.214214214214214,29.020980747022815,156.6540775083751,168.5185449735429,0.0729733479689087,214.0,245.0,293.0,222.0,245.0,386.0,304.0,393.0,29.020980747022815,31.902648619101175,0.0,0.0729733479689087,0.0729733479689087
427,14.247580914247582,29.020980747022815,156.6540775083751,168.5185449735429,0.0729733479689087,214.0,245.0,293.0,222.0,245.0,386.0,304.0,393.0,29.020980747022815,31.902648619101175,0.0,0.0729733479689087,0.0729733479689087
428,14.280947614280947,29.020980747022815,156.6540775083751,168.5185449735429,0.0729733479689087,214.0,245.0,293.0,222.0,245.0,386.0,304.0,393.0,29.020980747022815,31.902648619101175,0.0,0.0729733479689087,0.0729733479689087
429,14.314314314314315,nan,nan,nan,nan,nan,nan,nan,nan,nan,nan,nan,nan,30.461814683061995,31.902648619101175,0.0,nan,0.0729733479689087
430,14.347681014347682,nan,nan,nan,nan,nan,nan,nan,nan,nan,nan,nan,nan,31.902648619101175,31.902648619101175,21.59089653154711,nan,0.0729733479689087
431,14.38104771438105,51.63292215829739,136.4734406395618,134.6142637315972,0.013716423710749511,258.0,203.0,376.0,207.0,288.0,317.0,342.0,337.0,33.343482555140355,33.343482555140355,21.59089653154711,0.0729733479689087,0.0729733479689087
432,14.414414414414415,51.63292215829739,136.4734406395618,134.6142637315972,0.013716423710749511,258.0,203.0,376.0,207.0,288.0,317.0,342.0,337.0,33.343482555140355,33.343482555140355,0.0,0.013716423710749511,0.032339910761547144
433,14.447781114447782,nan,nan,nan,nan,nan,nan,nan,nan,291.0,317.0,342.0,340.0,nan,33.343482555140355,0.0,nan,0.032339910761547144
434,14.48114781448115,nan,nan,nan,nan,nan,nan,nan,nan,nan,nan,nan,nan,nan,33.343482555140355,0.0,nan,0.032339910761547144
435,14.514514514514515,nan,nan,nan,nan,nan,nan,nan,nan,nan,nan,nan,nan,nan,33.343482555140355,0.0,nan,0.032339910761547144
436,14.547881214547882,nan,nan,nan,nan,nan,nan,nan,nan,nan,nan,nan,nan,nan,33.343482555140355,0.0,nan,0.032339910761547144
437,14.58124791458125,37.66598436325789,114.95760087962866,114.35580440012654,0.005248681199146992,280.0,218.0,354.0,220.0,288.0,317.0,342.0,338.0,37.66598436325789,33.343482555140355,0.0,0.005248681199146992,0.032339910761547144
438,14.614614614614615,37.66598436325789,114.95760087962866,114.35580440012654,0.005248681199146992,280.0,218.0,354.0,220.0,288.0,317.0,342.0,338.0,37.66598436325789,33.343482555140355,0.0,0.005248681199146992,0.032339910761547144
439,14.647981314647982,37.66598436325789,114.95760087962866,114.35580440012654,0.005248681199146992,280.0,218.0,354.0,220.0,288.0,317.0,342.0,338.0,37.66598436325789,33.343482555140355,0.0,0.005248681199146992,0.032339910761547144
440,14.68134801468135,37.66598436325789,114.95760087962866,114.35580440012654,0.005248681199146992,280.0,218.0,354.0,220.0,288.0,317.0,342.0,338.0,37.66598436325789,33.343482555140355,0.0,0.005248681199146992,0.032339910761547144
441,14.714714714714715,37.66598436325789,114.95760087962866,114.35580440012654,0.005248681199146992,280.0,218.0,354.0,220.0,288.0,317.0,342.0,338.0,37.66598436325789,33.343482555140355,0.0,0.005248681199146992,0.032339910761547144
442,14.748081414748082,nan,nan,nan,nan,nan,nan,nan,nan,nan,nan,nan,nan,nan,33.343482555140355,-22.205870680933256,nan,0.032339910761547144
443,14.78144811478145,nan,nan,nan,nan,nan,nan,nan,nan,nan,nan,nan,nan,nan,31.86160930315949,-65.69515081872058,nan,0.05943114032394729
444,14.814814814814815,nan,nan,nan,nan,nan,nan,nan,nan,nan,nan,nan,nan,nan,28.959421773110286,-43.48928013778732,nan,0.08652236988634744
445,14.848181514848182,nan,nan,nan,nan,nan,nan,nan,nan,nan,nan,nan,nan,nan,28.959421773110286,0.0,nan,0.11361359944874759
446,14.88154821488155,nan,nan,nan,nan,nan,nan,nan,nan,nan,nan,nan,nan,nan,28.959421773110286,0.0,nan,0.1377910161445303
447,14.914914914914915,nan,nan,nan,nan,nan,nan,nan,nan,nan,nan,nan,nan,nan,28.959421773110286,0.0,nan,0.1377910161445303
448,14.948281614948282,18.343853720847314,132.0842534142507,111.05516647144337,0.17297965877103455,256.0,200.0,298.0,213.0,285.0,315.0,318.0,333.0,17.35067165291348,28.959421773110286,0.0,0.19488728813594802,0.1377910161445303
449,14.98164831498165,16.12080791387089,134.24324936472598,113.1337703782562,0.17066645081585946,258.0,198.0,296.0,212.0,288.0,315.0,315.0,335.0,17.35067165291348,28.959421773110286,0.0,0.19488728813594802,0.1377910161445303
450,15.015015015015015,nan,nan,nan,nan,nan,nan,295.0,211.0,285.0,315.0,318.0,333.0,19.053985884646814,28.959421773110286,0.0,nan,0.1377910161445303
451,15.048381715048382,nan,nan,nan,nan,250.0,200.0,296.0,212.0,285.0,315.0,nan,nan,20.757300116380144,28.959421773110286,0.0,nan,0.1377910161445303
452,15.08174841508175,17.35067165291348,142.3938200906205,114.54256850621083,0.2167949175008615,250.0,200.0,296.0,212.0,285.0,315.0,355.0,333.0,22.460614348113477,28.959421773110286,0.0,0.171823054793447,0.1377910161445303
453,15.115115115115115,17.35067165291348,142.3938200906205,114.54256850621083,0.2167949175008615,250.0,200.0,296.0,212.0,285.0,315.0,355.0,333.0,24.767290178730015,28.959421773110286,0.0,0.17066645081585946,0.1377910161445303
454,15.148481815148482,17.35067165291348,142.3938200906205,114.54256850621083,0.2167949175008615,250.0,200.0,296.0,212.0,285.0,315.0,355.0,333.0,27.073966009346556,28.959421773110286,40.806755434941564,0.1542287334801949,0.1377910161445303
455,15.18184851518185,nan,nan,nan,nan,nan,nan,nan,nan,283.0,315.0,nan,nan,31.68259530897559,31.68259530897559,56.201953981470304,nan,0.1377910161445303
456,15.215215215215215,37.38635008189137,115.52056094046635,108.52188719332152,0.062476319156855024,277.0,216.0,349.0,220.0,283.0,315.0,353.0,333.0,36.29122460860462,32.709969252687884,15.395198546528736,0.1377910161445303,0.1377910161445303
457,15.248581915248582,35.8040782978458,115.8792474949678,107.44766167767449,0.0755089106684882,277.0,216.0,346.0,220.0,283.0,315.0,355.0,333.0,36.29122460860462,32.709969252687884,0.0,0.1377910161445303,0.1377910161445303
458,15.28194861528195,36.77837091936344,116.24543001770004,107.70329614269008,0.0762865145202225,275.0,216.0,346.0,220.0,283.0,315.0,353.0,333.0,36.29122460860462,32.709969252687884,0.0,0.1377910161445303,0.1377910161445303
459,15.315315315315315,nan,nan,nan,nan,nan,nan,346.0,220.0,283.0,315.0,355.0,335.0,36.68679255461601,32.709969252687884,0.0,nan,0.1314317008756612
460,15.348682015348682,42.683859924735344,123.06502346320826,107.20074626605917,0.1377910161445303,261.0,216.0,346.0,220.0,285.0,315.0,355.0,333.0,37.0823605006274,32.709969252687884,0.0,0.12507238560679212,0.12507238560679212
461,15.38204871538205,42.683859924735344,123.06502346320826,107.20074626605917,0.1377910161445303,261.0,216.0,346.0,220.0,285.0,315.0,355.0,333.0,37.0823605006274,32.709969252687884,0.0,0.10665688727634753,0.10665688727634753
462,15.415415415415415,42.683859924735344,123.06502346320826,107.20074626605917,0.1377910161445303,261.0,216.0,346.0,220.0,285.0,315.0,355.0,333.0,37.0823605006274,32.709969252687884,0.0,0.10096001948364115,0.10096001948364115
463,15.448782115448783,nan,nan,nan,nan,nan,nan,341.0,220.0,nan,nan,355.0,335.0,36.93036570999542,32.709969252687884,0.0,nan,0.10096001948364115
464,15.48214881548215,32.709969252687884,121.79183059630888,108.8358856260195,0.11235375506905393,275.0,216.0,341.0,220.0,293.0,320.0,355.0,335.0,36.77837091936344,32.709969252687884,0.0,0.10096001948364115,0.10096001948364115
465,15.515515515515515,nan,nan,nan,nan,nan,nan,338.0,216.0,nan,nan,353.0,335.0,34.74417008602566,32.709969252687884,0.0,nan,0.10096001948364115
466,15.548882215548883,37.395084070547725,124.77980605851253,112.78741064498288,0.10096001948364115,261.0,216.0,338.0,216.0,283.0,317.0,353.0,337.0,32.709969252687884,32.709969252687884,-50.888247562287916,0.10096001948364115,0.10096001948364115
467,15.58224891558225,nan,nan,nan,nan,nan,nan,338.0,216.0,283.0,317.0,355.0,337.0,29.314023469418753,29.314023469418753,nan,nan,0.09597559542114098
468,15.615615615615615,25.225340802785958,110.72488428533127,109.17875251164945,0.01406190271522649,283.0,218.0,331.0,216.0,277.0,313.0,353.0,335.0,25.918077686149623,25.918077686149623,nan,0.09099117135864081,0.09099117135864081
469,15.648982315648983,nan,nan,nan,nan,287.0,218.0,nan,nan,nan,nan,353.0,338.0,23.206070043668312,23.206070043668312,nan,nan,0.09099117135864081
470,15.68234901568235,26.610814569513288,118.43247020982041,124.10177275123833,0.04675053280891295,287.0,218.0,342.0,207.0,296.0,322.0,355.0,338.0,20.494062401187005,20.494062401187005,-40.639434522582384,0.09099117135864081,0.09099117135864081
471,15.715715715715715,nan,nan,nan,nan,nan,nan,342.0,202.0,296.0,320.0,355.0,340.0,20.494062401187005,20.494062401187005,0.0,nan,0.09099117135864081
472,15.749082415749083,20.494062401187005,119.36603369468217,130.74498078320252,0.09099117135864081,298.0,215.0,342.0,202.0,295.0,323.0,353.0,340.0,20.494062401187005,20.494062401187005,0.0,0.09099117135864081,0.09099117135864081
473,15.78244911578245,20.494062401187005,119.36603369468217,130.74498078320252,0.09099117135864081,298.0,215.0,342.0,202.0,295.0,323.0,353.0,340.0,20.494062401187005,20.494062401187005,0.0,0.09099117135864081,0.09099117135864081
474,15.815815815815817,20.494062401187005,119.36603369468217,130.74498078320252,0.09099117135864081,298.0,215.0,342.0,202.0,295.0,323.0,353.0,340.0,20.494062401187005,20.494062401187005,0.0,0.09099117135864081,0.09099117135864081
475,15.849182515849183,20.494062401187005,119.36603369468217,130.74498078320252,0.09099117135864081,298.0,215.0,342.0,202.0,295.0,323.0,353.0,340.0,20.494062401187005,20.494062401187005,0.0,0.09099117135864081,0.09099117135864081
476,15.88254921588255,20.494062401187005,119.36603369468217,130.74498078320252,0.09099117135864081,298.0,215.0,342.0,202.0,295.0,323.0,353.0,340.0,20.494062401187005,20.494062401187005,0.0,0.09099117135864081,0.09099117135864081
477,15.915915915915917,nan,nan,nan,nan,nan,nan,nan,nan,nan,nan,nan,nan,20.494062401187005,20.494062401187005,0.0,nan,0.09099117135864081
478,15.949282615949283,25.880177280877977,158.62613277767318,158.55992558020452,0.0004174659996812092,206.0,240.0,277.0,238.0,199.0,391.0,293.0,396.0,20.494062401187005,20.494062401187005,0.0,0.09099117135864081,0.09099117135864081
479,15.98264931598265,nan,nan,nan,nan,nan,nan,nan,nan,202.0,393.0,nan,nan,20.494062401187005,20.494062401187005,0.0,nan,0.09099117135864081
480,16.016016016016017,29.17559179046295,196.73395741457549,212.00058962182158,0.07470194197157806,250.0,200.0,354.0,200.0,202.0,393.0,342.0,398.0,20.494062401187005,20.494062401187005,0.0,0.09099117135864081,0.09099117135864081
481,16.049382716049383,nan,nan,nan,nan,nan,nan,347.0,200.0,205.0,393.0,344.0,398.0,20.494062401187005,20.494062401187005,0.0,nan,0.09099117135864081
482,16.08274941608275,16.61983886418553,188.82068212989805,207.99338931802617,0.09663320213504199,287.0,207.0,347.0,200.0,202.0,393.0,350.0,398.0,20.494062401187005,20.494062401187005,0.0,0.09099117135864081,0.09099117135864081
483,16.116116116116117,nan,nan,nan,nan,287.0,210.0,347.0,200.0,205.0,393.0,nan,nan,20.494062401187005,20.494062401187005,0.0,nan,0.09186592460455648
484,16.149482816149483,15.37053336532703,186.70297265978385,217.34764779035453,0.15168730638963276,286.0,211.0,347.0,200.0,202.0,393.0,296.0,395.0,20.494062401187005,20.494062401187005,0.0,0.09274067785047214,0.09274067785047214
485,16.18284951618285,nan,nan,nan,nan,nan,nan,nan,nan,202.0,395.0,nan,nan,18.556950632686267,20.494062401187005,0.0,nan,0.09468693999275707
486,16.216216216216218,14.847208750182789,156.52875135258697,171.08258239809217,0.0888481535659023,276.0,240.0,320.0,232.0,202.0,395.0,344.0,398.0,16.61983886418553,20.494062401187005,0.0,0.09663320213504199,0.09663320213504199
487,16.249582916249583,nan,nan,nan,nan,nan,nan,nan,nan,205.0,396.0,344.0,400.0,16.463675676828217,20.494062401187005,0.0,nan,0.104378694625055
488,16.28294961628295,35.40845814471921,178.37670812076334,156.97850171281416,0.127615172095094,191.0,242.0,295.0,242.0,205.0,396.0,350.0,400.0,16.307512489470906,20.494062401187005,0.0,0.112124187115068,0.112124187115068
489,16.316316316316318,nan,nan,nan,nan,nan,nan,295.0,243.0,207.0,400.0,355.0,404.0,nan,20.494062401187005,56.16618243498389,nan,0.17408133679380994
490,16.349683016349683,nan,nan,nan,nan,220.0,245.0,nan,nan,205.0,400.0,355.0,404.0,nan,24.24222272384192,nan,nan,0.23603848647255188
491,16.38304971638305,nan,nan,nan,nan,nan,nan,298.0,245.0,nan,nan,nan,nan,nan,28.209577841027425,nan,nan,0.29799563615129376
492,16.416416416416418,nan,nan,nan,nan,225.0,247.0,nan,nan,278.0,385.0,334.0,393.0,nan,32.17693295821293,nan,nan,0.35995278583003576
493,16.449783116449783,nan,nan,nan,nan,nan,nan,300.0,245.0,nan,nan,nan,nan,nan,36.144288075398435,nan,nan,0.42190993550877764
494,16.48314981648315,nan,nan,nan,nan,225.0,247.0,nan,nan,261.0,309.0,347.0,351.0,nan,40.11164319258395,nan,nan,0.4838670851875196
495,16.516516516516518,nan,nan,nan,nan,nan,nan,nan,nan,nan,nan,nan,nan,nan,44.07899830976946,nan,nan,0.5422828315342011
496,16.549883216549883,nan,nan,nan,nan,nan,nan,nan,nan,nan,nan,nan,nan,nan,47.20358232959339,46.82189153706155,nan,0.5422828315342011
497,16.583249916583252,43.79607181455587,140.70003553659822,83.59724875855665,0.5091705586849593,207.0,245.0,306.0,247.0,289.0,310.0,350.0,349.0,52.01370854414047,47.20358232959339,0.0,0.6697385342237454,0.5422828315342011
498,16.616616616616618,nan,nan,nan,nan,210.0,245.0,303.0,247.0,nan,nan,347.0,349.0,50.878628646949096,47.20358232959339,0.0,nan,0.5422828315342011
499,16.649983316649983,nan,nan,nan,nan,nan,nan,nan,nan,277.0,306.0,350.0,344.0,49.743548749757714,47.20358232959339,0.0,nan,0.5422828315342011
500,16.683350016683352,55.418948235714595,155.19745487603848,79.03954706347956,0.6502636832093976,186.0,242.0,314.0,247.0,280.0,306.0,353.0,346.0,48.60846885256634,47.20358232959339,0.0,0.6502636832093976,0.5422828315342011
501,16.716716716716718,nan,nan,nan,nan,191.0,236.0,319.0,247.0,nan,nan,355.0,347.0,48.60846885256634,47.20358232959339,0.0,nan,0.5422828315342011
502,16.750083416750083,48.60846885256634,166.83075256079138,81.31727983645297,0.6892133852380933,189.0,236.0,317.0,247.0,299.0,309.0,358.0,346.0,48.60846885256634,47.20358232959339,0.0,0.6502636832093976,0.5422828315342011
503,16.783450116783452,nan,nan,nan,nan,186.0,234.0,nan,nan,nan,nan,355.0,347.0,48.31205789053533,47.20358232959339,0.0,nan,0.5422828315342011
504,16.816816816816818,62.54157725274553,163.39599138289776,77.15082630795344,0.71707591813404,189.0,234.0,333.0,251.0,288.0,308.0,358.0,347.0,48.01564692850432,47.20358232959339,0.0,0.5797171209471785,0.5422828315342011
505,16.850183516850183,nan,nan,nan,nan,186.0,238.0,nan,nan,nan,nan,nan,nan,47.60961462904885,47.20358232959339,0.0,nan,0.5422828315342011
506,16.883550216883553,44.174566608798564,113.8913956363693,79.19122426127784,0.35943340103304977,189.0,243.0,268.0,251.0,210.0,313.0,315.0,347.0,47.20358232959339,47.20358232959339,-32.97669824060767,0.5048485421212237,0.5048485421212237
507,16.916916916916918,nan,nan,nan,nan,186.0,240.0,nan,nan,210.0,315.0,315.0,349.0,nan,45.00293513302297,-65.95339648121534,nan,0.4355197577266793
508,16.950283616950284,nan,nan,nan,nan,nan,nan,325.0,256.0,207.0,313.0,315.0,351.0,nan,42.80228793645256,-65.95339648121534,nan,0.36619097333213496
509,16.983650316983653,nan,nan,nan,nan,191.0,247.0,325.0,256.0,nan,nan,nan,nan,nan,40.60164073988214,-32.97669824060767,nan,0.29686218893759064
510,17.017017017017018,41.8551608519421,211.54786692377684,159.8452376519238,0.27842535919411254,186.0,249.0,327.0,256.0,310.0,413.0,323.0,418.0,38.40099354331173,40.60164073988214,0.0,0.22753340454304627,0.22753340454304627
511,17.050383717050384,nan,nan,nan,nan,183.0,251.0,nan,nan,nan,nan,nan,nan,38.40099354331173,40.60164073988214,0.0,nan,0.17790675463080405
512,17.083750417083753,47.422825004442295,177.78920102188434,148.93287078412206,0.17664144989197997,183.0,252.0,317.0,254.0,213.0,393.0,353.0,405.0,38.40099354331173,40.60164073988214,0.0,0.12828010471856183,0.12828010471856183
513,17.117117117117118,nan,nan,nan,nan,nan,nan,nan,nan,nan,nan,nan,nan,34.17369098239587,40.60164073988214,0.0,nan,0.11539261095827878
514,17.150483817150484,nan,nan,nan,nan,nan,nan,nan,nan,nan,nan,nan,nan,29.94638842148001,40.60164073988214,0.0,nan,0.11539261095827878
515,17.183850517183853,25.719085860564153,170.69563556224864,181.53236626012455,0.061532476928627705,225.0,260.0,304.0,256.0,197.0,429.0,301.0,429.0,25.719085860564153,40.60164073988214,0.0,0.08961762343771268,0.11539261095827878
516,17.217217217217218,25.719085860564153,170.69563556224864,181.53236626012455,0.061532476928627705,225.0,260.0,304.0,256.0,197.0,429.0,301.0,429.0,25.719085860564153,40.60164073988214,0.0,0.08961762343771268,0.11539261095827878
517,17.250583917250584,nan,nan,nan,nan,nan,nan,307.0,256.0,197.0,429.0,299.0,429.0,28.432053253548922,40.60164073988214,0.0,nan,0.11539261095827878
518,17.283950617283953,18.598055070095086,168.00669629511796,181.99244489813307,0.07991875954514369,249.0,261.0,307.0,256.0,197.0,429.0,304.0,429.0,31.145020646533688,40.60164073988214,0.0,0.09931648733028169,0.11539261095827878
519,17.31731731731732,nan,nan,nan,nan,nan,nan,307.0,256.0,197.0,429.0,304.0,429.0,nan,40.60164073988214,69.54325780479681,nan,0.11539261095827878
520,17.350684017350684,nan,nan,nan,nan,194.0,336.0,nan,nan,197.0,429.0,307.0,429.0,nan,45.24249878491363,nan,nan,0.11539261095827878
521,17.384050717384053,nan,107.0420478129973,118.2285921425101,0.09931648733028169,197.0,336.0,343.0,356.0,199.0,429.0,301.0,429.0,nan,47.9888646824934,41.15429297523287,0.09600761635347257,0.11539261095827878
522,17.41741741741742,nan,nan,nan,nan,191.0,338.0,nan,nan,197.0,429.0,304.0,429.0,nan,47.9888646824934,0.0,nan,0.11539261095827878
523,17.450784117450784,nan,nan,nan,nan,199.0,338.0,314.0,356.0,nan,nan,nan,nan,nan,47.9888646824934,0.0,nan,0.11279461962317124
524,17.484150817484153,74.69084099664718,113.22543883774529,95.26804291051643,0.17225858359361948,191.0,338.0,317.0,356.0,226.0,431.0,288.0,429.0,73.43745506167352,47.9888646824934,0.0,0.12118812125802056,0.11279461962317124
525,17.51751751751752,74.79836834135803,111.78662710718129,96.86201525882063,0.14305975518575945,191.0,338.0,317.0,356.0,221.0,431.0,288.0,429.0,73.43745506167352,47.9888646824934,0.0,0.12118812125802056,0.12118812125802056
526,17.550884217550884,72.18406912669987,107.70329614269008,97.83659846908007,0.09600761635347257,197.0,338.0,317.0,356.0,221.0,431.0,285.0,429.0,73.43745506167352,47.9888646824934,0.0,0.15765916938968946,0.12118812125802056
527,17.584250917584253,nan,nan,nan,nan,191.0,338.0,317.0,354.0,nan,nan,290.0,429.0,nan,47.9888646824934,0.0,nan,0.12683339287158102
528,17.61761761761762,nan,nan,nan,nan,nan,nan,nan,nan,226.0,431.0,nan,nan,nan,47.9888646824934,0.0,nan,0.1566534098488974
529,17.650984317650984,nan,nan,nan,nan,199.0,339.0,370.0,361.0,nan,nan,282.0,429.0,nan,47.9888646824934,0.0,nan,0.15679873504108716
530,17.684351017684353,nan,nan,nan,nan,199.0,338.0,nan,nan,215.0,431.0,281.0,429.0,nan,47.9888646824934,0.0,nan,0.1569440602332769
531,17.71771771771772,nan,101.11874208078342,131.54847015454038,0.26157298040756843,194.0,341.0,354.0,361.0,210.0,431.0,274.0,429.0,nan,47.9888646824934,-76.26942536640271,0.15765916938968946,0.1569440602332769
532,17.751084417751084,nan,nan,nan,nan,nan,nan,nan,nan,nan,nan,nan,nan,nan,42.89914660665738,nan,nan,0.1569440602332769
533,17.784451117784453,nan,99.72963451251589,136.69308687713507,0.3126895092599776,194.0,341.0,357.0,361.0,205.0,431.0,273.0,429.0,nan,37.80942853082136,nan,0.09600761635347257,0.1569440602332769
534,17.81781781781782,nan,99.72963451251589,136.69308687713507,0.3126895092599776,194.0,341.0,357.0,361.0,205.0,431.0,273.0,429.0,nan,32.71971045498533,nan,0.16329154535232596,0.1569440602332769
535,17.851184517851184,nan,nan,nan,nan,nan,nan,nan,nan,nan,nan,nan,nan,nan,27.629992379149307,nan,nan,0.1569440602332769
536,17.884551217884553,22.202365866619438,169.5,180.81827894325286,0.06461711890909513,236.0,261.0,304.0,254.0,197.0,429.0,320.0,429.0,22.54027430331329,24.449528760802757,-47.65924732092305,0.1566534098488974,0.1569440602332769
537,17.91791791791792,nan,nan,nan,nan,231.0,258.0,301.0,252.0,202.0,429.0,nan,nan,22.393674267292415,24.449528760802757,0.0,nan,0.1569440602332769
538,17.951284617951284,23.419874519438537,172.4739110706312,184.06316850472828,0.06501011029708349,228.0,258.0,301.0,252.0,197.0,429.0,304.0,429.0,22.24707423127154,24.449528760802757,0.0,0.1569440602332769,0.1569440602332769
539,17.984651317984653,nan,nan,nan,nan,nan,nan,299.0,251.0,nan,nan,nan,nan,22.24707423127154,24.449528760802757,0.0,nan,0.1569440602332769
540,18.01801801801802,32.08539742517087,157.2394670558254,149.282450408613,0.051918092598618557,214.0,254.0,299.0,251.0,232.0,393.0,320.0,404.0,22.24707423127154,24.449528760802757,0.0,0.1569440602332769,0.1569440602332769
541,18.051384718051384,nan,nan,nan,nan,nan,nan,nan,nan,nan,nan,nan,nan,22.24707423127154,24.449528760802757,0.0,nan,0.1569440602332769
542,18.084751418084753,22.24707423127154,123.79216453394778,144.8326620621191,0.1566534098488974,293.0,225.0,347.0,211.0,277.0,346.0,326.0,351.0,22.24707423127154,24.449528760802757,0.0,0.11083176007299045,0.1569440602332769
543,18.11811811811812,nan,nan,nan,nan,289.0,220.0,nan,nan,nan,nan,nan,nan,22.393674267292415,24.449528760802757,0.0,nan,0.15708938542546663
544,18.151484818151484,18.846620213458433,124.00403219250575,145.16542288024377,0.1572347106176564,289.0,220.0,336.0,207.0,256.0,342.0,320.0,346.0,22.54027430331329,24.449528760802757,0.0,0.1569440602332769,0.15708938542546663
545,18.184851518184853,nan,nan,nan,nan,nan,nan,nan,nan,nan,nan,nan,nan,nan,24.449528760802757,0.0,nan,0.1569440602332769
546,18.21821821821822,nan,152.6843148460247,91.6651515026294,0.4994417565563994,191.0,229.0,368.0,238.0,280.0,311.0,355.0,318.0,nan,24.449528760802757,14.305089022739832,0.1572347106176564,0.1569440602332769
547,18.251584918251584,nan,nan,nan,nan,nan,nan,368.0,234.0,nan,nan,nan,nan,nan,25.40415598954749,28.610178045479614,nan,0.1569440602332769
548,18.284951618284953,nan,nan,nan,nan,199.0,222.0,nan,nan,248.0,313.0,272.0,308.0,nan,26.35878321829222,28.610178045479614,nan,0.1569440602332769
549,18.31831831831832,nan,nan,nan,nan,nan,nan,419.0,227.0,248.0,308.0,nan,nan,nan,27.313410447036954,28.610178045479664,nan,0.1569440602332769
550,18.351685018351684,nan,118.31525683528731,141.35239651311187,0.17743557490324258,229.0,209.0,421.0,227.0,248.0,306.0,355.0,299.0,nan,28.268037675781688,28.610178045479664,0.3256466555896382,0.1569440602332769
551,18.385051718385053,nan,nan,nan,nan,226.0,202.0,421.0,227.0,nan,nan,353.0,297.0,nan,29.22266490452642,28.610178045479614,nan,0.13388791015313367
552,18.41841841841842,nan,nan,nan,nan,nan,nan,nan,nan,293.0,224.0,nan,nan,nan,30.177292133271152,28.610178045479614,nan,0.13388791015313367
553,18.451785118451784,nan,nan,nan,nan,nan,nan,nan,nan,nan,nan,nan,nan,nan,31.131919362015886,28.610178045479664,nan,0.13388791015313367
554,18.485151818485154,nan,nan,nan,nan,nan,nan,nan,nan,nan,nan,nan,nan,nan,32.08654659076062,28.610178045479664,nan,0.11091755259926497
555,18.51851851851852,41.46772102636226,210.76171379071675,151.7382614899749,0.3256466555896382,191.0,142.0,330.0,156.0,320.0,306.0,323.0,309.0,33.04117381950535,33.04117381950535,14.305089022739832,0.05723527685167165,0.05723527685167165
556,18.551885218551885,40.86161897069213,213.1789154677357,153.13800965142522,0.32780852698400154,191.0,142.0,330.0,156.0,323.0,309.0,324.0,309.0,33.04117381950535,33.04117381950535,0.0,0.05723527685167165,0.05723527685167165
557,18.585251918585254,nan,nan,nan,nan,nan,nan,nan,nan,nan,nan,nan,nan,33.04117381950535,33.04117381950535,0.0,nan,0.05723527685167165
558,18.61861861861862,23.86457462333529,124.53513560437472,126.90547663517127,0.018854082557978682,268.0,209.0,320.0,207.0,242.0,313.0,344.0,349.0,33.04117381950535,33.04117381950535,0.0,0.05723527685167165,0.05723527685167165
559,18.651985318651985,nan,nan,nan,nan,nan,nan,nan,nan,nan,nan,nan,nan,33.04117381950535,33.04117381950535,0.0,nan,0.05723527685167165
560,18.685352018685354,33.04117381950535,130.90931975990097,138.62268934052608,0.05723527685167165,258.0,213.0,335.0,213.0,278.0,339.0,288.0,344.0,33.04117381950535,33.04117381950535,0.0,0.05723527685167165,0.05723527685167165
561,18.71871871871872,33.04117381950535,130.90931975990097,138.62268934052608,0.05723527685167165,258.0,213.0,335.0,213.0,278.0,339.0,288.0,344.0,33.04117381950535,33.04117381950535,0.0,0.05723527685167165,0.05723527685167165
562,18.752085418752085,33.04117381950535,130.90931975990097,138.62268934052608,0.05723527685167165,258.0,213.0,335.0,213.0,278.0,339.0,288.0,344.0,33.04117381950535,33.04117381950535,0.0,0.05723527685167165,0.05723527685167165
563,18.785452118785454,nan,nan,nan,nan,253.0,214.0,nan,nan,nan,nan,nan,nan,33.04117381950535,33.04117381950535,0.0,nan,0.05723527685167165
564,18.81881881881882,16.595190556263333,181.5061982412722,185.6784855603901,0.022725824377639932,253.0,214.0,306.0,218.0,226.0,402.0,277.0,389.0,33.04117381950535,33.04117381950535,0.0,0.05723527685167165,0.05723527685167165
565,18.852185518852185,nan,nan,nan,nan,nan,nan,nan,nan,nan,nan,nan,nan,33.04117381950535,33.04117381950535,0.0,nan,0.05723527685167165
566,18.885552218885554,34.83385651349967,169.62458548217592,131.9185354679167,0.250087283672439,237.0,205.0,333.0,220.0,287.0,334.0,358.0,369.0,33.04117381950535,33.04117381950535,3.235636259489293,0.05723527685167165,0.05723527685167165
567,18.91891891891892,nan,nan,nan,nan,nan,nan,nan,nan,287.0,334.0,361.0,371.0,nan,33.25709882848028,6.47127251897848,nan,0.07673115984775855
568,18.952285618952285,nan,nan,nan,nan,nan,nan,nan,nan,nan,nan,nan,nan,nan,33.4730238374552,6.47127251897848,nan,0.09622704284384545
569,18.985652318985654,nan,nan,nan,nan,nan,nan,nan,nan,nan,nan,nan,nan,nan,33.68894884643013,6.471272518978586,nan,0.11572292583993235
570,19.01901901901902,32.975891197310446,153.18289721767243,124.19742348374221,0.20899444964685554,234.0,218.0,317.0,227.0,262.0,336.0,358.0,366.0,33.90487385540506,33.90487385540506,7.8759046366718755,0.13521880883601925,0.13521880883601925
571,19.052385719052385,nan,nan,nan,nan,232.0,220.0,319.0,229.0,nan,nan,nan,nan,34.214534741436594,34.214534741436594,9.280536754365166,nan,0.159810689106298
572,19.085752419085754,nan,nan,nan,nan,nan,nan,nan,nan,nan,nan,nan,nan,34.52419562746813,34.52419562746813,9.280536754365166,nan,0.159810689106298
573,19.11911911911912,39.669356697805384,202.81580313180726,190.72558821511078,0.061443168025182945,234.0,220.0,368.0,222.0,285.0,395.0,347.0,416.0,34.83385651349967,34.83385651349967,22.16519480682715,0.20899444964685554,0.159810689106298
574,19.152485819152485,nan,nan,nan,nan,234.0,220.0,368.0,222.0,nan,nan,nan,nan,nan,36.00335444006921,35.04985285928903,nan,0.159810689106298
575,19.185852519185854,nan,nan,nan,nan,nan,nan,nan,nan,310.0,342.0,366.0,376.0,nan,37.17285236663874,25.66217885259382,nan,0.159810689106298
576,19.21921921921922,nan,nan,nan,nan,189.0,142.0,335.0,149.0,308.0,341.0,nan,nan,nan,37.71587888802342,8.137252422949357,nan,0.159810689106298
577,19.252585919252585,nan,nan,nan,nan,nan,nan,nan,nan,nan,nan,358.0,371.0,nan,37.71587888802342,0.0,nan,0.1630502773564389
578,19.285952619285954,nan,nan,nan,nan,231.0,220.0,353.0,218.0,269.0,427.0,nan,nan,nan,37.71587888802342,0.0,nan,0.16360244007269298
579,19.31931931931932,nan,nan,nan,nan,233.0,220.0,347.0,218.0,nan,nan,283.0,429.0,nan,37.71587888802342,0.0,nan,0.16902696558368535
580,19.352686019352685,nan,nan,nan,nan,233.0,220.0,347.0,218.0,313.0,345.0,nan,nan,nan,37.71587888802342,0.0,nan,0.1692764412694633
581,19.386052719386054,nan,nan,nan,nan,nan,nan,nan,nan,nan,nan,355.0,369.0,nan,37.71587888802342,0.0,nan,0.17495044246623365
582,19.41941941941942,41.837075885414336,161.69802101448244,136.2616967456372,0.17073666507714585,241.0,222.0,350.0,221.0,302.0,341.0,361.0,371.0,45.35933785262551,37.71587888802342,0.0,0.15792843887592267,0.17500365381093183
583,19.452786119452785,nan,nan,nan,nan,nan,nan,nan,nan,nan,nan,nan,nan,45.35933785262551,37.71587888802342,0.0,nan,0.17500365381093183
584,19.486152819486154,55.92612375425903,159.79127009946444,138.17108959547218,0.14512021267469952,221.0,220.0,362.0,222.0,267.0,333.0,358.0,369.0,45.35933785262551,37.71587888802342,0.0,0.14512021267469952,0.17500365381093183
585,19.51951951951952,nan,nan,nan,nan,228.0,220.0,361.0,218.0,nan,nan,358.0,369.0,nan,37.71587888802342,0.0,nan,0.17500365381093183
586,19.552886219552885,nan,nan,nan,nan,nan,nan,358.0,218.0,261.0,427.0,nan,nan,nan,37.71587888802342,-57.26861629228115,nan,0.17500365381093183
587,19.586252919586254,nan,nan,nan,nan,236.0,220.0,358.0,218.0,nan,nan,312.0,429.0,nan,33.894149405722374,nan,nan,0.17500365381093183
588,19.61961961961962,nan,nan,nan,nan,nan,nan,358.0,218.0,240.0,429.0,310.0,429.0,nan,30.07241992342132,nan,nan,0.17500365381093183
589,19.65298631965299,nan,nan,nan,nan,239.0,222.0,361.0,218.0,nan,nan,nan,nan,nan,26.250690441120277,nan,nan,0.17500365381093183
590,19.686353019686354,30.834324760935527,209.9380861111199,226.37358503146962,0.07533834186607623,241.0,222.0,358.0,218.0,240.0,429.0,312.0,429.0,22.428960958819232,22.782180583463674,-51.97562021698418,0.18098034203817828,0.17500365381093183
591,19.71971971971972,nan,nan,nan,nan,234.0,220.0,nan,nan,nan,nan,nan,nan,nan,22.782180583463674,0.0,nan,0.17500365381093183
592,19.75308641975309,nan,nan,nan,nan,nan,nan,319.0,229.0,275.0,328.0,358.0,362.0,nan,22.782180583463674,0.0,nan,0.17500365381093183
593,19.786453119786454,nan,nan,nan,nan,229.0,214.0,nan,nan,nan,nan,nan,nan,nan,22.782180583463674,0.0,nan,0.17500365381093183
594,19.81981981981982,22.428960958819232,148.71785366928881,124.03628501370073,0.18098034203817828,237.0,214.0,295.0,220.0,275.0,335.0,347.0,351.0,22.428960958819232,22.782180583463674,0.0,0.18098034203817828,0.17500365381093183
595,19.85318651985319,22.428960958819232,148.71785366928881,124.03628501370073,0.18098034203817828,237.0,214.0,295.0,220.0,275.0,335.0,347.0,351.0,22.428960958819232,22.782180583463674,0.0,0.18098034203817828,0.17500365381093183
596,19.886553219886554,22.428960958819232,148.71785366928881,124.03628501370073,0.18098034203817828,237.0,214.0,295.0,220.0,275.0,335.0,347.0,351.0,22.428960958819232,22.782180583463674,0.0,0.18098034203817828,0.17500365381093183
597,19.91991991991992,22.428960958819232,148.71785366928881,124.03628501370073,0.18098034203817828,237.0,214.0,295.0,220.0,275.0,335.0,347.0,351.0,22.428960958819232,22.782180583463674,0.0,0.18098034203817828,0.17500365381093183
598,19.95328661995329,nan,nan,nan,nan,234.0,211.0,nan,nan,nan,nan,nan,nan,22.428960958819232,22.782180583463674,0.0,nan,0.17500365381093183
599,19.986653319986655,15.692140687012541,195.55370106443908,192.2062694086746,0.017265483343627385,237.0,211.0,290.0,213.0,267.0,404.0,270.0,404.0,22.428960958819232,22.782180583463674,0.0,0.18098034203817828,0.17500365381093183
600,20.02002002002002,nan,nan,nan,nan,nan,nan,290.0,213.0,267.0,404.0,277.0,401.0,nan,22.782180583463674,5.292996075296965,nan,0.15369453225575314
601,20.05338672005339,nan,nan,nan,nan,nan,nan,nan,nan,nan,nan,nan,nan,nan,23.135400208108116,10.58599215059393,nan,0.126408722473328
602,20.086753420086755,nan,nan,nan,nan,nan,nan,nan,nan,nan,nan,nan,nan,nan,23.48861983275256,5.7811749979375096,nan,0.09912291269090283
603,20.12012012012012,nan,nan,nan,nan,nan,nan,nan,nan,nan,nan,nan,nan,nan,23.521197672101277,0.4881789226405449,nan,0.07183710290847768
604,20.15348682015349,nan,nan,nan,nan,nan,nan,nan,nan,nan,nan,nan,nan,nan,23.521197672101277,0.0,nan,0.04455129312605252
605,20.186853520186855,36.61742234492782,116.21101496846157,113.65298060323803,0.022256938141716302,261.0,223.0,333.0,229.0,283.0,324.0,301.0,346.0,24.548278706685885,23.521197672101277,0.0,0.017265483343627385,0.03686228177264987
606,20.22022022022022,36.61907819993148,116.62010975813735,113.12051096065646,0.030465651102809983,261.0,223.0,333.0,229.0,283.0,324.0,304.0,346.0,24.548278706685885,23.521197672101277,0.0,0.017265483343627385,0.03686228177264987
607,20.25358692025359,nan,nan,nan,nan,264.0,223.0,341.0,229.0,nan,nan,299.0,347.0,24.25789376567263,23.521197672101277,0.0,nan,0.03686228177264987
608,20.286953620286955,nan,nan,nan,nan,nan,nan,nan,nan,nan,nan,nan,nan,23.967508824659372,23.521197672101277,0.0,nan,0.03686228177264987
609,20.32032032032032,22.91370033645655,207.28000385951367,210.7225664232476,0.016471489930816357,258.0,223.0,341.0,227.0,280.0,429.0,282.0,429.0,23.677123883646118,23.521197672101277,0.0,0.026361294622263144,0.03686228177264987
610,20.35368702035369,nan,nan,nan,nan,261.0,223.0,335.0,227.0,nan,nan,nan,nan,23.677123883646118,23.521197672101277,0.0,nan,0.03686228177264987
611,20.387053720387055,24.548278706685885,172.8424137762488,175.5348968154196,0.015457281271262982,261.0,223.0,335.0,227.0,264.0,396.0,301.0,393.0,23.677123883646118,23.521197672101277,0.0,0.030465651102809983,0.03686228177264987
612,20.42042042042042,nan,nan,nan,nan,264.0,223.0,335.0,227.0,261.0,395.0,nan,nan,nan,23.521197672101277,0.0,nan,0.03686228177264987
613,20.45378712045379,nan,nan,nan,nan,nan,nan,nan,nan,nan,nan,nan,nan,nan,23.521197672101277,-1.1682771399997491,nan,0.03686228177264987
614,20.487153820487155,nan,nan,nan,nan,nan,nan,nan,nan,nan,nan,nan,nan,nan,23.443234566328854,-2.175709170541782,nan,0.03686228177264987
615,20.52052052052052,23.386738942632864,174.02442357324446,180.25676131563,0.03518300157170584,261.0,220.0,333.0,223.0,261.0,398.0,288.0,389.0,23.365271460556436,23.37600520159465,-1.0878545852708643,0.03686228177264987,0.03686228177264987
616,20.55388722055389,23.343803978480008,173.91449048311068,180.74913554426755,0.038541561973593895,261.0,220.0,333.0,223.0,258.0,398.0,288.0,389.0,23.365271460556436,23.370638331075543,-0.16084510945766348,0.03686228177264987,0.03686228177264987
617,20.587253920587255,nan,nan,nan,nan,nan,nan,326.0,222.0,261.0,398.0,nan,nan,23.365271460556436,23.365271460556436,-0.08042255472883174,nan,0.03770192187312188
618,20.62062062062062,20.476720473055078,169.5737302768327,180.09511375936884,0.06017913040858088,263.0,223.0,326.0,222.0,261.0,398.0,275.0,387.0,23.365271460556436,23.365271460556436,0.0,0.038541561973593895,0.038541561973593895
619,20.65398732065399,nan,nan,nan,nan,nan,nan,nan,nan,261.0,396.0,272.0,386.0,23.370638331075543,23.365271460556436,0.0,nan,0.04395095408234064
620,20.687354020687355,34.09823600587521,165.91865476793137,143.13629868066312,0.14743239565035915,191.0,243.0,284.0,249.0,261.0,396.0,271.0,386.0,23.37600520159465,23.365271460556436,-3.8600291031856924,0.04936034619108739,0.04936034619108739
621,20.72072072072072,nan,nan,nan,nan,186.0,243.0,nan,nan,258.0,395.0,270.0,384.0,nan,23.10767859414431,-7.8809033158291015,nan,0.07390287673903034
622,20.75408742075409,nan,nan,nan,nan,186.0,243.0,282.0,249.0,nan,nan,nan,nan,nan,22.839351986693966,-8.041748425286764,nan,0.09844540728697332
623,20.787454120787455,nan,nan,nan,nan,nan,nan,nan,nan,nan,nan,nan,nan,nan,22.571025379243626,-8.04174842528671,nan,0.12298793783491627
624,20.82082082082082,nan,nan,nan,nan,nan,nan,nan,nan,nan,nan,nan,nan,nan,22.302698771793285,-8.041748425286764,nan,0.14753046838285924
625,20.85418752085419,nan,nan,nan,nan,nan,nan,nan,nan,nan,nan,nan,nan,nan,22.03437216434294,-8.041748425286764,nan,0.1720729989308022
626,20.887554220887555,nan,nan,nan,nan,nan,nan,nan,nan,nan,nan,nan,nan,nan,21.7660455568926,-8.04174842528671,nan,0.19661552947874517
627,20.92092092092092,nan,nan,nan,nan,nan,nan,nan,nan,nan,nan,nan,nan,nan,21.49771894944226,-8.041748425286764,nan,0.2211580600266881
628,20.95428762095429,nan,nan,nan,nan,nan,nan,nan,nan,nan,nan,nan,nan,nan,21.229392341991915,-8.041748425286764,nan,0.2457005905746311
629,20.987654320987655,20.961065734541574,128.00390619039717,97.52948272189288,0.27024312112257404,242.0,240.0,292.0,249.0,267.0,326.0,369.0,360.0,20.961065734541574,20.961065734541574,-4.020874212643355,0.27024312112257404,0.27024312112257404
630,21.02102102102102,20.961065734541574,128.00390619039717,97.52948272189288,0.27024312112257404,242.0,240.0,292.0,249.0,267.0,326.0,369.0,360.0,20.961065734541574,20.961065734541574,0.0,0.27024312112257404,0.27024312112257404
631,21.05438772105439,20.961065734541574,128.00390619039717,97.52948272189288,0.27024312112257404,242.0,240.0,292.0,249.0,267.0,326.0,369.0,360.0,20.961065734541574,20.961065734541574,0.0,0.27024312112257404,0.27024312112257404
632,21.087754421087755,20.961065734541574,128.00390619039717,97.52948272189288,0.27024312112257404,242.0,240.0,292.0,249.0,267.0,326.0,369.0,360.0,20.961065734541574,20.961065734541574,0.0,0.27024312112257404,0.27024312112257404
633,21.12112112112112,20.961065734541574,128.00390619039717,97.52948272189288,0.27024312112257404,242.0,240.0,292.0,249.0,267.0,326.0,369.0,360.0,20.961065734541574,20.961065734541574,0.0,0.27024312112257404,0.27024312112257404
634,21.15448782115449,nan,nan,nan,nan,nan,nan,nan,nan,nan,nan,nan,nan,nan,20.961065734541574,0.0,nan,0.27024312112257404
635,21.187854521187855,nan,nan,nan,nan,nan,nan,nan,nan,nan,nan,nan,nan,nan,20.961065734541574,0.0,nan,0.27024312112257404
636,21.22122122122122,nan,nan,nan,nan,nan,nan,nan,nan,nan,nan,nan,nan,nan,20.961065734541574,-4.963930883845721,nan,0.27024312112257404
637,21.25458792125459,nan,nan,nan,nan,nan,nan,nan,nan,nan,nan,nan,nan,nan,20.629805748966284,-9.927861767691441,nan,0.27063319544844655
638,21.287954621287955,nan,nan,nan,nan,nan,nan,nan,nan,nan,nan,nan,nan,nan,20.298545763390994,-9.927861767691441,nan,0.271023269774319
639,21.32132132132132,15.660905965336939,127.35972675850086,96.11711606160476,0.2796049049435137,234.0,238.0,276.0,249.0,272.0,320.0,355.0,355.0,16.985945907638097,19.967285777815704,-9.927861767691441,0.27492401303304387,0.27141334410019147
640,21.35468802135469,15.660905965336939,127.35972675850086,96.11711606160476,0.2796049049435137,234.0,238.0,276.0,249.0,272.0,320.0,355.0,355.0,16.985945907638097,19.636025792240414,-9.927861767691441,0.2796049049435137,0.271803418426064
641,21.388054721388055,nan,nan,nan,nan,226.0,238.0,nan,nan,nan,nan,nan,nan,nan,nan,nan,nan,nan
642,21.42142142142142,nan,nan,nan,nan,nan,nan,311.0,245.0,272.0,331.0,353.0,346.0,nan,nan,nan,nan,nan
643,21.45478812145479,nan,nan,nan,nan,nan,nan,nan,nan,nan,nan,nan,nan,nan,nan,nan,nan,nan
644,21.488154821488155,nan,nan,nan,nan,nan,nan,nan,nan,nan,nan,nan,nan,nan,nan,nan,nan,nan
645,21.52152152152152,nan,nan,nan,nan,nan,nan,nan,nan,nan,nan,nan,nan,nan,nan,nan,nan,nan
646,21.55488822155489,nan,nan,nan,nan,nan,nan,nan,nan,nan,nan,nan,nan,nan,nan,nan,nan,nan
647,21.588254921588256,nan,nan,nan,nan,nan,nan,nan,nan,nan,nan,nan,nan,nan,nan,nan,nan,nan
648,21.62162162162162,nan,nan,nan,nan,nan,nan,nan,nan,nan,nan,nan,nan,nan,nan,nan,nan,nan
649,21.65498832165499,nan,nan,nan,nan,nan,nan,nan,nan,nan,nan,nan,nan,nan,nan,nan,nan,nan
650,21.688355021688356,nan,nan,nan,nan,nan,nan,nan,nan,nan,nan,nan,nan,nan,nan,nan,nan,nan
651,21.72172172172172,nan,nan,nan,nan,nan,nan,nan,nan,nan,nan,nan,nan,nan,nan,nan,nan,nan
652,21.75508842175509,nan,nan,nan,nan,nan,nan,nan,nan,nan,nan,nan,nan,nan,nan,nan,nan,nan
653,21.788455121788456,nan,nan,nan,nan,nan,nan,nan,nan,nan,nan,nan,nan,nan,nan,nan,nan,nan
654,21.82182182182182,nan,nan,nan,nan,nan,nan,nan,nan,nan,nan,nan,nan,nan,nan,nan,nan,nan
655,21.85518852185519,nan,nan,nan,nan,nan,nan,nan,nan,nan,nan,nan,nan,nan,nan,nan,nan,nan
656,21.888555221888556,45.908290865666615,125.52489792865796,173.94970537485827,0.3233984245209733,237.0,240.0,362.0,242.0,224.0,367.0,255.0,364.0,45.908290865666615,46.90010108879213,-0.13986736713136463,0.29539245216072973,0.22875360683048881
657,21.92192192192192,nan,nan,nan,nan,nan,nan,nan,nan,229.0,367.0,258.0,362.0,nan,46.8954341763086,-0.13986736713136463,nan,0.22875360683048881
658,21.95528862195529,nan,nan,nan,nan,247.0,240.0,366.0,231.0,nan,nan,264.0,360.0,nan,46.89076726382507,-7.4311380967678975,nan,0.22875360683048881
659,21.988655321988656,nan,nan,nan,nan,nan,nan,nan,nan,232.0,367.0,nan,nan,nan,46.39952906474584,-14.722408826404429,nan,0.2198596835277538
660,22.02202202202202,67.97007405074645,131.4838393111488,177.05366418123066,0.29539245216072973,190.0,243.0,366.0,229.0,232.0,367.0,264.0,355.0,49.875531758168655,45.908290865666615,-22.363347973869374,0.22875360683048881,0.21096576022501884
661,22.05538872205539,nan,nan,nan,nan,nan,nan,nan,nan,nan,nan,nan,nan,49.875531758168655,44.907146817574045,-30.00428712133432,nan,0.20207183692228384
662,22.088755422088756,37.93647378079429,99.45853407325085,108.46197490364999,0.08660464400266922,255.0,242.0,323.0,238.0,277.0,338.0,285.0,338.0,49.875531758168655,43.906002769481475,-36.58269060619454,0.22875360683048881,0.19317791361954884
663,22.12212212212212,nan,nan,nan,nan,nan,nan,nan,nan,277.0,337.0,nan,nan,46.89076726382507,42.465859489833335,-43.16109409105465,nan,0.1923543203669728
664,22.15548882215549,49.875531758168655,101.83319694480774,124.02015965156633,0.19647228662985292,247.0,240.0,344.0,232.0,277.0,337.0,279.0,337.0,43.906002769481475,41.0257162101852,-43.161094091054544,0.19317791361954884,0.1915307271143968
665,22.188855522188856,nan,nan,nan,nan,nan,nan,347.0,231.0,280.0,337.0,284.0,337.0,41.0257162101852,39.58557293053707,-43.16109409105465,nan,0.1907071338618208
666,22.22222222222222,52.67552772458475,100.73355945264716,126.75271200254454,0.22875360683048881,247.0,242.0,350.0,231.0,277.0,337.0,284.0,337.0,38.14542965088893,38.14542965088893,-63.95884020823992,0.18988354060924478,0.18988354060924478
667,22.25558892225559,nan,nan,nan,nan,247.0,238.0,nan,nan,277.0,338.0,282.0,338.0,nan,35.31738205911632,nan,nan,0.18988354060924478
668,22.288955622288956,nan,nan,nan,nan,242.0,238.0,362.0,242.0,nan,nan,275.0,338.0,nan,32.4893344673437,nan,nan,0.18988354060924478
669,22.32232232232232,nan,nan,nan,nan,nan,nan,nan,nan,nan,nan,nan,nan,nan,29.661286875571093,nan,nan,0.18988354060924478
670,22.35568902235569,26.83323928379848,123.69822149085249,149.65042599337966,0.18988354060924478,252.0,242.0,320.0,236.0,229.0,367.0,261.0,364.0,26.83323928379848,26.83323928379848,-42.3782931627126,0.18988354060924478,0.18988354060924478
671,22.389055722389056,26.83323928379848,123.69822149085249,149.65042599337966,0.18988354060924478,252.0,242.0,320.0,236.0,229.0,367.0,261.0,364.0,26.83323928379848,26.83323928379848,0.0,0.18988354060924478,0.18988354060924478
672,22.42242242242242,26.83323928379848,123.69822149085249,149.65042599337966,0.18988354060924478,252.0,242.0,320.0,236.0,229.0,367.0,261.0,364.0,26.83323928379848,26.83323928379848,0.0,0.18988354060924478,0.18988354060924478
673,22.45578912245579,26.83323928379848,123.69822149085249,149.65042599337966,0.18988354060924478,252.0,242.0,320.0,236.0,229.0,367.0,261.0,364.0,26.83323928379848,26.83323928379848,0.0,0.18988354060924478,0.18988354060924478
674,22.489155822489156,26.83323928379848,123.69822149085249,149.65042599337966,0.18988354060924478,252.0,242.0,320.0,236.0,229.0,367.0,261.0,364.0,26.83323928379848,26.83323928379848,0.0,0.18988354060924478,0.18988354060924478
675,22.52252252252252,nan,nan,nan,nan,nan,nan,nan,nan,nan,nan,nan,nan,nan,26.83323928379848,0.0,nan,0.16452547721539176
676,22.55588922255589,nan,nan,nan,nan,nan,nan,nan,nan,nan,nan,nan,nan,nan,26.83323928379848,0.0,nan,0.13916741382153874
677,22.589255922589256,nan,nan,nan,nan,nan,nan,nan,nan,nan,nan,nan,nan,nan,26.83323928379848,0.0,nan,0.1138093504276857
678,22.622622622622625,nan,nan,nan,nan,nan,nan,nan,nan,nan,nan,nan,nan,nan,26.83323928379848,0.0,nan,0.08845128703383268
679,22.65598932265599,18.725831921051192,173.1083475745754,180.81067446364997,0.04352592773746242,252.0,216.0,310.0,213.0,261.0,393.0,272.0,384.0,26.83323928379848,26.83323928379848,0.0,0.06309322363997964,0.06309322363997964
680,22.689356022689356,nan,nan,nan,nan,249.0,216.0,nan,nan,261.0,393.0,273.0,384.0,26.822851244970835,26.83323928379848,0.0,nan,0.053559320979202386
681,22.722722722722725,nan,nan,nan,nan,255.0,216.0,310.0,214.0,nan,nan,273.0,384.0,26.81246320614319,26.83323928379848,0.0,nan,0.04402541831842513
682,22.75608942275609,18.199521988122733,166.01204775557707,176.16185739256952,0.05932544524456366,255.0,216.0,310.0,214.0,240.0,382.0,274.0,382.0,26.802075167315543,26.83323928379848,0.0,0.034491515657647874,0.034491515657647874
683,22.789456122789456,18.272562415707807,164.00685961263937,175.35178926945684,0.06686100203539562,260.0,218.0,315.0,216.0,242.0,382.0,275.0,382.0,26.839456897389322,26.83323928379848,0.0,0.033618228523273445,0.033618228523273445
684,22.822822822822825,nan,nan,nan,nan,nan,nan,319.0,218.0,242.0,384.0,276.0,382.0,26.877251445787618,26.83323928379848,0.0,nan,0.02892436783268249
685,22.85618952285619,28.893163233406327,167.27596958320103,172.84458336899075,0.03274494138889902,234.0,220.0,319.0,222.0,245.0,386.0,278.0,384.0,26.915045994185913,26.83323928379848,0.0,0.02423050714209153,0.02423050714209153
686,22.889556222889556,27.223427908838847,166.66508332581242,172.514492144863,0.034491515657647874,237.0,220.0,317.0,222.0,242.0,386.0,279.0,384.0,26.915045994185913,26.83323928379848,0.0,0.02423050714209153,0.02423050714209153
687,22.922922922922925,nan,nan,nan,nan,237.0,218.0,319.0,223.0,242.0,387.0,nan,nan,26.877251445787618,26.83323928379848,0.0,nan,0.018007614312041013
688,22.95628962295629,27.11032250025221,174.74123726241612,175.34109615261335,0.003426958934749107,237.0,220.0,319.0,223.0,242.0,387.0,299.0,396.0,26.839456897389322,26.83323928379848,0.0,0.011784721481990492,0.013719836312538609
689,22.989656322989656,26.839456897389322,177.97541965114172,175.89556560641316,0.011754871867863373,237.0,218.0,319.0,223.0,245.0,389.0,299.0,396.0,26.839456897389322,26.83323928379848,-0.15566476183227274,0.011784721481990492,0.013719836312538609
690,23.023023023023026,26.689929977094195,178.95600017881492,176.85940743992106,0.011784721481990492,237.0,218.0,319.0,223.0,245.0,389.0,299.0,398.0,26.839456897389322,26.822851244970835,-0.31132952366454547,0.011784721481990492,0.013719836312538609
691,23.05638972305639,26.990635090982504,176.9950564281387,174.93212969606242,0.011723599729793173,237.0,220.0,319.0,225.0,245.0,389.0,299.0,398.0,26.839456897389322,26.81246320614319,-0.31132952366454547,0.011784721481990492,0.013719836312538609
692,23.089756423089757,27.144449058281793,176.31931261209021,173.56987065732346,0.015716072895284042,237.0,220.0,319.0,225.0,248.0,387.0,299.0,398.0,26.839456897389322,26.802075167315543,-0.7158299869879057,0.011784721481990492,0.013719836312538609
693,23.123123123123126,nan,nan,nan,nan,nan,nan,317.0,227.0,nan,nan,nan,nan,26.76469343724176,26.76469343724176,-1.6804956754668987,nan,0.013719836312538609
694,23.15648982315649,25.543373518352766,173.5979550570801,175.3603432934596,0.010100852994240203,240.0,220.0,317.0,225.0,226.0,386.0,301.0,398.0,26.689929977094195,26.689929977094195,-1.1203304503112659,0.011754871867863373,0.013719836312538609
695,23.189856523189857,25.543373518352766,173.5979550570801,175.3603432934596,0.010100852994240203,240.0,220.0,317.0,225.0,226.0,386.0,301.0,398.0,26.689929977094195,26.689929977094195,-8.590574267120157,0.011754871867863373,0.013719836312538609
696,23.223223223223226,nan,nan,nan,nan,nan,nan,317.0,227.0,nan,nan,307.0,398.0,26.11665174772348,26.11665174772348,-17.181148534240315,nan,0.013719836312538609
697,23.25658992325659,21.66360306685284,172.13076424625552,169.09760495051373,0.01777788466346845,253.0,220.0,317.0,225.0,253.0,384.0,307.0,396.0,25.543373518352766,25.543373518352766,-8.590574267120157,0.011784721481990492,0.013719836312538609
698,23.289956623289957,21.413777231802737,174.10628937519746,171.04970037974343,0.017711348411622228,253.0,220.0,317.0,225.0,253.0,386.0,307.0,398.0,25.543373518352766,25.543373518352766,-3.6729741106790224,0.013719836312538609,0.013719836312538609
699,23.323323323323326,nan,nan,nan,nan,248.0,214.0,nan,nan,nan,nan,304.0,398.0,nan,25.29826346759007,-7.345948221358098,nan,0.014415505168723725
700,23.35669002335669,nan,nan,nan,nan,nan,nan,nan,nan,nan,nan,nan,nan,nan,25.053153416827367,-7.345948221358098,nan,0.015111174024908842
701,23.390056723390057,nan,nan,nan,nan,nan,nan,nan,nan,nan,nan,nan,nan,nan,24.80804336606467,-7.345948221358045,nan,0.01580684288109396
702,23.423423423423426,nan,nan,nan,nan,nan,nan,nan,nan,nan,nan,nan,nan,nan,24.562933315301972,-7.345948221358098,nan,0.016502511737279076
703,23.45679012345679,nan,nan,nan,nan,nan,nan,nan,nan,nan,nan,nan,nan,nan,24.31782326453927,-7.345948221358098,nan,0.01719818059346419
704,23.490156823490157,nan,nan,nan,nan,nan,nan,nan,nan,nan,nan,nan,nan,nan,24.072713213776574,-7.345948221358045,nan,0.017893849449649307
705,23.523523523523526,nan,nan,nan,nan,nan,nan,nan,nan,nan,nan,nan,nan,nan,23.827603163013876,-7.345948221358098,nan,0.018589518305834427
706,23.55689022355689,nan,nan,nan,nan,nan,nan,nan,nan,nan,nan,nan,nan,nan,23.582493112251175,-4.383864303052734,nan,0.019285187162019542
707,23.590256923590257,23.337383061488477,172.96531444194238,169.54350474140847,0.019980856018204658,250.0,220.0,319.0,227.0,245.0,389.0,307.0,393.0,23.337383061488477,23.535052992639987,-0.7108901923736586,0.019980856018204658,0.019980856018204658
708,23.623623623623626,23.337383061488477,172.96531444194238,169.54350474140847,0.019980856018204658,250.0,220.0,319.0,227.0,245.0,389.0,307.0,393.0,23.337383061488477,23.535052992639987,-0.4936806530508939,0.019980856018204658,0.019980856018204658
709,23.65699032365699,23.337383061488477,172.96531444194238,169.54350474140847,0.019980856018204658,250.0,220.0,319.0,227.0,245.0,389.0,307.0,393.0,23.337383061488477,23.502108004114735,-0.7549739135231632,0.019980856018204658,0.019980856018204658
710,23.690357023690357,23.337383061488477,172.96531444194238,169.54350474140847,0.019980856018204658,250.0,220.0,319.0,227.0,245.0,389.0,307.0,393.0,23.337383061488477,23.484671016428898,-0.4936806530508939,0.019980856018204658,0.019980856018204658
711,23.723723723723726,23.337383061488477,172.96531444194238,169.54350474140847,0.019980856018204658,250.0,220.0,319.0,227.0,245.0,389.0,307.0,393.0,23.337383061488477,23.469163015589483,-0.7260680456295185,0.019980856018204658,0.019980856018204658
712,23.75709042375709,nan,nan,nan,nan,nan,nan,nan,nan,nan,nan,nan,nan,nan,23.436218027064232,-0.9873613061017879,nan,0.025804476731493216
713,23.790457123790457,nan,nan,nan,nan,nan,nan,nan,nan,nan,nan,nan,nan,nan,23.40327303853898,-0.5225865209444853,nan,0.031628097444781775
714,23.823823823823826,nan,nan,nan,nan,nan,nan,nan,nan,nan,nan,nan,nan,nan,23.40134405169256,-0.028905867893591383,nan,0.03745171815807033
715,23.85719052385719,nan,nan,nan,nan,nan,nan,nan,nan,nan,nan,nan,nan,nan,23.40134405169256,-0.46477478515730253,nan,0.043275338871358884
716,23.890557223890557,nan,nan,nan,nan,nan,nan,nan,nan,nan,nan,nan,nan,nan,23.37032805001373,-0.9584554382081965,nan,0.049098959584647446
717,23.923923923923926,nan,nan,nan,nan,nan,nan,nan,nan,nan,nan,nan,nan,nan,23.337383061488477,-0.4936806530508939,nan,0.054922580297936
718,23.95729062395729,26.44538409405952,171.64643893771873,165.28914059913313,0.03773598708289739,237.0,220.0,314.0,227.0,245.0,389.0,304.0,386.0,23.567997981165238,23.337383061488477,0.0,0.06074620101122456,0.06074620101122456
719,23.990657323990657,26.44538409405952,171.64643893771873,165.28914059913313,0.03773598708289739,237.0,220.0,314.0,227.0,245.0,389.0,304.0,386.0,23.484671016428898,23.337383061488477,0.0,0.06088955814533849,0.06074620101122456
720,24.024024024024026,23.567997981165238,173.70736887075344,163.46635739503097,0.06074620101122456,242.0,218.0,311.0,227.0,248.0,389.0,312.0,386.0,23.40134405169256,23.337383061488477,0.0,0.06337847219875226,0.06074620101122456
721,24.05739072405739,24.596740279580736,173.70736887075344,164.06172618865133,0.05711382612080415,242.0,218.0,314.0,227.0,248.0,389.0,312.0,386.0,23.40134405169256,23.337383061488477,0.4936806530508939,0.06337847219875226,0.06074620101122456
722,24.090757424090757,24.565160137717168,174.0416616790359,163.7574425789558,0.06088955814533849,242.0,218.0,314.0,227.0,248.0,389.0,315.0,386.0,23.234690122219888,23.37032805001373,0.9584554382081965,0.06088955814533849,0.06074620101122456
723,24.124124124124126,23.234690122219888,176.21719552869976,164.98030185449414,0.06586738625216602,242.0,218.0,311.0,227.0,250.0,393.0,315.0,386.0,23.234690122219888,23.40134405169256,0.46477478515730253,0.060817879578281525,0.06074620101122456
724,24.15749082415749,23.234690122219888,176.21719552869976,164.98030185449414,0.06586738625216602,242.0,218.0,311.0,227.0,250.0,393.0,315.0,386.0,23.234690122219888,23.40134405169256,0.0,0.06074620101122456,0.06074620101122456
725,24.190857524190857,23.234690122219888,176.21719552869976,164.98030185449414,0.06586738625216602,242.0,218.0,311.0,227.0,250.0,393.0,315.0,386.0,23.234690122219888,23.40134405169256,0.0,0.06074620101122456,0.06074620101122456
726,24.224224224224226,23.234690122219888,176.21719552869976,164.98030185449414,0.06586738625216602,242.0,218.0,311.0,227.0,250.0,393.0,315.0,386.0,23.234690122219888,23.40134405169256,0.0,0.060817879578281525,0.06074620101122456
727,24.257590924257592,21.43313540450032,176.8537531408367,165.40027206749087,0.06692970851912793,242.0,216.0,306.0,225.0,250.0,391.0,312.0,386.0,23.234690122219888,23.40134405169256,0.0,0.060817879578281525,0.06074620101122456
728,24.290957624290957,nan,nan,nan,nan,242.0,216.0,306.0,225.0,250.0,391.0,nan,nan,23.234690122219888,23.40134405169256,0.0,nan,0.06074620101122456
729,24.324324324324326,22.2146386725655,175.3603432934596,165.40027206749087,0.05845787791771964,240.0,218.0,306.0,225.0,250.0,391.0,312.0,386.0,23.234690122219888,23.40134405169256,0.0,0.06088955814533849,0.06074620101122456
730,24.357691024357692,22.2146386725655,175.3603432934596,165.40027206749087,0.05845787791771964,240.0,218.0,306.0,225.0,250.0,391.0,312.0,386.0,23.234690122219888,23.40134405169256,0.0,0.05845787791771964,0.05845787791771964
731,24.391057724391057,22.2146386725655,175.3603432934596,165.40027206749087,0.05845787791771964,240.0,218.0,306.0,225.0,250.0,391.0,312.0,386.0,23.234690122219888,23.40134405169256,2.187811635267213,0.05845787791771964,0.05845787791771964
732,24.424424424424426,nan,nan,nan,nan,240.0,216.0,309.0,225.0,nan,nan,318.0,382.0,23.547344160819502,23.547344160819502,6.872932403682487,nan,0.04624331536255773
733,24.457791124457792,nan,nan,nan,nan,237.0,216.0,314.0,223.0,242.0,384.0,nan,nan,23.85999819941912,23.85999819941912,6.625427480394131,nan,0.03402875280739581
734,24.491157824491157,26.837620026966405,167.02769231477754,172.92845341354325,0.03471483703360587,240.0,216.0,319.0,220.0,248.0,384.0,269.0,380.0,24.172652238018735,23.989481463481773,1.9403067119788564,0.021814190252233898,0.021814190252233898
735,24.524524524524526,nan,nan,nan,nan,nan,nan,nan,nan,248.0,384.0,270.0,380.0,24.172652238018735,23.989481463481773,0.0,nan,0.015363866861547908
736,24.557891224557892,24.172652238018735,166.86821147240718,165.38742394752995,0.008913543470861918,240.0,216.0,309.0,225.0,248.0,384.0,266.0,380.0,24.172652238018735,23.989481463481773,0.0,0.008913543470861918,0.008913543470861918
737,24.591257924591257,24.172652238018735,166.86821147240718,165.38742394752995,0.008913543470861918,240.0,216.0,309.0,225.0,248.0,384.0,266.0,380.0,24.172652238018735,23.989481463481773,0.0,0.008913543470861918,0.008913543470861918
738,24.624624624624627,24.172652238018735,166.86821147240718,165.38742394752995,0.008913543470861918,240.0,216.0,309.0,225.0,248.0,384.0,266.0,380.0,24.172652238018735,23.989481463481773,0.0,0.008913543470861918,0.008913543470861918
739,24.657991324657992,24.172652238018735,166.86821147240718,165.38742394752995,0.008913543470861918,240.0,216.0,309.0,225.0,248.0,384.0,266.0,380.0,24.172652238018735,23.989481463481773,0.4283093161606817,0.008913543470861918,0.008913543470861918
740,24.691358024691358,24.172652238018735,166.86821147240718,165.38742394752995,0.008913543470861918,240.0,216.0,309.0,225.0,248.0,384.0,266.0,380.0,24.172652238018735,24.018064000429433,0.4283093161606817,0.008913543470861918,0.008913543470861918
741,24.724724724724727,nan,nan,nan,nan,nan,nan,nan,nan,nan,nan,nan,nan,nan,24.018064000429433,0.25789419794840945,nan,0.008913543470861918
742,24.758091424758092,nan,nan,nan,nan,nan,nan,nan,nan,nan,nan,nan,nan,nan,24.035274157116014,0.8643259149481185,nan,0.008913543470861918
743,24.791458124791458,nan,nan,nan,nan,nan,nan,nan,nan,nan,nan,nan,nan,nan,24.07574340749971,0.6862035141090912,nan,0.008913543470861918
744,24.824824824824827,23.383908627488285,165.5513515499043,166.8120199506019,0.007586085043042577,242.0,218.0,309.0,225.0,242.0,386.0,269.0,380.0,23.989481463481773,24.081066850750254,0.07977179710938206,0.008913543470861918,0.008913543470861918
745,24.858191524858192,23.383908627488285,165.5513515499043,166.8120199506019,0.007586085043042577,242.0,218.0,309.0,225.0,242.0,386.0,269.0,380.0,23.838088254483402,24.081066850750254,0.0,0.008913543470861918,0.008913543470861918
746,24.891558224891558,23.383908627488285,165.5513515499043,166.8120199506019,0.007586085043042577,242.0,218.0,309.0,225.0,242.0,386.0,269.0,380.0,23.838088254483402,24.081066850750254,0.0,0.008913543470861918,0.008913543470861918
747,24.924924924924927,23.383908627488285,165.5513515499043,166.8120199506019,0.007586085043042577,242.0,218.0,309.0,225.0,242.0,386.0,269.0,380.0,23.68669504548503,24.081066850750254,0.0,0.01586823785687176,0.01586823785687176
748,24.958291624958292,nan,nan,nan,nan,242.0,216.0,311.0,223.0,242.0,384.0,nan,nan,23.762391649984217,24.081066850750254,0.0,nan,0.0179250674218788
749,24.991658324991658,23.30030083256129,169.44615663980107,162.3884232326923,0.042537660841860954,242.0,218.0,309.0,225.0,245.0,384.0,307.0,384.0,23.838088254483402,24.081066850750254,-0.07977179710938206,0.019981896986885836,0.019981896986885836
750,25.025025025025027,23.989481463481773,169.44615663980107,162.8066337714775,0.03996669439618466,242.0,218.0,311.0,225.0,245.0,384.0,307.0,384.0,24.018064000429433,24.07574340749971,-0.6862035141090912,0.0228229322428816,0.022237491030814183
751,25.058391725058392,24.105868943972254,167.90473489452285,162.3884232326923,0.033402518496649505,240.0,220.0,309.0,225.0,245.0,382.0,307.0,386.0,24.018064000429433,24.035274157116014,-0.7950358637988058,0.022237491030814183,0.022740799266948296
752,25.091758425091758,24.77748278249085,168.2327257105466,162.49076896857864,0.03472360950672052,240.0,220.0,311.0,225.0,248.0,384.0,307.0,384.0,24.07574340749971,24.022687961133425,-0.25789419794840945,0.022740799266948296,0.0228229322428816
753,25.125125125125127,nan,nan,nan,nan,240.0,220.0,311.0,223.0,nan,nan,307.0,384.0,24.201445765356645,24.018064000429433,-0.06929005114931283,nan,0.023022381505221193
754,25.158491825158492,24.10381161127241,167.03667262011658,163.26741867255694,0.0228229322428816,242.0,220.0,311.0,223.0,250.0,382.0,307.0,384.0,24.327148123213583,24.018064000429433,0.0,0.02330396374349409,0.02330396374349409
755,25.191858525191858,26.056535816402228,167.71776888570872,164.86737093797547,0.017140861730890074,242.0,220.0,317.0,222.0,256.0,382.0,307.0,384.0,24.327148123213583,24.018064000429433,0.0,0.028593756870378045,0.02330396374349409
756,25.225225225225227,nan,nan,nan,nan,240.0,220.0,317.0,220.0,nan,nan,nan,nan,24.382467918023913,24.018064000429433,0.0,nan,0.023464307577031586
757,25.258591925258592,25.688408321802886,166.45795264870947,170.4648057518032,0.023784995244106582,242.0,220.0,317.0,220.0,245.0,384.0,296.0,384.0,24.437787712834243,24.018064000429433,0.0,0.028593756870378045,0.023624651410569086
758,25.291958625291958,26.008558789045868,164.66405193605556,168.26838681107037,0.021652049818746768,242.0,220.0,317.0,220.0,250.0,380.0,293.0,384.0,24.548427302454908,24.018064000429433,0.06929005114931283,0.023784995244106582,0.023784995244106582
759,25.325325325325327,24.548427302454908,167.1944975171133,171.0263137648707,0.02265866629101499,245.0,218.0,317.0,218.0,248.0,380.0,296.0,386.0,24.548427302454908,24.022687961133425,0.8643259149481185,0.02330396374349409,0.023784995244106582
760,25.358692025358692,nan,nan,nan,nan,nan,nan,310.0,218.0,248.0,380.0,299.0,386.0,24.022687961133425,24.07574340749971,1.1321770757518153,nan,0.028593756870378045
761,25.392058725392058,nan,nan,nan,nan,260.0,220.0,310.0,216.0,nan,nan,299.0,387.0,23.496948619811945,24.098241986875955,1.8836498324861535,nan,0.028593756870378045
762,25.425425425425427,16.966775258346363,164.43843832875572,180.13605968822566,0.0911130768516498,257.0,220.0,310.0,216.0,194.0,382.0,296.0,386.0,22.971209278490463,24.201445765356645,3.4301584530193505,0.023784995244106582,0.028593756870378045
763,25.458792125458793,nan,nan,nan,nan,252.0,220.0,307.0,214.0,nan,nan,299.0,386.0,22.971209278490463,24.327148123213583,1.8836498324862065,nan,0.03919417307372876
764,25.492158825492158,17.15275255517478,168.21489232526352,185.22486334183108,0.09625386360095427,252.0,220.0,307.0,214.0,186.0,387.0,301.0,389.0,22.971209278490463,24.327148123213583,0.791987830769773,0.05460335090335093,0.05460335090335093
765,25.525525525525527,nan,nan,nan,nan,nan,nan,nan,nan,nan,nan,299.0,387.0,nan,24.380000163972326,0.8289671252328,nan,0.05668445914740399
766,25.558892225558893,nan,nan,nan,nan,193.0,243.0,312.0,232.0,234.0,376.0,nan,nan,nan,24.382467918023913,0.865946419695827,nan,0.05876556739145705
767,25.592258925592258,nan,nan,nan,nan,nan,nan,315.0,232.0,nan,nan,264.0,378.0,nan,24.437787712834243,2.4869013756984533,nan,0.060846675635510106
768,25.625625625625627,nan,nan,nan,nan,261.0,242.0,nan,nan,258.0,375.0,262.0,375.0,nan,24.548427302454908,1.6579342504656531,nan,0.06292778387956317
769,25.658992325658993,19.00416044343946,133.06013678032951,141.38246001537814,0.06064891771333648,255.0,242.0,301.0,240.0,254.0,374.0,264.0,376.0,24.380000163972326,24.548427302454908,42.221462837891444,0.06500889212361623,0.06500889212361623
770,25.69235902569236,21.393991254526014,134.94906446507883,142.52455928716284,0.05460335090335093,249.0,242.0,301.0,240.0,256.0,375.0,264.0,378.0,27.366009073418635,27.366009073418635,51.63346291973774,0.06500889212361623,0.06500889212361623
771,25.725725725725727,nan,nan,nan,nan,nan,nan,nan,nan,250.0,371.0,264.0,376.0,27.99410384030861,27.99410384030861,18.824000163692535,nan,0.06500889212361623
772,25.759092425759093,27.366009073418635,140.80127840328723,154.50566332662373,0.09281451254112813,244.0,236.0,315.0,232.0,254.0,374.0,264.0,378.0,28.622198607198584,28.622198607198584,18.648443558387594,0.06500889212361623,0.06500889212361623
773,25.792459125792462,nan,nan,nan,nan,nan,nan,nan,nan,250.0,375.0,261.0,378.0,29.238577884912388,29.238577884912388,18.472886953082764,nan,0.07138360013743252
774,25.825825825825827,nan,nan,nan,nan,232.0,234.0,309.0,240.0,nan,nan,nan,nan,29.854957162626196,29.854957162626196,18.472886953082764,nan,0.07775830815124879
775,25.859192525859193,30.078380321683678,143.8923208513922,151.79591562357663,0.05345897331870008,232.0,236.0,309.0,240.0,229.0,378.0,267.0,380.0,30.47133644034,30.47133644034,12.308804591293026,0.08413301616506508,0.08413301616506508
776,25.892559225892562,30.881394647180397,142.73839707661006,152.32941278689418,0.06500889212361623,232.0,236.0,311.0,240.0,232.0,378.0,261.0,378.0,30.6763655437602,30.6763655437602,3.072361114751671,0.08632511041893945,0.08632511041893945
777,25.925925925925927,30.47133644034,142.59382875847047,154.77725931156684,0.0819409219111907,232.0,236.0,311.0,238.0,229.0,378.0,261.0,378.0,30.6763655437602,30.6763655437602,1.455005454969986,0.08908492577872308,0.08908492577872308
778,25.959292625959293,29.87838814097853,144.7281935215112,157.7854556034871,0.08632511041893945,232.0,236.0,311.0,236.0,232.0,382.0,261.0,378.0,30.881394647180397,30.77346300488599,1.455005454969986,0.08908492577872308,0.08908492577872308
779,25.992659325992662,nan,nan,nan,nan,232.0,236.0,314.0,238.0,nan,nan,nan,nan,30.83013737132535,30.77346300488599,0.0,nan,0.08908492577872308
780,26.026026026026027,31.269784491683556,143.58969322343438,156.97770542341354,0.08908492577872308,232.0,236.0,314.0,238.0,229.0,380.0,261.0,378.0,30.7788800954703,30.77346300488599,0.0,0.08908492577872308,0.08908492577872308
781,26.059392726059393,31.269784491683556,143.58969322343438,156.97770542341354,0.08908492577872308,232.0,236.0,314.0,238.0,229.0,380.0,261.0,378.0,30.7788800954703,30.77346300488599,0.0,0.08908492577872308,0.08908492577872308
782,26.092759426092762,31.269784491683556,143.58969322343438,156.97770542341354,0.08908492577872308,232.0,236.0,314.0,238.0,229.0,380.0,261.0,378.0,30.870560466011778,30.77346300488599,0.0,0.08908492577872308,0.08908492577872308
783,26.126126126126128,31.269784491683556,143.58969322343438,156.97770542341354,0.08908492577872308,232.0,236.0,314.0,238.0,229.0,380.0,261.0,378.0,30.77346300488599,30.77346300488599,0.0,0.08908492577872308,0.08908492577872308
784,26.159492826159493,31.269784491683556,143.58969322343438,156.97770542341354,0.08908492577872308,232.0,236.0,314.0,238.0,229.0,380.0,261.0,378.0,30.875977556596087,30.77346300488599,0.0,0.08908492577872308,0.08908492577872308
785,26.192859526192862,nan,nan,nan,nan,226.0,234.0,nan,nan,nan,nan,nan,nan,30.973075017721875,30.77346300488599,0.0,nan,0.08908492577872308
786,26.226226226226228,19.643614576433695,161.2862362385582,142.1908928166639,0.12584370678173648,226.0,234.0,279.0,249.0,245.0,376.0,285.0,405.0,31.070172478847667,30.77346300488599,0.0,0.08908492577872308,0.08908492577872308
787,26.259592926259593,19.643614576433695,161.2862362385582,142.1908928166639,0.12584370678173648,226.0,234.0,279.0,249.0,245.0,376.0,285.0,405.0,31.269784491683556,30.77346300488599,0.0,0.08908492577872308,0.08908492577872308
788,26.292959626292962,19.643614576433695,161.2862362385582,142.1908928166639,0.12584370678173648,226.0,234.0,279.0,249.0,245.0,376.0,285.0,405.0,31.269784491683556,30.77346300488599,-10.316801893040731,0.10746431628022979,0.10746431628022979
789,26.326326326326328,nan,nan,nan,nan,218.0,234.0,282.0,249.0,nan,nan,nan,nan,nan,30.08498773674847,-28.07098126574304,nan,0.1527591299294335
790,26.359693026359693,nan,nan,nan,nan,221.0,234.0,nan,nan,253.0,322.0,353.0,349.0,nan,28.90019098181338,-35.508358745404564,nan,0.1980539435786372
791,26.393059726393062,nan,nan,nan,nan,218.0,234.0,279.0,249.0,nan,nan,nan,nan,nan,27.715394226878296,-35.50835874540451,nan,0.24334875722784088
792,26.426426426426428,nan,nan,nan,nan,218.0,234.0,nan,nan,267.0,320.0,347.0,349.0,nan,26.53059747194321,-35.50835874540451,nan,0.2886435708770446
793,26.459793126459793,nan,nan,nan,nan,224.0,234.0,284.0,249.0,269.0,322.0,nan,nan,nan,25.345800717008125,-17.754179372702254,nan,0.3339383845262483
794,26.493159826493162,24.32474943880189,135.69911569350774,90.94641279346867,0.39491361862548874,221.0,234.0,284.0,249.0,271.0,323.0,350.0,349.0,24.161003962073035,25.345800717008125,0.0,0.379233198175452,0.3725962767191818
795,26.526526526526528,nan,nan,nan,nan,218.0,234.0,nan,nan,269.0,322.0,355.0,351.0,24.22115252426041,25.345800717008125,0.0,nan,0.3725962767191818
796,26.559893226559893,24.034830964421143,138.70832707519762,93.92017887546851,0.38506156428849175,218.0,234.0,282.0,247.0,271.0,323.0,353.0,349.0,24.28130108644779,25.345800717008125,0.0,0.379233198175452,0.3725962767191818
797,26.593259926593262,24.133479415683617,137.20878251773829,92.86145594378758,0.3855111975412397,221.0,232.0,284.0,247.0,271.0,323.0,350.0,349.0,24.36791450203195,25.345800717008125,0.0,0.3734048320624122,0.3725962767191818
798,26.626626626626628,23.541992587498246,138.89744418094958,93.92816404039844,0.38629152939051875,221.0,232.0,284.0,247.0,272.0,324.0,353.0,349.0,24.411079565262007,25.345800717008125,0.0,0.3734048320624122,0.3725962767191818
799,26.659993326659993,24.497409691722126,136.4047286570374,93.48395584270062,0.3734048320624122,221.0,234.0,284.0,247.0,272.0,324.0,350.0,349.0,24.454244628492066,25.345800717008125,0.0,0.3734048320624122,0.3725962767191818
800,26.693360026693362,24.497409691722126,136.4047286570374,93.48395584270062,0.3734048320624122,221.0,234.0,284.0,247.0,272.0,324.0,350.0,349.0,24.497409691722126,25.345800717008125,0.0,0.3734048320624122,0.3725962767191818
801,26.726726726726728,nan,nan,nan,nan,215.0,232.0,nan,nan,267.0,322.0,350.0,355.0,24.497409691722126,25.345800717008125,0.0,nan,0.3725962767191818
802,26.760093426760093,24.15095602938549,140.7346794503757,97.60251021362104,0.36194241693930823,215.0,232.0,279.0,245.0,267.0,322.0,347.0,355.0,24.497409691722126,25.345800717008125,0.0,0.3734048320624122,0.3725962767191818
803,26.793460126793462,26.59950723770971,141.56447294430902,97.18281741130991,0.37178772137595134,213.0,236.0,282.0,247.0,267.0,324.0,350.0,357.0,25.022934078219023,25.345800717008125,3.036826349401276,0.3734048320624122,0.3725962767191818
804,26.826826826826828,26.59950723770971,141.56447294430902,97.18281741130991,0.37178772137595134,213.0,236.0,282.0,247.0,267.0,324.0,350.0,357.0,25.548458464715917,25.548458464715917,10.91180928105723,0.3725962767191818,0.3725962767191818
805,26.860193526860193,26.882739429945214,141.30198158553898,97.7509590745789,0.36436299332439764,213.0,234.0,282.0,245.0,267.0,324.0,347.0,355.0,26.07398285121281,26.07398285121281,8.270433399056605,0.37178772137595134,0.37178772137595134
806,26.893560226893563,26.61891442375322,141.96918679769917,98.01147891956329,0.3663437447908861,213.0,234.0,282.0,245.0,269.0,324.0,347.0,355.0,26.59950723770971,26.100372605460436,0.3954504674006509,0.37178772137595134,0.37178772137595134
807,26.926926926926928,nan,nan,nan,nan,218.0,234.0,nan,nan,nan,nan,347.0,355.0,26.604359034220586,26.100372605460436,0.0,nan,0.3690657330834187
808,26.960293626960294,40.73248859858748,149.90830530694421,94.79715185594976,0.4504284791189467,215.0,234.0,314.0,245.0,293.0,324.0,350.0,355.0,26.609210830731463,26.100372605460436,0.0,0.3663437447908861,0.3663437447908861
809,26.993660326993663,nan,nan,nan,nan,nan,nan,nan,nan,296.0,324.0,nan,nan,nan,26.100372605460436,0.0,nan,0.34645547111114366
810,27.027027027027028,nan,nan,nan,nan,250.0,231.0,319.0,243.0,nan,nan,313.0,364.0,nan,26.100372605460436,0.0,nan,0.32656719743140117
811,27.060393727060394,nan,nan,nan,nan,nan,nan,319.0,242.0,299.0,324.0,312.0,366.0,nan,26.100372605460436,0.0,nan,0.3066789237516587
812,27.093760427093763,nan,nan,nan,nan,205.0,227.0,319.0,242.0,296.0,322.0,nan,nan,nan,26.100372605460436,0.0,nan,0.2867906500719163
813,27.127127127127128,nan,nan,nan,nan,nan,nan,nan,nan,nan,nan,nan,nan,nan,26.100372605460436,0.0,nan,0.26690237639217385
814,27.160493827160494,26.844502584948465,137.21698145637805,107.91895106977273,0.2390349720229599,248.0,231.0,311.0,240.0,280.0,335.0,361.0,360.0,26.47243759520445,26.100372605460436,0.0,0.24701410271243135,0.26690237639217385
815,27.193860527193863,nan,nan,nan,nan,250.0,229.0,316.0,241.0,nan,nan,nan,nan,26.286405100332445,26.100372605460436,0.0,nan,0.26690237639217385
816,27.227227227227228,26.893524610850776,133.843191832831,106.07544484940895,0.23147636521625467,250.0,229.0,311.0,240.0,280.0,335.0,350.0,357.0,26.100372605460436,26.100372605460436,0.0,0.24302453736769564,0.26690237639217385
817,27.260593927260594,nan,nan,nan,nan,nan,nan,nan,nan,280.0,337.0,nan,nan,26.100372605460436,26.100372605460436,0.0,nan,0.26690237639217385
818,27.293960627293963,25.35624262597241,137.52272539475067,107.28699828031354,0.24701410271243135,237.0,236.0,298.0,242.0,280.0,337.0,355.0,358.0,26.100372605460436,26.100372605460436,0.0,0.24302453736769564,0.26690237639217385
819,27.32732732732733,nan,nan,nan,nan,nan,nan,nan,nan,277.0,337.0,361.0,360.0,26.100372605460436,26.100372605460436,0.0,nan,0.26690237639217385
820,27.360694027360694,nan,nan,nan,nan,229.0,234.0,276.0,240.0,nan,nan,nan,nan,26.100372605460436,26.100372605460436,0.0,nan,0.2626155542010811
821,27.394060727394063,20.524162484495907,148.7791988148881,112.74417945064836,0.27557780572604695,224.0,234.0,282.0,242.0,277.0,337.0,361.0,360.0,26.100372605460436,26.100372605460436,0.0,0.24302453736769564,0.2528200457843884
822,27.42742742742743,nan,nan,nan,nan,224.0,234.0,279.0,242.0,nan,nan,nan,nan,nan,26.100372605460436,0.0,nan,0.24701410271243135
823,27.460794127460794,nan,nan,nan,nan,224.0,232.0,nan,nan,275.0,331.0,361.0,360.0,nan,26.100372605460436,0.0,nan,0.2450193200400635
824,27.494160827494163,nan,nan,nan,nan,224.0,232.0,279.0,243.0,nan,nan,355.0,357.0,nan,26.100372605460436,0.0,nan,0.24407280927049085
825,27.52752752752753,nan,nan,nan,nan,221.0,232.0,284.0,243.0,245.0,378.0,nan,nan,nan,26.100372605460436,0.0,nan,0.24302453736769564
826,27.560894227560894,25.23294644594367,149.90663761154806,138.07968713753664,0.0821355005958422,221.0,232.0,284.0,243.0,245.0,378.0,265.0,378.0,20.524162484495907,26.100372605460436,0.0,0.29200207945115936,0.24302453736769564
827,27.594260927594263,nan,nan,nan,nan,224.0,232.0,nan,nan,nan,nan,nan,nan,20.524162484495907,26.100372605460436,0.0,nan,0.24302453736769564
828,27.62762762762763,29.774762494977512,136.1111678004417,91.7346717441121,0.38953088759518084,221.0,232.0,292.0,247.0,261.0,324.0,353.0,351.0,20.524162484495907,26.100372605460436,0.0,0.29200207945115936,0.24302453736769564
829,27.660994327660994,nan,nan,nan,nan,226.0,231.0,nan,nan,nan,nan,nan,nan,24.01400847747825,26.100372605460436,21.031175747027337,nan,0.24302453736769564
830,27.694361027694363,16.098876696480623,132.5943060617612,98.80915949445173,0.29200207945115936,226.0,231.0,271.0,243.0,264.0,324.0,355.0,344.0,27.503854470460592,27.503854470460592,31.91538151989282,0.24407280927049085,0.24302453736769564
831,27.72772772772773,nan,nan,nan,nan,232.0,232.0,nan,nan,264.0,324.0,355.0,347.0,28.230194528709873,28.230194528709873,21.768411545730906,nan,0.2201081741801566
832,27.761094427761094,17.754046317902972,127.5,93.13565375300696,0.311503110784285,232.0,232.0,278.0,246.0,264.0,324.0,353.0,344.0,28.95653458695915,28.95653458695915,18.703125245317082,0.19614353908982238,0.19614353908982238
833,27.794461127794463,nan,nan,nan,nan,232.0,232.0,nan,nan,nan,nan,350.0,351.0,nan,29.47831766820384,15.63783894490331,nan,0.19614353908982238
834,27.82782782782783,nan,nan,nan,nan,232.0,232.0,298.0,247.0,285.0,337.0,nan,nan,nan,30.000100749448528,15.637838944903256,nan,0.19614353908982238
835,27.861194527861194,nan,nan,nan,nan,nan,nan,nan,nan,nan,nan,nan,nan,nan,30.521883830693213,7.818919472451602,nan,0.19614353908982238
836,27.894561227894563,31.0436669119379,104.00120191613172,85.42394277952756,0.19614353908982238,234.0,238.0,287.0,247.0,258.0,317.0,299.0,347.0,31.0436669119379,30.521883830693213,2.1432475324250495,0.19614353908982238,0.19614353908982238
837,27.92792792792793,31.0436669119379,104.00120191613172,85.42394277952756,0.19614353908982238,234.0,238.0,287.0,247.0,258.0,317.0,299.0,347.0,31.0436669119379,30.664910025716573,7.818919472451655,0.19614353908982238,0.19614353908982238
838,27.961294627961294,31.0436669119379,104.00120191613172,85.42394277952756,0.19614353908982238,234.0,238.0,287.0,247.0,258.0,317.0,299.0,347.0,31.0436669119379,31.0436669119379,5.675671940026605,0.19614353908982238,0.19614353908982238
839,27.994661327994663,31.0436669119379,104.00120191613172,85.42394277952756,0.19614353908982238,234.0,238.0,287.0,247.0,258.0,317.0,299.0,347.0,31.0436669119379,31.0436669119379,0.0,0.19614353908982238,0.19614353908982238
840,28.02802802802803,31.0436669119379,104.00120191613172,85.42394277952756,0.19614353908982238,234.0,238.0,287.0,247.0,258.0,317.0,299.0,347.0,31.0436669119379,31.0436669119379,0.0,0.19614353908982238,0.19614353908982238
841,28.061394728061394,nan,nan,nan,nan,nan,nan,nan,nan,nan,nan,nan,nan,31.0436669119379,31.0436669119379,0.0,nan,0.19614353908982238
842,28.094761428094763,nan,nan,nan,nan,nan,nan,nan,nan,nan,nan,nan,nan,31.0436669119379,31.0436669119379,0.0,nan,0.19614353908982238
843,28.12812812812813,27.08402322016641,202.79854535967462,167.92930059998463,0.1881123586464249,183.0,234.0,276.0,240.0,258.0,400.0,318.0,415.0,31.0436669119379,31.0436669119379,0.0,0.19614353908982238,0.19614353908982238
844,28.161494828161494,27.08402322016641,202.79854535967462,167.92930059998463,0.1881123586464249,183.0,234.0,276.0,240.0,258.0,400.0,318.0,415.0,31.0436669119379,31.0436669119379,0.0,0.19614353908982238,0.19614353908982238
845,28.194861528194863,nan,nan,nan,nan,183.0,231.0,274.0,242.0,253.0,400.0,nan,nan,30.664910025716573,31.0436669119379,0.0,nan,0.19614353908982238
846,28.22822822822823,29.528639367052595,185.67781235247253,159.032229437935,0.15459707977256268,183.0,232.0,274.0,242.0,258.0,402.0,264.0,399.0,30.286153139495248,31.0436669119379,1.025054453953983,0.1881123586464249,0.19614353908982238
847,28.261594928261594,nan,nan,nan,nan,189.0,234.0,nan,nan,nan,nan,nan,nan,nan,31.1120722809038,13.401452787961071,nan,0.19614353908982238
848,28.294961628294963,nan,nan,nan,nan,nan,nan,286.0,244.0,283.0,311.0,353.0,340.0,nan,31.937991422312347,24.752796668014227,nan,0.19687054119368727
849,28.32832832832833,nan,nan,nan,nan,240.0,214.0,nan,nan,283.0,313.0,353.0,340.0,nan,32.7639105637209,24.752796668014227,nan,0.20124963246731847
850,28.361695028361694,nan,nan,nan,nan,nan,nan,326.0,213.0,283.0,313.0,350.0,340.0,nan,33.589829705129446,24.752796668014174,nan,0.20562872374094965
851,28.395061728395063,nan,nan,nan,nan,205.0,234.0,nan,nan,283.0,315.0,350.0,340.0,nan,34.415748846537994,24.75279666801428,nan,0.21000781501458085
852,28.42842842842843,nan,nan,nan,nan,202.0,234.0,311.0,242.0,nan,nan,350.0,340.0,nan,35.24166798794655,24.75279666801428,nan,0.21438690628821203
853,28.461795128461794,nan,nan,nan,nan,nan,nan,nan,nan,277.0,318.0,355.0,342.0,nan,36.0675871293551,12.376398334007087,nan,0.21876599756184323
854,28.495161828495164,nan,nan,nan,nan,245.0,213.0,327.0,216.0,nan,nan,361.0,346.0,nan,36.0675871293551,0.0,nan,0.21876599756184323
855,28.52852852852853,nan,nan,nan,nan,nan,nan,325.0,216.0,277.0,318.0,358.0,344.0,nan,36.0675871293551,0.0,nan,0.21876599756184323
856,28.561895228561895,nan,nan,nan,nan,226.0,213.0,325.0,216.0,280.0,318.0,nan,nan,nan,36.0675871293551,0.0,nan,0.21876599756184323
857,28.595261928595264,37.0209647873076,154.50728138181708,121.50925890647181,0.23910177586372233,229.0,211.0,322.0,214.0,280.0,318.0,361.0,353.0,39.371263694989295,36.0675871293551,0.0,0.23628236265636798,0.21876599756184323
858,28.62862862862863,35.335763586722706,152.17259937321174,121.50102880222866,0.22414706726013697,234.0,211.0,322.0,214.0,277.0,318.0,366.0,353.0,39.371263694989295,36.0675871293551,0.0,0.23628236265636798,0.21876599756184323
859,28.661995328661998,nan,nan,nan,nan,nan,nan,322.0,213.0,277.0,320.0,nan,nan,nan,36.0675871293551,0.0,nan,0.21876599756184323
860,28.695362028695364,nan,nan,nan,nan,224.0,211.0,319.0,213.0,nan,nan,350.0,342.0,nan,36.0675871293551,0.0,nan,0.21876599756184323
861,28.72872872872873,nan,nan,nan,nan,221.0,211.0,322.0,213.0,277.0,318.0,nan,nan,nan,36.0675871293551,0.0,nan,0.21876599756184323
862,28.7620954287621,41.99449987181243,150.86417732516887,116.21101496846157,0.2595011693831045,221.0,211.0,322.0,213.0,277.0,318.0,353.0,340.0,38.19611424114845,36.0675871293551,0.0,0.23628236265636798,0.21876599756184323
863,28.795462128795464,41.721562602671,151.42407338332964,119.7674830661478,0.2334629494490136,221.0,209.0,322.0,209.0,275.0,317.0,353.0,340.0,38.19611424114845,36.0675871293551,-60.39093758645056,0.2334629494490136,0.21876599756184323
864,28.82882882882883,nan,nan,nan,nan,221.0,209.0,322.0,209.0,280.0,318.0,nan,nan,32.037494530993364,32.037494530993364,nan,nan,0.20970832495167688
865,28.8621955288622,nan,nan,nan,nan,nan,nan,nan,nan,280.0,318.0,358.0,344.0,25.878874820838277,25.878874820838277,nan,nan,0.18595370045434018
866,28.895562228895564,46.33656145449125,163.31105290212295,89.00842656737619,0.5889567186090252,191.0,229.0,311.0,240.0,283.0,313.0,358.0,344.0,19.72025511068319,20.840827043093025,-75.49514594951259,0.16219907595700345,0.16219907595700345
867,28.92892892892893,nan,nan,nan,nan,194.0,232.0,nan,nan,nan,nan,nan,nan,17.99732798231473,20.840827043093025,0.0,nan,0.12803493045180483
868,28.9622956289623,30.05781788089395,172.83590483461472,137.1103570121528,0.23052736696740067,194.0,232.0,281.0,241.0,277.0,376.0,296.0,380.0,16.27440085394627,20.840827043093025,0.0,0.09387078494660624,0.09387078494660624
869,28.995662328995664,nan,nan,nan,nan,nan,nan,287.0,238.0,nan,nan,nan,nan,16.27440085394627,20.840827043093025,0.0,nan,0.09387078494660624
870,29.02902902902903,16.27440085394627,167.52387889492053,152.50327865328012,0.09387078494660624,240.0,234.0,287.0,242.0,256.0,384.0,320.0,405.0,16.27440085394627,20.840827043093025,0.0,0.09387078494660624,0.09387078494660624
871,29.0623957290624,16.27440085394627,167.52387889492053,152.50327865328012,0.09387078494660624,240.0,234.0,287.0,242.0,256.0,384.0,320.0,405.0,16.27440085394627,20.840827043093025,0.0,0.09387078494660624,0.09387078494660624
872,29.095762429095764,16.27440085394627,167.52387889492053,152.50327865328012,0.09387078494660624,240.0,234.0,287.0,242.0,256.0,384.0,320.0,405.0,16.27440085394627,20.840827043093025,0.0,0.09387078494660624,0.09387078494660624
873,29.12912912912913,16.27440085394627,167.52387889492053,152.50327865328012,0.09387078494660624,240.0,234.0,287.0,242.0,256.0,384.0,320.0,405.0,16.27440085394627,20.840827043093025,0.0,0.09387078494660624,0.09387078494660624
874,29.1624958291625,16.27440085394627,167.52387889492053,152.50327865328012,0.09387078494660624,240.0,234.0,287.0,242.0,256.0,384.0,320.0,405.0,16.27440085394627,20.840827043093025,0.0,0.09387078494660624,0.09387078494660624
875,29.195862529195864,nan,nan,nan,nan,nan,nan,nan,nan,nan,nan,nan,nan,nan,20.840827043093025,0.0,nan,0.09387078494660624
876,29.22922922922923,nan,nan,nan,nan,nan,nan,nan,nan,nan,nan,nan,nan,nan,20.840827043093025,34.21394822218205,nan,0.09387078494660624
877,29.2625959292626,nan,nan,nan,nan,nan,nan,nan,nan,nan,nan,nan,nan,nan,23.1240401376664,68.42789644436414,nan,0.09387078494660624
878,29.295962629295964,nan,nan,nan,nan,nan,nan,nan,nan,nan,nan,nan,nan,nan,25.407253232239782,68.42789644436414,nan,0.09387078494660624
879,29.32932932932933,25.577631258320814,209.75044696019125,179.36903300179773,0.1561546801067956,191.0,236.0,282.0,240.0,272.0,413.0,315.0,425.0,27.69046632681316,27.69046632681316,65.87478172353977,0.09387078494660624,0.09387078494660624
880,29.3626960293627,25.577631258320814,209.75044696019125,179.36903300179773,0.1561546801067956,191.0,236.0,282.0,240.0,272.0,413.0,315.0,425.0,29.8033013953055,29.8033013953055,70.4110772056124,0.09387078494660624,0.09387078494660624
881,29.396062729396064,nan,nan,nan,nan,191.0,234.0,nan,nan,nan,nan,nan,nan,32.389236911104945,32.389236911104945,77.50048740850941,nan,0.05831947078822484
882,29.42942942942943,34.028971532290186,145.89036979869508,128.56126943990557,0.1262816313057184,189.0,236.0,271.0,236.0,256.0,364.0,262.0,364.0,34.97517242690439,34.97517242690439,42.29494880570321,0.02276815662984344,0.02276815662984344
883,29.4627961294628,nan,nan,nan,nan,183.0,234.0,274.0,236.0,nan,nan,261.0,360.0,35.211722650557945,35.211722650557945,7.089410202896951,nan,0.02276815662984344
884,29.496162829496164,38.46793230330872,135.41787178950938,131.55227098001768,0.02895904964795134,183.0,234.0,271.0,236.0,194.0,362.0,266.0,360.0,35.4482728742115,35.4482728742115,10.63411530434532,0.02276815662984344,0.02276815662984344
885,29.52952952952953,36.981647422390495,135.07405376311175,132.85330255586422,0.01657726361173554,183.0,234.0,268.0,234.0,191.0,362.0,267.0,360.0,35.921373321518594,35.921373321518594,7.089410202896844,0.01657726361173554,0.02276815662984344
886,29.5628962295629,36.993174625834826,134.73678042761748,133.15029102484155,0.011844464118213136,183.0,234.0,268.0,234.0,191.0,362.0,265.0,360.0,35.921373321518594,35.921373321518594,3.9720518503913844,0.01657726361173554,0.02276815662984344
887,29.596262929596264,nan,nan,nan,nan,nan,nan,271.0,234.0,191.0,362.0,264.0,360.0,36.18644184673657,36.18644184673657,7.944103700782662,nan,0.02276815662984344
888,29.62962962962963,33.609910447777615,133.5833073404009,132.82507293429205,0.005692271431754716,191.0,232.0,268.0,234.0,191.0,362.0,264.0,359.0,36.45151037195454,36.45151037195454,7.944103700782662,0.014210863864974338,0.02276815662984344
889,29.662996329663,35.921373321518594,133.62728014892767,132.34141453075074,0.009669300514675764,189.0,232.0,271.0,234.0,191.0,362.0,267.0,357.0,36.71657889717252,36.71657889717252,6.7040742454558835,0.01657726361173554,0.02276815662984344
890,29.696363029696364,nan,nan,nan,nan,183.0,231.0,268.0,234.0,nan,nan,262.0,360.0,36.89889604065363,36.89889604065363,5.464044790128997,nan,0.02276815662984344
891,29.72972972972973,nan,nan,nan,nan,nan,nan,274.0,234.0,191.0,362.0,267.0,358.0,37.08121318413475,37.08121318413475,5.464044790128997,nan,0.02276815662984344
892,29.7630964297631,37.53964963111906,135.2081728298996,135.24514778726814,0.00027342949448098746,189.0,232.0,276.0,234.0,191.0,362.0,268.0,360.0,37.26353032761586,37.26353032761586,4.8008462765621776,0.014210863864974338,0.02276815662984344
893,29.796463129796464,nan,nan,nan,nan,191.0,231.0,274.0,232.0,nan,nan,266.0,360.0,37.40158997936746,37.40158997936746,4.1376477629954636,nan,0.02276815662984344
894,29.82982982982983,34.46213989692916,138.24615727028365,141.7391971192161,0.024951589746891798,191.0,231.0,274.0,232.0,183.0,369.0,267.0,361.0,37.53964963111906,37.53964963111906,57.19167877096725,0.024951589746891798,0.024951589746891798
895,29.8631965298632,nan,nan,nan,nan,191.0,231.0,nan,nan,nan,nan,268.0,362.0,41.21818515927852,41.21818515927852,nan,nan,0.035227486021967604
896,29.896563229896564,44.89672068743798,150.26975743641833,133.13526955694348,0.12091872936238485,189.0,229.0,298.0,238.0,242.0,367.0,268.0,361.0,44.89672068743798,44.89672068743798,60.815968506437926,0.045503382297043406,0.045503382297043406
897,29.92992992992993,nan,nan,nan,nan,191.0,229.0,303.0,236.0,nan,nan,nan,nan,45.2766415160645,45.2766415160645,11.386227233936927,nan,0.05419375789860002
898,29.9632966299633,45.656562344691025,137.3608386695422,143.75673897247393,0.045503382297043406,191.0,229.0,300.0,236.0,191.0,362.0,267.0,360.0,45.656562344691025,45.656562344691025,26.82741287285888,0.06288413350015663,0.06288413350015663
899,29.996663329996665,nan,nan,nan,nan,189.0,229.0,nan,nan,191.0,362.0,269.0,358.0,47.06692599206443,47.06692599206443,42.26859851178094,nan,0.06916481744431638
900,30.03003003003003,49.36455511539189,137.5,149.22214983037873,0.08176661508232555,189.0,229.0,309.0,236.0,191.0,362.0,264.0,360.0,48.477289639437835,48.477289639437835,26.44474638847106,0.07544550138847614,0.07544550138847614
901,30.0633967300634,nan,nan,nan,nan,191.0,227.0,311.0,234.0,nan,nan,nan,nan,48.83167383246957,48.83167383246957,10.620894265161072,nan,0.07544550138847614
902,30.096763430096765,49.1860580255013,139.02967309175406,148.9840595500069,0.06912438769462673,191.0,227.0,311.0,234.0,194.0,362.0,269.0,358.0,49.1860580255013,49.1860580255013,5.644794494081836,0.08176661508232555,0.07544550138847614
903,30.13013013013013,nan,nan,nan,nan,189.0,225.0,319.0,234.0,nan,nan,263.0,360.0,49.23068229797395,49.208370161737626,0.6686947230026002,nan,0.07544550138847614
904,30.1634968301635,47.76852125337437,163.59783005895892,153.62372863591094,0.06288413350015663,191.0,220.0,319.0,234.0,245.0,382.0,258.0,362.0,49.275306570446595,49.23068229797395,0.6686947230026002,0.07544550138847614,0.07544550138847614
905,30.196863530196865,nan,nan,nan,nan,189.0,214.0,nan,nan,nan,nan,nan,nan,50.630497123439525,49.25299443421027,0.6686947230026002,nan,0.07544550138847614
906,30.23023023023023,54.606820237473016,166.60207081546136,148.36525873667327,0.11580129345300534,189.0,214.0,333.0,234.0,248.0,362.0,275.0,366.0,51.98568767643245,49.275306570446595,10.48811257980088,0.07544550138847614,0.07544550138847614
907,30.2635969302636,55.74175130792374,164.57597029943344,148.65816492880572,0.10163518965791614,189.0,216.0,335.0,234.0,247.0,363.0,277.0,364.0,51.98568767643245,49.952901846943064,20.307530436599052,0.07544550138847614,0.07702577981193849
908,30.296963630296965,nan,nan,nan,nan,189.0,216.0,338.0,234.0,nan,nan,272.0,362.0,nan,50.630497123439525,20.307530436598945,nan,0.07860605823540084
909,30.33033033033033,nan,nan,nan,nan,189.0,214.0,343.0,234.0,242.0,382.0,nan,nan,nan,51.30809239993599,20.307530436598945,nan,0.07860605823540084
910,30.3636970303637,nan,nan,nan,nan,191.0,220.0,nan,nan,245.0,382.0,272.0,360.0,nan,51.98568767643245,10.153765218299473,nan,0.07860605823540084
911,30.397063730397065,nan,nan,nan,nan,191.0,222.0,352.0,234.0,nan,nan,269.0,360.0,nan,51.98568767643245,0.0,nan,0.07964474863888249
912,30.43043043043043,62.44232897419212,151.90868967903054,159.3180780702554,0.047614081814412734,191.0,222.0,352.0,234.0,240.0,360.0,269.0,360.0,55.74175130792374,51.98568767643245,0.0,0.10163518965791614,0.08068343904236414
913,30.4637971304638,nan,nan,nan,nan,186.0,216.0,nan,nan,nan,nan,264.0,360.0,nan,nan,nan,nan,nan
914,30.497163830497165,nan,nan,nan,nan,nan,nan,nan,nan,nan,nan,nan,nan,nan,nan,nan,nan,nan
915,30.53053053053053,nan,nan,nan,nan,nan,nan,nan,nan,nan,nan,nan,nan,nan,nan,nan,nan,nan
916,30.5638972305639,nan,nan,nan,nan,nan,nan,nan,nan,nan,nan,nan,nan,nan,nan,nan,nan,nan
917,30.597263930597265,nan,nan,nan,nan,nan,nan,nan,nan,nan,nan,nan,nan,nan,nan,nan,nan,nan
918,30.63063063063063,nan,nan,nan,nan,nan,nan,nan,nan,nan,nan,nan,nan,nan,nan,nan,nan,nan
919,30.663997330664,nan,nan,nan,nan,nan,nan,nan,nan,nan,nan,nan,nan,nan,nan,nan,nan,nan
920,30.697364030697365,nan,nan,nan,nan,nan,nan,nan,nan,nan,nan,nan,nan,nan,nan,nan,nan,nan
921,30.73073073073073,nan,nan,nan,nan,nan,nan,nan,nan,nan,nan,nan,nan,nan,nan,nan,nan,nan
922,30.7640974307641,nan,nan,nan,nan,nan,nan,nan,nan,nan,nan,nan,nan,nan,nan,nan,nan,nan
923,30.797464130797465,nan,nan,nan,nan,nan,nan,nan,nan,nan,nan,nan,nan,nan,nan,nan,nan,nan
924,30.83083083083083,nan,nan,nan,nan,nan,nan,nan,nan,nan,nan,nan,nan,nan,nan,nan,nan,nan
925,30.8641975308642,nan,nan,nan,nan,nan,nan,nan,nan,nan,nan,nan,nan,nan,nan,nan,nan,nan
926,30.897564230897565,nan,nan,nan,nan,nan,nan,nan,nan,nan,nan,nan,nan,nan,nan,nan,nan,nan
927,30.93093093093093,nan,nan,nan,nan,nan,nan,nan,nan,nan,nan,nan,nan,nan,nan,nan,nan,nan
928,30.9642976309643,nan,nan,nan,nan,nan,nan,nan,nan,nan,nan,nan,nan,nan,nan,nan,nan,nan
929,30.997664330997665,nan,nan,nan,nan,nan,nan,nan,nan,nan,nan,nan,nan,nan,nan,nan,nan,nan
930,31.03103103103103,nan,nan,nan,nan,nan,nan,nan,nan,nan,nan,nan,nan,nan,nan,nan,nan,nan
931,31.0643977310644,nan,nan,nan,nan,nan,nan,nan,nan,nan,nan,nan,nan,nan,nan,nan,nan,nan
932,31.097764431097765,nan,nan,nan,nan,nan,nan,nan,nan,nan,nan,nan,nan,nan,nan,nan,nan,nan
933,31.13113113113113,nan,nan,nan,nan,nan,nan,nan,nan,nan,nan,nan,nan,nan,nan,nan,nan,nan
934,31.1644978311645,nan,nan,nan,nan,nan,nan,nan,nan,nan,nan,nan,nan,nan,nan,nan,nan,nan
935,31.197864531197865,nan,nan,nan,nan,nan,nan,nan,nan,nan,nan,nan,nan,nan,nan,nan,nan,nan
936,31.23123123123123,27.44700208075129,155.0290295396317,167.35889578985635,0.07649086880424098,264.0,203.0,341.0,211.0,215.0,367.0,307.0,349.0,29.61793369187042,29.61793369187042,0.0,0.0996641326255264,0.0996641326255264
937,31.2645979312646,nan,nan,nan,nan,nan,nan,341.0,211.0,215.0,367.0,302.0,347.0,nan,29.61793369187042,0.0,nan,0.0996641326255264
938,31.297964631297965,nan,nan,nan,nan,nan,nan,nan,nan,nan,nan,nan,nan,nan,29.61793369187042,0.0,nan,0.0996641326255264
939,31.33133133133133,nan,nan,nan,nan,nan,nan,nan,nan,nan,nan,nan,nan,nan,29.61793369187042,0.0,nan,0.0996641326255264
940,31.3646980313647,29.61793369187042,152.0,167.94344286098223,0.0996641326255264,258.0,205.0,341.0,211.0,215.0,366.0,301.0,348.0,29.61793369187042,29.61793369187042,0.0,0.0996641326255264,0.0996641326255264
941,31.398064731398065,29.61793369187042,152.0,167.94344286098223,0.0996641326255264,258.0,205.0,341.0,211.0,215.0,366.0,301.0,348.0,29.61793369187042,29.61793369187042,0.0,0.0996641326255264,0.0996641326255264
942,31.43143143143143,29.61793369187042,152.0,167.94344286098223,0.0996641326255264,258.0,205.0,341.0,211.0,215.0,366.0,301.0,348.0,29.61793369187042,29.61793369187042,5.451996110321888,0.0996641326255264,0.0996641326255264
943,31.4647981314648,29.61793369187042,152.0,167.94344286098223,0.0996641326255264,258.0,205.0,341.0,211.0,215.0,366.0,301.0,348.0,29.61793369187042,29.981763929462804,10.903992220643776,0.0996641326255264,0.09929443684704292
944,31.498164831498165,29.61793369187042,152.0,167.94344286098223,0.0996641326255264,258.0,205.0,341.0,211.0,215.0,366.0,301.0,348.0,29.61793369187042,30.34559416705519,10.90399222064383,0.0996641326255264,0.09892474106855943
945,31.53153153153153,nan,nan,nan,nan,nan,nan,nan,nan,nan,nan,nan,nan,nan,30.709424404647578,10.90399222064383,nan,0.09855504529007596
946,31.5648982315649,nan,nan,nan,nan,nan,nan,nan,nan,nan,nan,nan,nan,nan,31.073254642239963,16.355988330965666,nan,0.09818534951159248
947,31.598264931598266,nan,nan,nan,nan,nan,nan,nan,nan,nan,nan,nan,nan,nan,31.800915117424733,21.807984441287605,nan,0.09744595795462552
948,31.631631631631635,nan,nan,nan,nan,nan,nan,nan,nan,nan,nan,nan,nan,nan,32.528575592609506,21.807984441287605,nan,0.09670656639765857
949,31.664998331665,nan,nan,nan,nan,nan,nan,nan,nan,nan,nan,nan,nan,nan,33.256236067794276,21.80798444128755,nan,0.0959671748406916
950,31.698365031698366,nan,nan,nan,nan,nan,nan,nan,nan,nan,nan,nan,nan,nan,33.983896542979046,21.80798444128755,nan,0.09522778328372465
951,31.731731731731735,nan,nan,nan,nan,nan,nan,nan,nan,nan,nan,nan,nan,nan,34.711557018163816,21.80798444128766,nan,0.09448839172675769
952,31.7650984317651,nan,nan,nan,nan,nan,nan,nan,nan,nan,nan,nan,nan,nan,35.43921749334859,21.80798444128766,nan,0.09374900016979074
953,31.798465131798466,nan,nan,nan,nan,nan,nan,nan,nan,nan,nan,nan,nan,nan,36.16687796853336,21.80798444128755,nan,0.09300960861282377
954,31.831831831831835,nan,nan,nan,nan,nan,nan,nan,nan,nan,nan,nan,nan,nan,36.89453844371813,21.80798444128755,nan,0.09227021705585682
955,31.8651985318652,nan,nan,nan,nan,nan,nan,nan,nan,nan,nan,nan,nan,nan,37.6221989189029,10.903992220643776,nan,0.09153082549888986
956,31.898565231898566,nan,nan,nan,nan,nan,nan,nan,nan,nan,nan,nan,nan,nan,37.6221989189029,0.0,nan,0.0907914339419229
957,31.931931931931935,nan,nan,nan,nan,nan,nan,nan,nan,nan,nan,nan,nan,nan,37.6221989189029,0.0,nan,0.09005204238495594
958,31.9652986319653,nan,nan,nan,nan,nan,nan,nan,nan,nan,nan,nan,nan,nan,37.6221989189029,0.0,nan,0.08931265082798898
959,31.998665331998666,41.55240138454053,150.71247459981538,129.76613579821202,0.14936139887372085,197.0,225.0,298.0,234.0,261.0,360.0,269.0,359.0,40.53284081964199,37.6221989189029,0.0,0.08857325927102203,0.08857325927102203
960,32.032032032032035,nan,nan,nan,nan,nan,nan,298.0,234.0,nan,nan,nan,nan,nan,37.6221989189029,0.0,nan,0.08857325927102203
961,32.0653987320654,nan,nan,nan,nan,183.0,225.0,nan,nan,189.0,358.0,280.0,367.0,nan,37.6221989189029,0.0,nan,0.08857325927102203
962,32.098765432098766,nan,nan,nan,nan,183.0,225.0,290.0,231.0,191.0,358.0,nan,nan,nan,37.6221989189029,0.0,nan,0.08857325927102203
963,32.132132132132135,39.51328025474344,147.05441169852742,143.024473430249,0.02778511966832319,186.0,222.0,284.0,227.0,191.0,358.0,277.0,364.0,40.53284081964199,37.6221989189029,0.0,0.08857325927102203,0.08857325927102203
964,32.1654988321655,nan,nan,nan,nan,189.0,225.0,284.0,227.0,191.0,358.0,nan,nan,nan,37.6221989189029,0.0,nan,0.07820964917808221
965,32.198865532198866,nan,nan,nan,nan,nan,nan,nan,nan,nan,nan,nan,nan,nan,37.6221989189029,-16.78614848058715,nan,0.06784603908514238
966,32.232232232232235,nan,nan,nan,nan,nan,nan,nan,nan,nan,nan,nan,nan,nan,36.50200215676829,-36.92018760164127,nan,0.05748242899220256
967,32.2655989322656,nan,nan,nan,nan,nan,nan,nan,nan,nan,nan,nan,nan,nan,35.158389269143726,-40.268078242108345,nan,0.050315418487055306
968,32.298965632298966,nan,nan,nan,nan,nan,nan,nan,nan,nan,nan,nan,nan,nan,33.81477638151915,-40.268078242108345,nan,0.050315418487055306
969,32.332332332332335,nan,nan,nan,nan,nan,nan,nan,nan,nan,nan,nan,nan,nan,32.471163493894586,-40.26807824210824,nan,0.050315418487055306
970,32.3656990323657,nan,nan,nan,nan,nan,nan,nan,nan,nan,nan,nan,nan,nan,31.12755060627002,-38.82252737550561,nan,0.050315418487055306
971,32.399065732399066,29.097667660602685,156.66046086999745,148.06924055994884,0.056385841417717075,191.0,222.0,268.0,222.0,232.0,373.0,261.0,364.0,29.783937718645454,29.88040424294326,-18.688488254451492,0.0056643785275034405,0.050315418487055306
972,32.432432432432435,29.097667660602685,156.66046086999745,148.06924055994884,0.056385841417717075,191.0,222.0,268.0,222.0,232.0,373.0,261.0,364.0,29.783937718645454,29.88040424294326,0.0,0.0056643785275034405,0.050315418487055306
973,32.4657991324658,nan,nan,nan,nan,191.0,222.0,266.0,222.0,nan,nan,nan,nan,29.612370204134763,29.88040424294326,0.0,nan,0.050315418487055306
974,32.499165832499166,31.281209792081416,142.39118652500935,143.20003491619687,0.0056643785275034405,191.0,222.0,268.0,222.0,197.0,366.0,259.0,353.0,29.44080268962407,29.88040424294326,0.0,0.03102510997261026,0.050315418487055306
975,32.532532532532535,29.783937718645454,145.52319402761884,146.2942240828393,0.005284331964917882,191.0,222.0,266.0,222.0,194.0,373.0,260.0,353.0,29.44080268962407,29.88040424294326,0.0,0.03102510997261026,0.050315418487055306
976,32.5658992325659,nan,nan,nan,nan,191.0,222.0,268.0,222.0,194.0,373.0,nan,nan,29.526586446879417,29.88040424294326,0.0,nan,0.050315418487055306
977,32.599265932599266,29.7869459176832,145.9015078743191,145.9015078743191,0.0,191.0,222.0,266.0,222.0,194.0,373.0,263.0,353.0,29.612370204134763,29.88040424294326,0.0,0.050315418487055306,0.050315418487055306
978,32.632632632632635,nan,nan,nan,nan,191.0,222.0,nan,nan,194.0,373.0,nan,nan,29.67056210865091,29.88040424294326,0.0,nan,0.050315418487055306
979,32.665999332666,nan,nan,nan,nan,nan,nan,323.0,193.0,nan,nan,277.0,346.0,29.728754013167055,29.88040424294326,0.0,nan,0.050315418487055306
980,32.699366032699366,22.624611528211496,158.76476309307427,182.76556021307735,0.140548557373563,252.0,194.0,323.0,193.0,189.0,357.0,275.0,346.0,29.7869459176832,29.88040424294326,0.0,0.050315418487055306,0.050315418487055306
981,32.732732732732735,nan,nan,nan,nan,nan,nan,328.0,191.0,189.0,355.0,274.0,344.0,29.88040424294326,29.88040424294326,1.4004730040219295,nan,0.08039313144922454
982,32.7660994327661,nan,nan,nan,nan,237.0,193.0,330.0,193.0,nan,nan,nan,nan,29.973862568203316,29.973862568203316,2.8009460080439124,nan,0.11047084441139376
983,32.799466132799466,30.325466551740096,178.1305700883484,187.32458461184427,0.050315418487055306,237.0,191.0,333.0,191.0,264.0,367.0,271.0,366.0,30.067320893463375,30.067320893463375,3.501182510054957,0.140548557373563,0.140548557373563
984,32.832832832832835,nan,nan,nan,nan,237.0,191.0,333.0,191.0,nan,nan,nan,nan,30.207508381353463,30.207508381353463,4.201419012065949,nan,0.1522640601263196
985,32.8661995328662,28.69603692951432,159.70050093847544,187.20109508226707,0.1585498277277875,240.0,191.0,330.0,191.0,189.0,357.0,275.0,344.0,30.34769586924355,30.34769586924355,2.1007095060329743,0.16397956287907617,0.16397956287907617
986,32.899566232899566,30.369925186747007,160.11246047700348,189.74720024284943,0.16940929803036486,237.0,191.0,333.0,191.0,189.0,357.0,273.0,345.0,30.34769586924355,30.34769586924355,77.2162849536188,0.16397956287907617,0.16397956287907617
987,32.932932932932935,nan,nan,nan,nan,nan,nan,328.0,191.0,189.0,358.0,272.0,342.0,nan,35.50060110472028,nan,nan,0.19483002353194462
988,32.9662996329663,nan,nan,nan,nan,282.0,193.0,328.0,191.0,nan,nan,nan,nan,nan,40.65350634019701,nan,nan,0.22568048418481307
989,32.99966633299967,nan,nan,nan,nan,nan,nan,nan,nan,nan,nan,nan,nan,nan,45.80641157567374,nan,nan,0.2565309448376815
990,33.033033033033036,nan,nan,nan,nan,nan,nan,nan,nan,nan,nan,nan,nan,nan,50.95931681115047,nan,nan,0.28738140549054997
991,33.0663997330664,56.1122220466272,141.77535046685654,102.47072752742609,0.3218444550855838,191.0,222.0,311.0,222.0,283.0,317.0,299.0,328.0,56.1122220466272,56.1122220466272,77.2162849536188,0.3182318661434184,0.3182318661434184
992,33.09976643309977,58.91539802639773,138.95772738498567,102.84089653440405,0.2987347923255524,191.0,222.0,314.0,222.0,283.0,317.0,293.0,326.0,56.1122220466272,56.1122220466272,3.7644152320082895,0.3182318661434184,0.3182318661434184
993,33.133133133133136,nan,nan,nan,nan,196.0,222.0,nan,nan,nan,nan,299.0,328.0,57.11835225210219,56.36343427432212,3.7644152320082895,nan,0.31883396430044597
994,33.166499833166505,nan,nan,nan,nan,196.0,222.0,301.0,218.0,285.0,320.0,nan,nan,58.12448245757717,56.36343427432212,0.0,nan,0.31883396430044597
995,33.19986653319987,54.9160576551746,140.71602609511115,101.6070863670443,0.3227834054349615,189.0,222.0,306.0,222.0,283.0,318.0,293.0,326.0,59.13061266305216,56.36343427432212,0.0,0.3200381606145011,0.31883396430044597
996,33.233233233233236,nan,nan,nan,nan,189.0,222.0,nan,nan,nan,nan,291.0,326.0,59.23821998137937,56.36343427432212,0.0,nan,0.31883396430044597
997,33.266599933266605,60.15954618200191,144.95689014324225,105.1594028130628,0.3182318661434184,189.0,222.0,319.0,223.0,290.0,323.0,293.0,326.0,59.345827299706585,56.36343427432212,0.0,0.3218444550855838,0.31883396430044597
998,33.29996663329997,60.15954618200191,144.95689014324225,105.1594028130628,0.3182318661434184,189.0,222.0,319.0,223.0,290.0,323.0,293.0,326.0,59.345827299706585,56.36343427432212,0.0,0.32231393026027266,0.31883396430044597
999,33.333333333333336,nan,nan,nan,nan,183.0,222.0,nan,nan,288.0,322.0,293.0,326.0,59.53979608181406,56.36343427432212,0.0,nan,0.31883396430044597
1000,33.366700033366705,59.77625657301544,148.57489693753786,101.03712189091691,0.3808933181161534,183.0,222.0,314.0,225.0,290.0,321.0,293.0,326.0,59.73376486392154,56.36343427432212,0.0,0.3808933181161534,0.31883396430044597
1001,33.40006673340007,nan,nan,nan,nan,183.0,222.0,nan,nan,291.0,324.0,nan,nan,nan,56.36343427432212,0.0,nan,0.31883396430044597
1002,33.433433433433436,nan,nan,nan,nan,nan,nan,342.0,191.0,293.0,326.0,296.0,326.0,nan,56.36343427432212,0.0,nan,0.31883396430044597
1003,33.466800133466805,nan,nan,nan,nan,189.0,222.0,nan,nan,286.0,323.0,296.0,328.0,nan,56.36343427432212,-16.834801295049168,nan,0.31883396430044597
1004,33.50016683350017,57.895764371149134,146.37281168304446,96.54014708917737,0.41029235200741115,189.0,222.0,314.0,232.0,288.0,324.0,296.0,328.0,55.23999074445564,55.23999074445564,-50.82277301553351,0.3182318661434184,0.3182318661434184
1005,33.533533533533536,60.1217024281365,145.31431450480025,97.04766869945924,0.39830211955859857,189.0,222.0,317.0,232.0,286.0,323.0,296.0,328.0,52.971857830175736,52.971857830175736,-67.97594344096858,0.3182318661434184,0.3182318661434184
1006,33.566900233566905,61.75878760476489,149.58693124735194,97.04766869945924,0.4260494071733912,183.0,222.0,317.0,232.0,286.0,323.0,296.0,328.0,50.70372491589584,50.70372491589584,-54.02144372787897,0.08537765557481014,0.08537765557481014
1007,33.60026693360027,nan,nan,nan,nan,189.0,222.0,nan,nan,nan,nan,nan,nan,49.36682321370066,49.36682321370066,-40.06694401478947,nan,0.08207832942844404
1008,33.633633633633636,50.70372491589584,140.7275737018158,153.27834158810566,0.08537765557481014,191.0,222.0,317.0,232.0,197.0,364.0,261.0,351.0,48.029921511505485,48.029921511505485,-20.033472007394735,0.07877900328207792,0.07877900328207792
1009,33.667000333667005,nan,nan,nan,nan,nan,nan,nan,nan,197.0,364.0,nan,nan,48.029921511505485,48.029921511505485,0.0,nan,0.07877900328207792
1010,33.70036703370037,48.029921511505485,141.77535046685654,153.40224900567787,0.07877900328207792,197.0,220.0,317.0,232.0,197.0,364.0,262.0,352.0,48.029921511505485,48.029921511505485,0.0,0.07877900328207792,0.07877900328207792
1011,33.733733733733736,48.029921511505485,141.77535046685654,153.40224900567787,0.07877900328207792,197.0,220.0,317.0,232.0,197.0,364.0,262.0,352.0,48.029921511505485,48.029921511505485,0.0,0.07877900328207792,0.07877900328207792
1012,33.767100433767105,48.029921511505485,141.77535046685654,153.40224900567787,0.07877900328207792,197.0,220.0,317.0,232.0,197.0,364.0,262.0,352.0,48.029921511505485,48.029921511505485,0.0,0.07877900328207792,0.07877900328207792
1013,33.80046713380047,48.029921511505485,141.77535046685654,153.40224900567787,0.07877900328207792,197.0,220.0,317.0,232.0,197.0,364.0,262.0,352.0,48.029921511505485,48.029921511505485,0.0,0.07877900328207792,0.07877900328207792
1014,33.833833833833836,48.029921511505485,141.77535046685654,153.40224900567787,0.07877900328207792,197.0,220.0,317.0,232.0,197.0,364.0,262.0,352.0,48.029921511505485,48.029921511505485,0.0,0.07877900328207792,0.07877900328207792
1015,33.867200533867205,nan,nan,nan,nan,nan,nan,nan,nan,nan,nan,nan,nan,nan,48.029921511505485,0.0,nan,0.07877900328207792
1016,33.90056723390057,nan,nan,nan,nan,nan,nan,nan,nan,nan,nan,nan,nan,nan,48.029921511505485,0.0,nan,0.07877900328207792
1017,33.933933933933936,nan,nan,nan,nan,nan,nan,nan,nan,nan,nan,nan,nan,nan,48.029921511505485,0.0,nan,0.07877900328207792
1018,33.967300633967305,32.68470598473972,127.37837336062978,129.05909499140307,0.013108237587699363,269.0,200.0,341.0,205.0,291.0,324.0,296.0,326.0,48.029921511505485,48.029921511505485,-52.094012915802196,0.07877900328207792,0.07877900328207792
1019,34.00066733400067,nan,nan,nan,nan,nan,nan,343.0,202.0,290.0,318.0,299.0,326.0,nan,44.55351090651368,nan,nan,0.07877900328207792
1020,34.034034034034036,nan,nan,nan,nan,256.0,196.0,341.0,203.0,nan,nan,293.0,324.0,nan,41.07710030152187,nan,nan,0.07877900328207792
1021,34.067400734067405,nan,nan,nan,nan,250.0,191.0,nan,nan,250.0,313.0,293.0,324.0,nan,37.60068969653006,nan,nan,0.07877900328207792
1022,34.10076743410077,43.462018328421664,128.26729902824025,136.69125795017032,0.0635869927583919,245.0,193.0,343.0,202.0,250.0,313.0,293.0,324.0,34.124279091538256,34.124279091538256,-62.88001441849021,0.0635869927583919,0.07877900328207792
1023,34.134134134134136,nan,nan,nan,nan,242.0,191.0,nan,nan,nan,nan,299.0,326.0,33.40449253813899,33.40449253813899,-21.572003005376025,nan,0.07877900328207792
1024,34.167500834167505,19.21247250984007,135.5949851580065,121.33424908079334,0.11100905756764666,242.0,191.0,286.0,201.0,261.0,320.0,293.0,324.0,32.68470598473972,32.68470598473972,-22.37775493478055,0.0635869927583919,0.07877900328207792
1025,34.20086753420087,nan,nan,nan,nan,248.0,193.0,nan,nan,nan,nan,nan,nan,31.91114886548096,31.91114886548096,-23.183506864185023,nan,0.07877900328207792
1026,34.234234234234236,41.30627102488559,131.3335448390852,133.50842670033978,0.01642399691116053,250.0,193.0,343.0,202.0,264.0,315.0,299.0,326.0,31.137591746222203,31.137591746222203,-20.167881499259348,0.06521961578134496,0.07877900328207792
1027,34.267600934267605,nan,nan,nan,nan,nan,nan,343.0,202.0,nan,nan,nan,nan,30.565277560892415,30.565277560892415,-17.15225613433373,nan,0.07877900328207792
1028,34.30096763430097,35.5638521983368,142.44384858603055,123.71034718244064,0.14077179094998205,258.0,196.0,341.0,202.0,299.0,326.0,342.0,322.0,29.992963375562628,29.992963375562628,-36.674988964594284,0.06562576326719025,0.07877900328207792
1029,34.334334334334336,nan,nan,nan,nan,nan,nan,341.0,202.0,299.0,326.0,342.0,322.0,28.117830849875112,28.117830849875112,-56.19772179485478,nan,0.0957580937630023
1030,34.367701034367705,28.464490280826496,130.6330739131557,124.45882853377658,0.048408007625123,275.0,200.0,338.0,200.0,296.0,326.0,342.0,320.0,26.2426983241876,26.2426983241876,-29.846644565438588,0.12589042425881436,0.12589042425881436
1031,34.40106773440107,29.992963375562628,130.74020039758238,122.48265183282079,0.06521961578134496,272.0,202.0,338.0,203.0,296.0,326.0,342.0,322.0,26.126062777440104,26.126062777440104,-15.772884401111366,0.14077179094998205,0.14077179094998205
1032,34.434434434434436,31.137591746222203,131.84839779079607,123.47064428438041,0.06562576326719025,269.0,202.0,338.0,202.0,296.0,326.0,342.0,322.0,25.190120119241897,25.190120119241897,-21.651247891226163,0.1450043308137713,0.1450043308137713
1033,34.467801134467805,nan,nan,nan,nan,275.0,200.0,338.0,202.0,nan,nan,nan,nan,24.68120138997089,24.68120138997089,-15.252294316252042,nan,0.147359729641057
1034,34.50116783450117,23.78763527405371,143.96006390662654,169.05768246370823,0.16035907770793556,269.0,200.0,338.0,202.0,189.0,357.0,296.0,326.0,24.172282660699885,24.172282660699885,-8.239743949701971,0.14971512846834273,0.14971512846834273
1035,34.53453453453454,21.511905359294623,145.45188207788857,168.90899916819114,0.1492368706775605,275.0,200.0,338.0,202.0,191.0,358.0,296.0,326.0,24.131335260527983,24.131335260527983,-1.2271935831519531,0.14971512846834273,0.14971512846834273
1036,34.567901234567906,22.56778239941394,142.38152970101143,168.4948070416415,0.16799784515118596,272.0,202.0,338.0,202.0,191.0,357.0,296.0,326.0,24.090387860356078,24.090387860356078,-0.6135967915760032,0.15019338625912496,0.15019338625912496
1037,34.60126793460127,23.755420457257582,141.8114945975819,168.4948070416415,0.1719804741515231,269.0,202.0,338.0,202.0,191.0,357.0,296.0,326.0,24.090387860356078,24.090387860356078,-2.2683737528704944,0.15019338625912496,0.15019338625912496
1038,34.63463463463464,24.254177461043692,143.52090440071788,166.82700620702872,0.15019338625912496,269.0,200.0,338.0,203.0,194.0,357.0,296.0,326.0,23.939011567204894,23.939011567204894,-3.462903008016988,0.15019338625912496,0.15019338625912496
1039,34.668001334668006,nan,nan,nan,nan,272.0,202.0,338.0,203.0,nan,nan,296.0,326.0,23.859296568529786,23.859296568529786,-1.8471609935961515,nan,0.15019338625912496
1040,34.70136803470137,24.090387860356078,143.7793448308901,167.66782637107215,0.1534031049181772,269.0,200.0,338.0,203.0,191.0,357.0,296.0,326.0,23.779581569854678,23.815744233631577,-0.6526317384496582,0.15179824558865107,0.15051435812503017
1041,34.73473473473474,nan,nan,nan,nan,269.0,200.0,338.0,203.0,191.0,357.0,nan,nan,nan,23.815744233631577,0.0,nan,0.1508353299909354
1042,34.768101434768106,nan,nan,nan,nan,275.0,203.0,338.0,203.0,nan,nan,355.0,318.0,nan,23.815744233631577,-0.10837950333938834,nan,0.150995815923888
1043,34.80146813480147,nan,nan,nan,nan,nan,nan,331.0,203.0,229.0,360.0,nan,nan,nan,23.808511700876196,-0.21675900667872344,nan,0.15115630185684062
1044,34.83483483483484,nan,nan,nan,nan,275.0,203.0,338.0,205.0,nan,nan,307.0,331.0,nan,23.801279168120818,-0.21675900667872344,nan,0.15147727372274586
1045,34.868201534868206,23.66222496861772,144.53113851347052,157.04219178297276,0.08297188121511948,275.0,203.0,338.0,205.0,237.0,364.0,307.0,331.0,23.815744233631577,23.794046635365437,-0.21675900667872344,0.15019338625912496,0.15179824558865107
1046,34.90156823490157,nan,nan,nan,nan,269.0,205.0,338.0,205.0,nan,nan,nan,nan,23.815744233631577,23.78681410261006,-0.21675900667872344,nan,0.15179824558865107
1047,34.93493493493494,23.969263498645436,148.00337833982033,162.45922565370057,0.09312456397603314,269.0,205.0,335.0,205.0,237.0,371.0,299.0,335.0,23.815744233631577,23.779581569854678,-2.132824159518426,0.1534031049181772,0.1534031049181772
1048,34.968301634968306,nan,nan,nan,nan,269.0,205.0,335.0,205.0,nan,nan,296.0,335.0,nan,23.64448349470092,-4.590786829054963,nan,0.1604718165997819
1049,35.00166833500167,nan,nan,nan,nan,275.0,203.0,338.0,203.0,189.0,358.0,nan,nan,nan,23.473222755770262,-5.132684345751798,nan,0.16754052828138663
1050,35.03503503503504,nan,nan,nan,nan,275.0,203.0,341.0,205.0,nan,nan,305.0,333.0,nan,23.301962016839607,-2.9586299455926826,nan,0.17460923996299132
1051,35.068401735068406,nan,nan,nan,nan,269.0,203.0,338.0,205.0,189.0,358.0,nan,nan,nan,23.275783319961608,-0.3922877727168101,nan,0.18167795164459605
1052,35.10176843510177,23.55299349999755,145.9263512872161,170.71174534870178,0.15655345534738246,269.0,203.0,338.0,205.0,189.0,358.0,296.0,335.0,22.959440538978292,23.275783319961608,0.0,0.18874666332620074,0.18167795164459605
1053,35.13513513513514,nan,nan,nan,nan,269.0,205.0,341.0,205.0,189.0,358.0,nan,nan,22.959440538978292,23.275783319961608,0.0,nan,0.18167795164459605
1054,35.168501835168506,22.959440538978292,152.6843148460247,184.50609746021945,0.18874666332620074,267.0,205.0,341.0,205.0,189.0,358.0,274.0,349.0,22.959440538978292,23.275783319961608,0.0,0.18874666332620074,0.18167795164459605
1055,35.20186853520187,22.959440538978292,152.6843148460247,184.50609746021945,0.18874666332620074,267.0,205.0,341.0,205.0,189.0,358.0,274.0,349.0,22.959440538978292,23.275783319961608,0.0,0.18874666332620074,0.18167795164459605
1056,35.23523523523524,22.959440538978292,152.6843148460247,184.50609746021945,0.18874666332620074,267.0,205.0,341.0,205.0,189.0,358.0,274.0,349.0,22.959440538978292,23.275783319961608,0.0,0.18874666332620074,0.18167795164459605
1057,35.268601935268606,22.959440538978292,152.6843148460247,184.50609746021945,0.18874666332620074,267.0,205.0,341.0,205.0,189.0,358.0,274.0,349.0,22.959440538978292,23.275783319961608,0.0,0.18874666332620074,0.18167795164459605
1058,35.30196863530197,22.959440538978292,152.6843148460247,184.50609746021945,0.18874666332620074,267.0,205.0,341.0,205.0,189.0,358.0,274.0,349.0,22.959440538978292,23.275783319961608,0.0,0.18874666332620074,0.18167795164459605
1059,35.33533533533534,nan,nan,nan,nan,nan,nan,333.0,205.0,nan,nan,nan,nan,22.959440538978292,23.275783319961608,0.0,nan,0.18167795164459605
1060,35.368702035368706,34.981357973355294,153.80019505839385,161.72352951874382,0.050223383176455284,240.0,198.0,335.0,203.0,232.0,366.0,301.0,333.0,22.959440538978292,23.275783319961608,0.0,0.18874666332620074,0.18167795164459605
1061,35.40206873540207,nan,nan,nan,nan,240.0,196.0,338.0,203.0,229.0,366.0,nan,nan,23.275783319961608,23.275783319961608,4.740396573034989,nan,0.18167795164459605
1062,35.43543543543544,34.90649684424172,162.25674100018156,159.06366649866965,0.01987470715829546,237.0,193.0,333.0,202.0,229.0,364.0,323.0,337.0,23.592126100944924,23.592126100944924,46.649511606776564,0.1795317614604578,0.1795317614604578
1063,35.468802135468806,nan,nan,nan,nan,229.0,193.0,335.0,202.0,nan,nan,nan,nan,26.388863840934352,26.388863840934352,nan,nan,0.1389756080919478
1064,35.50216883550217,nan,nan,nan,nan,nan,nan,338.0,202.0,189.0,358.0,292.0,342.0,29.18560158092378,29.18560158092378,nan,nan,0.09841945472343783
1065,35.53553553553554,25.490182786844812,149.41301817445492,177.22937115500918,0.17031685959471482,261.0,202.0,338.0,202.0,189.0,358.0,292.0,342.0,31.98233932091321,31.80396437673872,40.272083632114914,0.05786330135492785,0.05941514896308681
1066,35.568902235568906,25.54499851124489,149.34523762075577,176.9547964876906,0.16922804769158406,261.0,202.0,338.0,202.0,191.0,358.0,291.0,342.0,31.98233932091321,31.87309464946665,1.035917136828063,0.05786330135492785,0.05941514896308681
1067,35.60226893560227,nan,nan,nan,nan,nan,nan,338.0,202.0,189.0,358.0,291.0,344.0,nan,31.87309464946665,0.0,nan,0.05941514896308681
1068,35.63563563563564,nan,nan,nan,nan,250.0,198.0,338.0,203.0,nan,nan,288.0,345.0,nan,31.87309464946665,0.0,nan,0.05941514896308681
1069,35.669002335669006,nan,nan,nan,nan,nan,nan,338.0,203.0,291.0,367.0,nan,nan,nan,31.87309464946665,0.0,nan,0.05941514896308681
1070,35.70236903570237,31.80396437673872,183.43936327844142,173.4156855650607,0.05617786687264486,240.0,196.0,338.0,203.0,291.0,369.0,299.0,373.0,31.87309464946665,31.87309464946665,0.0,0.05863922515900733,0.05941514896308681
1071,35.73573573573574,nan,nan,nan,nan,240.0,194.0,338.0,205.0,nan,nan,296.0,369.0,31.907659785830617,31.87309464946665,0.0,nan,0.05941514896308681
1072,35.769102435769106,33.371429544735506,180.56716202011927,170.41273426595797,0.05786330135492785,237.0,196.0,338.0,203.0,291.0,366.0,296.0,369.0,31.942224922194587,31.87309464946665,0.0,0.05941514896308681,0.05941514896308681
1073,35.80246913580247,32.1607142650877,182.33554233884297,170.6377742470875,0.0662813167006503,240.0,196.0,338.0,205.0,293.0,369.0,296.0,371.0,31.87309464946665,31.87309464946665,0.0,0.05863922515900733,0.05941514896308681
1074,35.83583583583584,30.568868406245794,181.08354425513105,170.63484403837336,0.05941514896308681,240.0,196.0,333.0,203.0,291.0,367.0,296.0,371.0,31.80396437673872,31.87309464946665,0.0,0.05863922515900733,0.05941514896308681
1075,35.869202535869206,32.080485467650455,181.85846144735746,172.08863995046275,0.055204980960778534,237.0,196.0,335.0,203.0,290.0,368.0,293.0,371.0,31.87309464946665,31.87309464946665,0.0,0.05941514896308681,0.05941514896308681
1076,35.90256923590257,32.91000856763193,182.94329722621706,172.82722586444532,0.05686851891995455,237.0,196.0,338.0,203.0,291.0,367.0,296.0,373.0,31.87309464946665,31.87309464946665,0.0,0.05941514896308681,0.05941514896308681
1077,35.93593593593594,nan,nan,nan,nan,240.0,198.0,335.0,205.0,nan,nan,nan,nan,31.880401468725427,31.87309464946665,-1.035917136828063,nan,0.0629257284913072
1078,35.969302635969306,30.73927914913429,170.00661751826016,181.7175005331077,0.06659129933840491,237.0,194.0,330.0,207.0,194.0,380.0,283.0,348.0,31.887708287984204,31.80396437673872,-1.6783342972756627,0.0664363080195276,0.0664363080195276
1079,36.00266933600267,nan,nan,nan,nan,nan,nan,333.0,203.0,nan,nan,283.0,347.0,31.761093695360834,31.761093695360834,-2.5397368309088377,nan,0.07891960392407897
1080,36.03603603603604,nan,nan,nan,nan,258.0,200.0,335.0,202.0,189.0,382.0,nan,nan,31.634479102737462,31.634479102737462,-3.7946393409224233,nan,0.09140289982863035
1081,36.06940273606941,23.14575708622823,163.62457028209425,187.1069213043708,0.13390500474342198,261.0,200.0,335.0,202.0,186.0,380.0,290.0,344.0,31.507864510114093,31.507864510114093,-4.655321460491137,0.10388619573318172,0.10388619573318172
1082,36.10276943610277,21.857738241110972,163.84214964410106,184.4539237858604,0.11835777497448106,264.0,200.0,333.0,203.0,189.0,380.0,290.0,344.0,31.323813673275257,31.323813673275257,-4.947814251093088,0.10388619573318172,0.10388619573318172
1083,36.13613613613614,nan,nan,nan,nan,261.0,200.0,330.0,203.0,nan,nan,nan,nan,31.177680042240013,31.177680042240013,-4.37962492212622,nan,0.1143602333142433
1084,36.16950283616951,31.97145219922969,135.35601205709335,121.98872898755852,0.10388619573318172,261.0,200.0,333.0,202.0,293.0,328.0,342.0,318.0,31.031546411204772,31.031546411204772,-2.189812461063083,0.12483427089530488,0.11996072522418962
1085,36.20286953620287,31.97145219922969,135.35601205709335,121.98872898755852,0.10388619573318172,261.0,200.0,333.0,202.0,293.0,328.0,342.0,318.0,31.031546411204772,31.031546411204772,-11.323025578762879,0.12483427089530488,0.11996072522418962
1086,36.23623623623624,nan,nan,nan,nan,258.0,202.0,330.0,202.0,293.0,328.0,nan,nan,30.275922415291333,30.275922415291333,-22.646051157525758,nan,0.11996072522418962
1087,36.26960293626961,31.323813673275257,138.42416696516545,121.2981863013623,0.13187914284935207,258.0,200.0,330.0,202.0,293.0,328.0,350.0,318.0,29.520298419377895,29.520298419377895,-11.323025578762879,0.12451991460435372,0.12224031991427167
1088,36.30296963630297,nan,nan,nan,nan,258.0,200.0,330.0,202.0,293.0,328.0,nan,nan,29.520298419377895,29.520298419377895,0.0,nan,0.12393803296721542
1089,36.33633633633634,31.69191534695293,142.70423960065096,123.54958518748657,0.1438826610540229,258.0,202.0,333.0,202.0,293.0,329.0,366.0,322.0,29.520298419377895,29.520298419377895,0.0,0.11996072522418962,0.12451991460435372
1090,36.36970303636971,nan,nan,nan,nan,256.0,202.0,330.0,202.0,291.0,328.0,nan,nan,29.520298419377895,29.520298419377895,0.0,nan,0.12451991460435372
1091,36.40306973640307,29.419643936822265,146.56909633343585,128.5087545655937,0.13131076681612872,258.0,202.0,330.0,202.0,296.0,328.0,361.0,333.0,29.520298419377895,29.520298419377895,0.0,0.11996072522418962,0.12451991460435372
1092,36.43643643643644,nan,nan,nan,nan,nan,nan,nan,nan,nan,nan,nan,nan,29.520298419377895,29.520298419377895,0.0,nan,0.12451991460435372
1093,36.46980313646981,29.520298419377895,146.03595447697117,129.57816174031797,0.11942634116518312,258.0,202.0,330.0,202.0,293.0,328.0,358.0,335.0,29.520298419377895,29.520298419377895,0.0,0.12791534071024122,0.1246770927498293
1094,36.50316983650317,29.376596084697045,146.73530590829188,129.53474437385515,0.12451991460435372,258.0,202.0,330.0,202.0,293.0,328.0,361.0,335.0,29.520298419377895,29.520298419377895,-0.3770768552740144,0.12791534071024122,0.12483427089530488
1095,36.53653653653654,nan,nan,nan,nan,261.0,202.0,330.0,202.0,nan,nan,nan,nan,29.495134798738988,29.495134798738988,-0.7541537105480288,nan,0.12483427089530488
1096,36.56990323656991,28.193754169636243,146.03595447697117,129.50868696732277,0.11996072522418962,261.0,202.0,330.0,202.0,296.0,328.0,361.0,335.0,29.46997117810008,29.46997117810008,-0.5656152829110216,0.12791534071024122,0.12621762765729747
1097,36.60326993660327,nan,nan,nan,nan,258.0,202.0,330.0,202.0,nan,nan,nan,nan,29.457389367780628,29.457389367780628,-0.3770768552740144,nan,0.12791534071024122
1098,36.63663663663664,29.74752857863385,144.89737747799302,129.68905119554233,0.11077259976699251,258.0,202.0,330.0,202.0,291.0,326.0,355.0,337.0,29.444807557461175,29.444807557461175,-9.860423002398083,0.12451991460435372,0.12791534071024122
1099,36.67000333667001,nan,nan,nan,nan,258.0,202.0,nan,nan,296.0,326.0,358.0,338.0,nan,28.799369814734376,-19.34376914952215,nan,0.12791534071024122
1100,36.70337003670337,nan,144.89737747799302,219.9460161039522,0.4114019326985729,258.0,202.0,507.0,211.0,293.0,326.0,353.0,337.0,nan,28.153932072007578,-19.34376914952215,0.12451991460435372,0.12791534071024122
1101,36.73673673673674,nan,nan,nan,nan,258.0,202.0,507.0,211.0,291.0,326.0,nan,nan,nan,27.50849432928078,-19.34376914952215,nan,0.12791534071024122
1102,36.77010343677011,nan,nan,nan,nan,258.0,202.0,507.0,211.0,nan,nan,361.0,338.0,nan,26.86305658655398,-19.343769149522096,nan,0.12791534071024122
1103,36.80347013680347,nan,147.3677373104439,216.20881110630066,0.37868819700080664,261.0,202.0,507.0,211.0,296.0,328.0,361.0,338.0,nan,26.217618843827186,-19.343769149522096,0.16894007464963967,0.12791534071024122
1104,36.83683683683684,nan,nan,nan,nan,261.0,202.0,nan,nan,293.0,328.0,361.0,337.0,nan,25.572181101100387,-19.34376914952215,nan,0.12791534071024122
1105,36.87020353687021,nan,nan,nan,nan,258.0,200.0,327.0,202.0,nan,nan,nan,nan,nan,24.92674335837359,-19.34376914952215,nan,0.12621762765729747
1106,36.90357023690357,28.416460948333203,144.65908198243207,122.12391248236358,0.16894007464963967,258.0,200.0,327.0,202.0,296.0,326.0,369.0,322.0,24.28130561564679,24.28130561564679,-13.201528352240297,0.16894007464963967,0.12451991460435372
1107,36.93693693693694,nan,nan,nan,nan,258.0,200.0,327.0,202.0,nan,nan,nan,nan,nan,24.045760485351213,-7.059287554958445,nan,0.12451991460435372
1108,36.97030363697031,nan,nan,nan,nan,nan,nan,326.0,200.0,296.0,328.0,355.0,318.0,nan,23.810215355055636,-3.5296437774792224,nan,0.12451991460435372
1109,37.00367033700367,nan,nan,nan,nan,193.0,218.0,nan,nan,296.0,328.0,353.0,318.0,nan,23.810215355055636,0.0,nan,0.10999977681768175
1110,37.03703703703704,nan,nan,nan,nan,nan,nan,327.0,200.0,296.0,328.0,355.0,318.0,nan,23.810215355055636,0.0,nan,0.09035301087369578
1111,37.07040373707041,24.28130561564679,133.78434138567937,123.50404851663771,0.0799126060289367,271.0,202.0,326.0,200.0,299.0,329.0,355.0,318.0,23.103579964168908,23.810215355055636,0.0,0.07070624492970981,0.09035301087369578
1112,37.10377043710377,nan,nan,nan,nan,nan,nan,327.0,200.0,299.0,329.0,355.0,318.0,23.103579964168908,23.810215355055636,0.0,nan,0.09035301087369578
1113,37.13713713713714,23.103579964168908,132.55659168822953,123.50404851663771,0.07070624492970981,274.0,202.0,326.0,200.0,299.0,329.0,355.0,318.0,23.103579964168908,23.810215355055636,0.0,0.07070624492970981,0.09035301087369578
1114,37.17050383717051,23.103579964168908,132.55659168822953,123.50404851663771,0.07070624492970981,274.0,202.0,326.0,200.0,299.0,329.0,355.0,318.0,23.103579964168908,23.810215355055636,0.0,0.07070624492970981,0.09035301087369578
1115,37.20387053720387,23.103579964168908,132.55659168822953,123.50404851663771,0.07070624492970981,274.0,202.0,326.0,200.0,299.0,329.0,355.0,318.0,23.103579964168908,23.810215355055636,0.0,0.07070624492970981,0.09035301087369578
1116,37.23723723723724,23.103579964168908,132.55659168822953,123.50404851663771,0.07070624492970981,274.0,202.0,326.0,200.0,299.0,329.0,355.0,318.0,23.103579964168908,23.810215355055636,0.0,0.07070624492970981,0.09035301087369578
1117,37.27060393727061,23.103579964168908,132.55659168822953,123.50404851663771,0.07070624492970981,274.0,202.0,326.0,200.0,299.0,329.0,355.0,318.0,23.103579964168908,23.810215355055636,0.0,0.07070624492970981,0.09035301087369578
1118,37.30397063730397,23.103579964168908,132.55659168822953,123.50404851663771,0.07070624492970981,274.0,202.0,326.0,200.0,299.0,329.0,355.0,318.0,23.103579964168908,23.810215355055636,1.508843890236448,0.07070624492970981,0.09035301087369578
1119,37.33733733733734,nan,nan,nan,nan,nan,nan,327.0,200.0,nan,nan,nan,nan,23.91090563802103,23.91090563802103,13.606619112910511,nan,0.09035301087369578
1120,37.37070403737071,29.5621853549859,132.5867640452847,124.10177275123833,0.06611118205697217,264.0,200.0,330.0,200.0,291.0,322.0,336.0,324.0,24.718231311873154,24.718231311873154,nan,0.07070624492970981,0.09035301087369578
1121,37.40407073740407,nan,nan,nan,nan,264.0,200.0,327.0,200.0,291.0,322.0,nan,nan,35.040509912279404,35.040509912279404,nan,nan,0.1669263711374706
1122,37.43743743743744,nan,nan,nan,nan,nan,nan,nan,nan,nan,nan,nan,nan,45.362788512685654,45.362788512685654,nan,nan,0.26314649734523143
1123,37.47080413747081,55.68506711309191,125.16888591019735,223.03867377654487,0.5621347678631335,323.0,200.0,507.0,209.0,291.0,324.0,342.0,326.0,55.68506711309191,51.07826755912865,nan,0.35936662355299226,0.35936662355299226
1124,37.50417083750417,55.68506711309191,125.16888591019735,223.03867377654487,0.5621347678631335,323.0,200.0,507.0,209.0,291.0,324.0,342.0,326.0,55.68506711309191,51.07826755912865,0.0,0.5017851417912947,0.4359176506652532
1125,37.53753753753754,55.68506711309191,125.16888591019735,223.03867377654487,0.5621347678631335,323.0,200.0,507.0,209.0,291.0,324.0,342.0,326.0,55.68506711309191,51.07826755912865,0.0,0.5621347678631335,0.4359176506652532
1126,37.57090423757091,55.68506711309191,125.16888591019735,223.03867377654487,0.5621347678631335,323.0,200.0,507.0,209.0,291.0,324.0,342.0,326.0,55.68506711309191,51.07826755912865,0.0,0.5621347678631335,0.4359176506652532
1127,37.60427093760427,55.68506711309191,125.16888591019735,223.03867377654487,0.5621347678631335,323.0,200.0,507.0,209.0,291.0,324.0,342.0,326.0,55.68506711309191,51.07826755912865,0.0,0.5108972736236228,0.4359176506652532
1128,37.63763763763764,nan,nan,nan,nan,nan,nan,nan,nan,nan,nan,nan,nan,nan,51.07826755912865,0.0,nan,0.4359176506652532
1129,37.67100433767101,nan,162.60688792299052,190.23406634985227,0.15659847924285095,201.0,218.0,476.0,205.0,291.0,324.0,361.0,320.0,nan,51.07826755912865,0.0,0.5108972736236228,0.4359176506652532
1130,37.70437103770437,nan,nan,nan,nan,nan,nan,nan,nan,nan,nan,nan,nan,nan,51.07826755912865,0.0,nan,0.4359176506652532
1131,37.73773773773774,51.94947562545195,139.34489585198304,88.95504482602435,0.44143551571945594,189.0,218.0,298.0,231.0,282.0,314.0,288.0,324.0,52.44776946420029,51.07826755912865,0.0,0.4596597793841121,0.4359176506652532
1132,37.77110443777111,nan,nan,nan,nan,189.0,218.0,298.0,231.0,nan,nan,nan,nan,51.76301851166447,51.07826755912865,0.0,nan,0.4359176506652532
1133,37.80447113780447,48.87831242036445,141.4496376806954,91.35097153287424,0.4303997856110504,189.0,218.0,295.0,229.0,281.0,314.0,293.0,326.0,51.07826755912865,51.07826755912865,-13.055052873854834,0.44143551571945594,0.4359176506652532
1134,37.83783783783784,50.207059492805335,142.84257068535277,89.45389874119518,0.4596597793841121,189.0,218.0,298.0,231.0,282.0,314.0,296.0,326.0,50.207059492805335,50.207059492805335,-18.032871593986574,0.4359176506652532,0.4359176506652532
1135,37.87120453787121,nan,nan,nan,nan,191.0,220.0,295.0,231.0,nan,nan,nan,nan,49.87487272469511,49.87487272469511,-9.95563744026337,nan,0.3647083915461019
1136,37.90457123790457,44.19757295020025,149.59361617395308,129.18688013881285,0.14640002658037998,189.0,220.0,295.0,231.0,245.0,355.0,266.0,353.0,49.54268595658489,49.54268595658489,-46.48403712740921,0.2934991324269507,0.2934991324269507
1137,37.93793793793794,nan,nan,nan,nan,191.0,220.0,nan,nan,245.0,355.0,261.0,353.0,nan,46.77283487835482,nan,nan,0.2659351300227476
1138,37.97130463797131,nan,nan,nan,nan,191.0,220.0,282.0,229.0,nan,nan,nan,nan,nan,44.00298380012476,nan,nan,0.23837112761854445
1139,38.00467133800467,nan,nan,nan,nan,191.0,220.0,nan,nan,258.0,362.0,261.0,362.0,nan,41.23313272189469,nan,nan,0.21080712521434136
1140,38.03803803803804,nan,nan,nan,nan,189.0,222.0,276.0,227.0,nan,nan,nan,nan,nan,38.46328164366463,nan,nan,0.18324312281013821
1141,38.07140473807141,nan,nan,nan,nan,189.0,222.0,nan,nan,237.0,355.0,269.0,355.0,nan,35.69343056543456,nan,nan,0.15567912040593512
1142,38.10477143810477,nan,nan,nan,nan,189.0,222.0,263.0,223.0,nan,nan,269.0,355.0,nan,32.92357948720449,nan,nan,0.128115118001732
1143,38.13813813813814,29.178631322980326,147.38130817712266,133.27133975465242,0.1005511155975289,191.0,222.0,263.0,222.0,237.0,355.0,272.0,355.0,30.15372840897443,30.3159517453968,-39.07530171098828,0.1005511155975289,0.1005511155975289
1144,38.17150483817151,29.178631322980326,147.38130817712266,133.27133975465242,0.1005511155975289,191.0,222.0,263.0,222.0,237.0,355.0,272.0,355.0,30.234840077185616,30.3159517453968,0.0,0.1005511155975289,0.1005511155975289
1145,38.20487153820487,30.3159517453968,146.0487932165138,132.5,0.09728129179854257,189.0,222.0,263.0,222.0,234.0,355.0,269.0,353.0,30.234840077185616,30.3159517453968,0.0,0.09891620369803573,0.09891620369803573
1146,38.23823823823824,32.405682755643554,148.7153320945759,132.5,0.11532324339358922,183.0,222.0,263.0,222.0,234.0,355.0,269.0,353.0,30.15372840897443,30.3159517453968,0.0,0.09728129179854257,0.09728129179854257
1147,38.27160493827161,nan,nan,nan,nan,189.0,222.0,260.0,222.0,nan,nan,269.0,355.0,nan,30.3159517453968,0.0,nan,0.09707133037676986
1148,38.30497163830497,nan,nan,nan,nan,189.0,222.0,nan,nan,189.0,357.0,267.0,355.0,nan,30.3159517453968,0.0,nan,0.09686136895499715
1149,38.33833833833834,nan,nan,nan,nan,nan,nan,nan,nan,nan,nan,nan,nan,nan,30.3159517453968,0.0,nan,0.09686136895499715
1150,38.37170503837171,nan,nan,nan,nan,nan,nan,nan,nan,nan,nan,nan,nan,nan,30.3159517453968,0.0,nan,0.09686136895499715
1151,38.40507173840507,29.991505072552066,149.56269588369955,135.83077707206124,0.09623148468967901,191.0,220.0,266.0,222.0,240.0,357.0,262.0,357.0,30.3159517453968,30.3159517453968,0.0,0.09623148468967901,0.09686136895499715
1152,38.43843843843844,31.10770535081678,147.93664184372983,136.00459551059296,0.08404588529877527,189.0,222.0,266.0,222.0,237.0,357.0,262.0,357.0,30.3159517453968,30.3159517453968,0.0,0.09623148468967901,0.09686136895499715
1153,38.47180513847181,31.10770535081678,147.93664184372983,136.00459551059296,0.08404588529877527,189.0,222.0,266.0,222.0,237.0,357.0,262.0,357.0,30.3159517453968,30.3159517453968,0.7883647093417715,0.09013868499422714,0.09686136895499715
1154,38.50517183850517,31.10770535081678,147.93664184372983,136.00459551059296,0.08404588529877527,189.0,222.0,266.0,222.0,237.0,357.0,262.0,357.0,30.368562002943797,30.368562002943797,1.1825470640126838,0.08661104032576553,0.09686136895499715
1155,38.53853853853854,nan,nan,nan,nan,191.0,220.0,266.0,222.0,nan,nan,nan,nan,30.394867131717298,30.394867131717298,0.7883647093417715,nan,0.09686136895499715
1156,38.57190523857191,29.1704979277057,148.2767682410161,149.61617559608987,0.008992541668299402,191.0,220.0,266.0,222.0,186.0,373.0,258.0,357.0,30.421172260490795,30.421172260490795,1.267362871694051,0.0891761953527558,0.09686136895499715
1157,38.60527193860527,nan,nan,nan,nan,191.0,220.0,nan,nan,nan,nan,nan,nan,30.47944256526378,30.47944256526378,1.7463610340464368,nan,0.09686136895499715
1158,38.63863863863864,29.540510620628577,168.44138446355754,145.54209013203018,0.14586305448732143,191.0,220.0,274.0,223.0,245.0,366.0,296.0,371.0,30.53771287003677,30.53771287003677,0.8731805170232451,0.09623148468967901,0.09686136895499715
1159,38.67200533867201,29.540510620628577,168.44138446355754,145.54209013203018,0.14586305448732143,191.0,220.0,274.0,223.0,245.0,366.0,296.0,371.0,30.53771287003677,30.53771287003677,0.46700012217660186,0.11004058866977211,0.11004058866977211
1160,38.70537203870537,nan,nan,nan,nan,183.0,220.0,271.0,222.0,nan,nan,nan,nan,30.568877376021195,30.568877376021195,0.9340002443532037,nan,0.11092376021452338
1161,38.73873873873874,30.421172260490795,161.19320705290284,147.43218780171446,0.0891761953527558,189.0,220.0,271.0,223.0,242.0,382.0,259.0,356.0,30.60004188200562,30.60004188200562,0.7005001832649294,0.11180693175927466,0.11180693175927466
1162,38.77210543877211,nan,nan,nan,nan,183.0,220.0,268.0,223.0,nan,nan,265.0,355.0,30.615624134997834,30.615624134997834,0.4670001221766551,nan,0.11399608958892654
1163,38.80547213880547,30.53771287003677,151.38774719243298,134.4107510580906,0.11880395620176273,189.0,220.0,266.0,222.0,245.0,357.0,266.0,355.0,30.631206387990048,30.631206387990048,0.8514616339787017,0.11618524741857844,0.11618524741857844
1164,38.83883883883884,30.702667577515022,150.5199322349037,134.58175953672176,0.11180693175927466,189.0,220.0,266.0,222.0,242.0,357.0,265.0,355.0,30.67244506485961,30.67244506485961,0.6179615728903741,0.11880395620176273,0.11880395620176273
1165,38.87220553887221,30.74232842351493,150.30635382444748,134.6291201783626,0.11004058866977211,189.0,220.0,266.0,222.0,242.0,357.0,264.0,355.0,30.67244506485961,30.67244506485961,0.15096145071382552,0.13233350534454208,0.11880395620176273
1166,38.90557223890557,30.662370893974472,150.7348665704123,134.5362404707371,0.11356653863539416,189.0,220.0,266.0,222.0,242.0,357.0,266.0,355.0,30.68251923574475,30.68251923574475,28.217717350291956,0.11880395620176273,0.13233350534454208
1167,38.93893893893894,nan,nan,nan,nan,191.0,220.0,268.0,223.0,nan,nan,267.0,355.0,32.55550928576665,32.55550928576665,56.13351179915615,nan,0.16711728715430604
1168,38.97230563897231,nan,nan,nan,nan,191.0,220.0,nan,nan,285.0,308.0,nan,nan,34.42849933578854,34.42849933578854,56.13351179915615,nan,0.21543061810684933
1169,39.00567233900567,44.945749070999696,135.77186748365804,88.0056816347672,0.42690775761077365,191.0,220.0,287.0,227.0,283.0,304.0,293.0,326.0,36.301489385810434,36.301489385810434,28.06675589957813,0.26374394905939264,0.26374394905939264
1170,39.03903903903904,44.79906919682971,136.1221877579111,88.50564953719056,0.423959370255299,191.0,220.0,287.0,227.0,283.0,305.0,293.0,326.0,36.301489385810434,36.301489385810434,20.826006754999597,0.26374394905939264,0.26374394905939264
1171,39.07240573907241,nan,nan,nan,nan,189.0,222.0,289.0,228.0,287.0,307.0,nan,nan,37.691279626384315,37.691279626384315,41.65201350999909,nan,0.3438516596573458
1172,39.10577243910577,41.86065034810594,138.34106404101422,91.3961158912128,0.40868394191702256,189.0,222.0,282.0,225.0,280.0,304.0,301.0,328.0,39.08106986695819,39.08106986695819,46.00084413349565,0.423959370255299,0.423959370255299
1173,39.13913913913914,nan,nan,nan,nan,191.0,220.0,282.0,222.0,nan,nan,299.0,328.0,nan,40.761072361352326,50.349674756992314,nan,0.43770454339852827
1174,39.17250583917251,nan,nan,nan,nan,191.0,220.0,282.0,222.0,248.0,320.0,nan,nan,nan,42.441074855746464,50.34967475699242,nan,0.4514497165417576
1175,39.20587253920588,nan,nan,nan,nan,191.0,220.0,nan,nan,248.0,318.0,366.0,329.0,nan,44.12107735014061,50.34967475699242,nan,0.46519488968498685
1176,39.23923923923924,46.340463850864985,154.34539189752314,92.53377761660873,0.5007438610763488,191.0,220.0,303.0,231.0,245.0,318.0,366.0,329.0,45.80107984453475,45.80107984453475,25.174837378496157,0.4789400628282161,0.4789400628282161
1177,39.27260593927261,nan,nan,nan,nan,191.0,220.0,303.0,231.0,nan,nan,366.0,329.0,45.80107984453475,45.80107984453475,0.0,nan,0.4789400628282161
1178,39.30597263930598,37.29050375063245,173.92095905899322,98.8458395684917,0.5504710974229009,191.0,220.0,303.0,231.0,291.0,324.0,366.0,329.0,45.80107984453475,45.80107984453475,0.0,0.4789400628282161,0.4789400628282161
1179,39.33933933933934,nan,nan,nan,nan,191.0,220.0,303.0,231.0,nan,nan,366.0,329.0,46.1388478969139,45.80107984453475,0.0,nan,0.4789400628282161
1180,39.37270603937271,nan,nan,nan,nan,189.0,220.0,303.0,231.0,290.0,307.0,nan,nan,46.476615949293056,45.80107984453475,0.0,nan,0.4789400628282161
1181,39.40607273940608,55.3945702733388,142.5561292964985,87.47142390518174,0.4789400628282161,189.0,220.0,306.0,231.0,287.0,307.0,299.0,328.0,46.81438400167221,45.80107984453475,0.0,0.4789400628282161,0.4789400628282161
1182,39.43943943943944,55.3945702733388,142.5561292964985,87.47142390518174,0.4789400628282161,189.0,220.0,306.0,231.0,287.0,307.0,299.0,328.0,46.6564106180698,45.80107984453475,0.0,0.48984196195228247,0.4789400628282161
1183,39.47280613947281,nan,nan,nan,nan,189.0,220.0,nan,nan,nan,nan,nan,nan,46.6564106180698,45.80107984453475,0.0,nan,0.4789400628282161
1184,39.50617283950618,46.97235738527461,144.10065926289164,150.41608956491322,0.04288673107493812,189.0,220.0,306.0,231.0,186.0,369.0,268.0,349.0,46.6564106180698,45.80107984453475,0.0,0.5147055801255584,0.4789400628282161
1185,39.53953953953954,nan,nan,nan,nan,189.0,220.0,306.0,231.0,nan,nan,nan,nan,46.81438400167221,45.80107984453475,0.0,nan,0.4789400628282161
1186,39.57290623957291,50.444464554079644,152.4016076030696,95.29559276272958,0.4610953596246213,189.0,220.0,306.0,231.0,293.0,326.0,304.0,326.0,46.97235738527461,45.80107984453475,-5.433243756775551,0.4789400628282161,0.4789400628282161
1187,39.60627293960628,nan,nan,nan,nan,nan,nan,nan,nan,299.0,326.0,nan,nan,45.43850101525376,45.43850101525376,-28.418081461538087,nan,0.4789400628282161
1188,39.63963963963964,40.8369319051912,184.71193789249247,101.58986169889198,0.5806605219543429,183.0,218.0,309.0,231.0,293.0,326.0,366.0,335.0,43.904644645232906,43.904644645232906,-68.9545131142875,0.4789400628282161,0.4789400628282161
1189,39.67300633967301,40.8369319051912,184.71193789249247,101.58986169889198,0.5806605219543429,183.0,218.0,309.0,231.0,293.0,326.0,366.0,335.0,40.8369319051912,40.8369319051912,-45.96967540952496,0.4789400628282161,0.4789400628282161
1190,39.70637303970638,40.8369319051912,184.71193789249247,101.58986169889198,0.5806605219543429,183.0,218.0,309.0,231.0,293.0,326.0,366.0,335.0,40.8369319051912,40.8369319051912,-33.01094771716165,0.4610953596246213,0.4610953596246213
1191,39.73973973973974,nan,nan,nan,nan,nan,nan,nan,nan,nan,nan,366.0,331.0,nan,38.63399912459983,-66.02189543432318,nan,0.40434407638880465
1192,39.77310643977311,nan,nan,nan,nan,276.0,200.0,326.0,198.0,240.0,353.0,nan,nan,nan,36.43106634400847,-66.02189543432318,nan,0.3475927931529881
1193,39.80647313980648,nan,nan,nan,nan,276.0,200.0,328.0,198.0,nan,nan,292.0,337.0,nan,34.2281335634171,-66.0218954343233,nan,0.29084150991717145
1194,39.83983983983984,nan,nan,nan,nan,nan,nan,nan,nan,nan,nan,nan,nan,nan,32.025200782825735,-66.0218954343233,nan,0.23409022668135485
1195,39.87320653987321,nan,nan,nan,nan,nan,nan,nan,nan,nan,nan,nan,nan,nan,29.822268002234367,-52.63260694527466,nan,0.17733894344553824
1196,39.90657323990658,26.41701514687527,134.53345308881356,125.12094149262145,0.07250030650446067,271.0,198.0,331.0,196.0,296.0,324.0,355.0,318.0,27.619335221643002,28.51284796699159,-22.71828058914414,0.12058766020972163,0.12058766020972163
1197,39.93993993993994,26.41701514687527,134.53345308881356,125.12094149262145,0.07250030650446067,271.0,198.0,331.0,196.0,296.0,324.0,355.0,318.0,27.619335221643002,28.306199894850707,-4.463096163016177,0.12058766020972163,0.12058766020972163
1198,39.97330663997331,nan,nan,nan,nan,nan,nan,331.0,198.0,nan,nan,355.0,318.0,27.917172803425863,28.21501038520873,-3.096621361031131,nan,0.12058766020972163
1199,40.00667334000668,nan,nan,nan,nan,261.0,198.0,335.0,200.0,293.0,324.0,nan,nan,28.21501038520873,28.099551822709824,-3.4787780705591307,nan,0.12058766020972163
1200,40.04004004004004,28.897078373375695,136.62540027388758,120.62545336702367,0.12439178864065312,261.0,198.0,327.0,200.0,293.0,324.0,350.0,317.0,28.51284796699159,27.982859696482727,-1.7486315115130453,0.12058766020972163,0.12058766020972163
1201,40.07340674007341,26.192457532921114,135.96782707684932,120.5041493061546,0.12058766020972163,267.0,198.0,327.0,200.0,299.0,324.0,353.0,317.0,28.306199894850707,27.982859696482727,0.0,0.12058766020972163,0.12058766020972163
1202,40.10677344010678,26.192457532921114,135.96782707684932,120.5041493061546,0.12058766020972163,267.0,198.0,327.0,200.0,299.0,324.0,353.0,317.0,28.099551822709824,27.982859696482727,0.0,0.12058766020972163,0.12058766020972163
1203,40.14014014014014,29.04163390758409,135.96782707684932,120.70314826051556,0.11894355250935612,264.0,198.0,330.0,200.0,296.0,324.0,350.0,317.0,27.982859696482727,27.982859696482727,0.0,0.11976560635953887,0.11976560635953887
1204,40.17350684017351,28.74623221944578,137.296212620742,120.56637176261049,0.1297578002496092,264.0,198.0,330.0,200.0,299.0,324.0,353.0,317.0,27.982859696482727,27.982859696482727,-0.9843180924570991,0.11976560635953887,0.11976560635953887
1205,40.20687354020688,29.253464216331057,135.0675756797315,119.70484534888301,0.12059963373447742,264.0,198.0,330.0,200.0,293.0,322.0,353.0,317.0,27.982859696482727,27.917172803425863,-3.9709371167876273,0.11976560635953887,0.11976560635953887
1206,40.24024024024024,27.452871425973868,136.62540027388758,122.52550754842846,0.10881607819893534,264.0,198.0,327.0,198.0,299.0,324.0,350.0,317.0,27.982859696482727,27.717865561228297,-2.986619024330528,0.11976560635953887,0.11976560635953887
1207,40.27360694027361,29.266516711271795,141.33382468468048,121.56582578998096,0.15038436802033542,258.0,194.0,327.0,198.0,293.0,322.0,353.0,317.0,27.982859696482727,27.717865561228297,0.0,0.11976560635953887,0.11976560635953887
1208,40.30697364030698,28.51284796699159,138.18918192101725,123.56476034857188,0.11174174834305411,264.0,198.0,330.0,198.0,299.0,326.0,353.0,317.0,27.717865561228297,27.717865561228297,-10.858370775970812,0.1176588193975943,0.1176588193975943
1209,40.34034034034034,nan,nan,nan,nan,264.0,198.0,322.0,198.0,299.0,326.0,nan,nan,26.99324956016251,26.99324956016251,-21.716741551941677,nan,0.11701645284171339
1210,40.37370704037371,25.714602638745948,135.95587519485872,121.00413216084813,0.11637408628583248,264.0,198.0,323.0,199.0,293.0,322.0,355.0,318.0,26.26863355909672,26.26863355909672,-19.16052411742719,0.11637408628583248,0.11637408628583248
1211,40.40707374040708,25.714602638745948,135.95587519485872,121.00413216084813,0.11637408628583248,264.0,198.0,323.0,199.0,293.0,322.0,355.0,318.0,25.714602638745948,25.714602638745948,-8.302153341456325,0.11637408628583248,0.11637408628583248
1212,40.44044044044044,25.714602638745948,135.95587519485872,121.00413216084813,0.11637408628583248,264.0,198.0,323.0,199.0,293.0,322.0,355.0,318.0,25.714602638745948,25.714602638745948,-19.320169035759317,0.1140579173144433,0.1140579173144433
1213,40.47380714047381,nan,nan,nan,nan,nan,nan,nan,nan,291.0,320.0,nan,nan,23.13600149950547,24.425302069125706,-38.64033807151858,nan,0.1063859436710913
1214,40.50717384050718,nan,nan,nan,nan,nan,nan,nan,nan,nan,nan,nan,nan,20.557400360264992,23.13600149950547,-38.64033807151853,nan,0.1063859436710913
1215,40.54054054054054,17.8229390290791,136.61076092314252,149.6412376318774,0.0910419963843873,274.0,200.0,320.0,196.0,237.0,351.0,300.0,322.0,17.978799221024513,21.84670092988523,-38.64033807151853,0.0910419963843873,0.1063859436710913
1216,40.57390724057391,17.8229390290791,136.61076092314252,149.6412376318774,0.0910419963843873,274.0,200.0,320.0,196.0,237.0,351.0,300.0,322.0,17.978799221024513,20.557400360264992,-38.64033807151853,0.0910419963843873,0.1063859436710913
1217,40.60727394060728,nan,nan,nan,nan,271.0,200.0,nan,nan,nan,nan,nan,nan,17.978799221024513,19.268099790644754,-38.64033807151858,nan,0.1063859436710913
1218,40.64064064064064,16.392240036219718,149.6412376318774,156.07209872363478,0.04207118451828984,271.0,200.0,315.0,198.0,189.0,362.0,366.0,337.0,17.978799221024513,17.978799221024513,-19.320169035759317,0.0910419963843873,0.1063859436710913
1219,40.67400734067401,nan,nan,nan,nan,nan,nan,322.0,200.0,189.0,364.0,366.0,331.0,17.926845823709375,17.978799221024513,0.0,nan,0.1063859436710913
1220,40.70737404070738,nan,nan,nan,nan,271.0,200.0,318.0,198.0,189.0,364.0,nan,nan,17.87489242639424,17.978799221024513,0.0,nan,0.1063859436710913
1221,40.74074074074074,17.978799221024513,144.58647931255535,152.4016076030696,0.052629237567596764,271.0,200.0,318.0,198.0,186.0,358.0,366.0,331.0,17.8229390290791,17.978799221024513,0.0,0.0910419963843873,0.1063859436710913
1222,40.77410744077411,17.978799221024513,144.58647931255535,152.4016076030696,0.052629237567596764,271.0,200.0,318.0,198.0,186.0,358.0,366.0,331.0,17.8229390290791,17.978799221024513,0.0,0.0910419963843873,0.1063859436710913
1223,40.80747414080748,nan,nan,nan,nan,271.0,200.0,315.0,198.0,nan,nan,nan,nan,nan,nan,nan,nan,0.1063859436710913
1224,40.84084084084084,nan,nan,nan,nan,nan,nan,nan,nan,299.0,322.0,355.0,317.0,nan,nan,nan,nan,0.10434025378259644
1225,40.87420754087421,nan,164.7194584740977,197.51582215103682,0.1810776886245876,198.0,214.0,484.0,203.0,296.0,322.0,353.0,317.0,nan,nan,nan,0.1309367685790147,0.10434025378259644
1226,40.90757424090758,nan,nan,nan,nan,198.0,214.0,nan,nan,nan,nan,nan,nan,nan,nan,nan,nan,0.10434025378259644
1227,40.94094094094094,nan,162.16118524480513,194.90831177761507,0.18342158490650223,201.0,214.0,482.0,203.0,288.0,320.0,362.0,317.0,nan,nan,nan,0.1309367685790147,0.10434025378259644
1228,40.97430764097431,nan,nan,nan,nan,198.0,214.0,nan,nan,293.0,322.0,360.0,317.0,nan,nan,nan,nan,0.10434025378259644
1229,41.00767434100768,nan,166.06625183943908,207.18349355100662,0.22032026662767576,198.0,214.0,498.0,207.0,293.0,324.0,357.0,318.0,nan,nan,nan,0.17145968025549504,0.10434025378259644
1230,41.04104104104104,nan,168.27730090538057,199.83555739657544,0.17145968025549504,198.0,214.0,495.0,207.0,296.0,324.0,363.0,314.0,nan,nan,nan,0.17145968025549504,0.10434025378259644
1231,41.07440774107441,nan,nan,nan,nan,nan,nan,nan,nan,296.0,326.0,nan,nan,nan,nan,nan,nan,0.10434025378259644
1232,41.10777444110778,nan,155.58920271021378,142.13022197970423,0.09041385690253437,189.0,214.0,397.0,225.0,296.0,326.0,298.0,326.0,nan,nan,nan,0.1309367685790147,0.11067531274077454
1233,41.14114114114114,nan,nan,nan,nan,189.0,214.0,nan,nan,nan,nan,nan,nan,nan,nan,nan,nan,0.11754566671414776
1234,41.17450784117451,nan,153.48289807011074,142.84257068535277,0.07181513914039349,189.0,214.0,397.0,225.0,291.0,324.0,299.0,326.0,nan,nan,nan,0.09041385690253437,0.11763851118080557
1235,41.20787454120788,nan,nan,nan,nan,189.0,214.0,392.0,225.0,nan,nan,299.0,326.0,nan,nan,nan,nan,0.1309367685790147
1236,41.24124124124124,nan,nan,nan,nan,189.0,214.0,nan,nan,293.0,324.0,299.0,326.0,nan,nan,nan,nan,0.1309367685790147
1237,41.27460794127461,nan,149.96666296213968,143.55835050598765,0.04366450668333167,189.0,216.0,395.0,225.0,288.0,324.0,296.0,326.0,nan,nan,nan,0.0756603913290626,0.1309367685790147
1238,41.30797464130798,nan,nan,nan,nan,189.0,216.0,nan,nan,291.0,324.0,296.0,326.0,nan,nan,nan,nan,0.1309367685790147
1239,41.34134134134134,nan,148.87998522299765,138.02626561636737,0.0756603913290626,189.0,216.0,381.0,218.0,291.0,323.0,293.0,324.0,nan,nan,nan,0.07373776523472805,0.1309367685790147
1240,41.37470804137471,nan,nan,nan,nan,189.0,214.0,nan,nan,288.0,320.0,293.0,322.0,nan,nan,nan,nan,0.1309367685790147
1241,41.40807474140808,nan,nan,nan,nan,nan,nan,476.0,200.0,291.0,322.0,nan,nan,nan,nan,nan,nan,0.1309367685790147
1242,41.44144144144144,nan,nan,nan,nan,191.0,135.0,nan,nan,293.0,322.0,355.0,318.0,nan,nan,nan,nan,0.1309367685790147
1243,41.47480814147481,nan,nan,nan,nan,191.0,135.0,370.0,147.0,nan,nan,353.0,318.0,nan,nan,nan,nan,0.132148300540621
1244,41.50817484150818,nan,nan,nan,nan,nan,nan,nan,nan,229.0,349.0,nan,nan,nan,nan,nan,nan,0.14675093436709424
1245,41.54154154154154,nan,nan,nan,nan,244.0,216.0,498.0,207.0,nan,nan,282.0,340.0,nan,nan,nan,nan,0.16135356819356747
1246,41.57490824157491,nan,nan,nan,nan,nan,nan,500.0,205.0,226.0,349.0,282.0,340.0,nan,nan,nan,nan,0.1759562020200407
1247,41.60827494160828,nan,nan,nan,nan,193.0,214.0,495.0,207.0,nan,nan,nan,nan,nan,nan,nan,nan,0.19055883584651395
1248,41.64164164164164,nan,nan,nan,nan,nan,nan,nan,nan,291.0,322.0,353.0,318.0,nan,nan,nan,nan,0.20516146967298718
1249,41.67500834167501,nan,nan,nan,nan,199.0,135.0,373.0,149.0,nan,nan,355.0,318.0,nan,nan,nan,nan,0.21976410349946043
1250,41.70837504170838,51.86295434001226,222.75098204048393,176.81911661356077,0.2299064198329407,197.0,135.0,376.0,149.0,293.0,318.0,355.0,318.0,51.14332668641178,50.81723102956277,-0.26602568365469353,0.23436673732593366,0.231183792973228
1251,41.74174174174174,50.35325093337852,222.4662895811408,175.5484263671993,0.23575943970891342,199.0,135.0,373.0,149.0,293.0,318.0,358.0,318.0,51.14332668641178,50.80835463037509,-0.26602568365480006,0.23436673732593366,0.231183792973228
1252,41.77510844177511,50.69296144093524,223.57325421436258,176.92088627406318,0.23297403494295393,197.0,135.0,373.0,149.0,293.0,320.0,355.0,318.0,51.14332668641178,50.79947823118741,-6.471079879191574,0.23436673732593366,0.231183792973228
1253,41.80847514180848,51.45166954488544,225.50221728399922,173.79369954057597,0.2589984798975073,191.0,138.0,370.0,151.0,296.0,320.0,355.0,318.0,50.98915525717496,50.37651746793321,-12.67613407472824,0.23297403494295393,0.231183792973228
1254,41.84184184184184,50.83498382793813,223.72583668409868,173.79369954057597,0.25121853188770826,194.0,138.0,370.0,151.0,296.0,320.0,355.0,318.0,50.83498382793813,49.953556704679016,-12.67613407472824,0.23297403494295393,0.231183792973228
1255,41.87520854187521,nan,nan,nan,nan,194.0,138.0,368.0,151.0,nan,nan,355.0,318.0,50.81723102956277,49.53059594142482,-12.676134074728347,nan,0.231183792973228
1256,41.90857524190858,52.49798348116115,205.9769404569356,177.43308597891206,0.14889466894418588,197.0,138.0,368.0,151.0,248.0,313.0,355.0,318.0,50.79947823118741,49.10763517817062,-12.676134074728454,0.2314402273879473,0.231183792973228
1257,41.94194194194194,nan,nan,nan,nan,197.0,138.0,368.0,153.0,nan,nan,355.0,317.0,nan,48.684674414916415,-12.676134074728347,nan,0.231183792973228
1258,41.97530864197531,nan,nan,nan,nan,nan,nan,nan,nan,307.0,320.0,358.0,317.0,nan,48.26171365166222,-12.67613407472824,nan,0.231183792973228
1259,42.00867534200868,nan,nan,nan,nan,199.0,140.0,362.0,153.0,nan,nan,nan,nan,nan,47.838752888408024,-12.67613407472824,nan,0.231183792973228
1260,42.04204204204204,46.303319319939654,222.44100341438852,181.6865432551349,0.20169107745867526,197.0,140.0,360.0,149.0,283.0,335.0,355.0,317.0,47.41579212515383,47.41579212515383,-35.81393907739381,0.231183792973228,0.231183792973228
1261,42.07540874207541,nan,nan,nan,nan,199.0,142.0,362.0,151.0,277.0,335.0,nan,nan,45.448766963990685,45.448766963990685,-58.95174408005949,nan,0.22786100528779948
1262,42.10877544210878,nan,nan,nan,nan,197.0,142.0,362.0,151.0,nan,nan,358.0,317.0,43.481741802827536,43.481741802827536,-31.223056851421386,nan,0.22453821760237094
1263,42.14214214214214,47.41579212515383,218.58636736997119,176.8219443394965,0.2112470668606569,197.0,142.0,360.0,155.0,277.0,337.0,353.0,315.0,41.51471664166439,43.36514621981842,-1.747184811391588,0.22121542991694243,0.22121542991694243
1264,42.17550884217551,nan,nan,nan,nan,197.0,142.0,nan,nan,277.0,337.0,nan,nan,42.007641519951214,43.36514621981842,0.0,nan,0.22121542991694243
1265,42.20887554220888,35.980442822555126,218.58636736997119,173.2887763243771,0.231183792973228,197.0,142.0,325.0,153.0,275.0,337.0,355.0,315.0,42.500566398238036,43.36514621981842,0.0,0.22121542991694243,0.22121542991694243
1266,42.24224224224224,nan,nan,nan,nan,194.0,142.0,330.0,155.0,nan,nan,nan,nan,42.37764287236213,43.36514621981842,0.0,nan,0.21687367306231292
1267,42.27560894227561,39.97693694507945,218.80185099765495,159.70050093847544,0.31229053006863455,191.0,142.0,331.0,157.0,310.0,318.0,336.0,315.0,42.254719346486226,43.36514621981842,0.0,0.2125319162076834,0.21381676555470994
1268,42.30897564230898,39.80167335655899,219.6002049179372,160.69925326522213,0.30976090228531045,191.0,142.0,331.0,157.0,310.0,320.0,336.0,315.0,42.37764287236213,43.36514621981842,0.0,0.2125319162076834,0.21338848243903444
1269,42.34234234234234,nan,nan,nan,nan,197.0,140.0,330.0,151.0,nan,nan,nan,nan,42.70681065484756,43.36514621981842,0.0,nan,0.2129601993233589
1270,42.37570904237571,nan,nan,nan,nan,197.0,140.0,nan,nan,301.0,322.0,311.0,319.0,43.03597843733299,43.36514621981842,0.0,nan,0.2125319162076834
1271,42.40907574240908,36.09038091068753,217.83020910791964,176.47946056127893,0.2097374308945121,194.0,140.0,322.0,149.0,304.0,326.0,314.0,324.0,43.36514621981842,43.36514621981842,0.0,0.21381676555470994,0.2125319162076834
1272,42.44244244244244,nan,nan,nan,nan,199.0,138.0,nan,nan,nan,nan,nan,nan,43.36514621981842,43.36514621981842,0.0,nan,0.21177709822461102
1273,42.47580914247581,45.02419585139661,191.75505208468434,157.17824276915684,0.19818578407664306,194.0,140.0,331.0,150.0,256.0,304.0,334.0,302.0,43.36514621981842,43.36514621981842,0.0,0.2097374308945121,0.21177709822461102
1274,42.50917584250918,46.46941698284339,193.89172236070317,156.43848631331102,0.21381676555470994,191.0,140.0,333.0,151.0,256.0,304.0,336.0,302.0,43.36514621981842,43.36514621981842,0.0,0.2097374308945121,0.21177709822461102
1275,42.54254254254254,44.532501747892994,189.16923639957952,156.6780137734711,0.18789348540345996,199.0,140.0,333.0,151.0,256.0,304.0,334.0,302.0,43.36514621981842,43.36514621981842,0.0,0.19818578407664306,0.21177709822461102
1276,42.57590924257591,43.36514621981842,189.67867565965344,155.7562197795003,0.19640433741951455,199.0,140.0,330.0,151.0,256.0,304.0,336.0,302.0,43.656985101837066,43.36514621981842,0.0,0.1972950607480788,0.21177709822461102
1277,42.60927594260928,nan,nan,nan,nan,191.0,140.0,330.0,149.0,nan,nan,334.0,302.0,43.802904542846385,43.36514621981842,0.0,nan,0.21177709822461102
1278,42.64264264264264,47.36270782156276,193.89172236070317,154.98709623707387,0.22302658716855212,191.0,140.0,335.0,153.0,258.0,304.0,334.0,302.0,43.9488239838557,43.36514621981842,0.0,0.19640433741951455,0.21177709822461102
1279,42.67600934267601,nan,nan,nan,nan,nan,nan,330.0,149.0,nan,nan,334.0,302.0,43.9488239838557,43.36514621981842,0.0,nan,0.21177709822461102
1280,42.70937604270938,42.81196148871737,191.510443579456,159.01336421823166,0.18542009779821134,199.0,138.0,330.0,149.0,258.0,308.0,331.0,300.0,43.9488239838557,43.36514621981842,0.0,0.19640433741951455,0.21177709822461102
1281,42.74274274274274,nan,nan,nan,nan,199.0,138.0,330.0,147.0,nan,nan,334.0,300.0,43.9488239838557,43.36514621981842,0.0,nan,0.21177709822461102
1282,42.77610944277611,42.09660865500085,192.31484602078956,167.60966559241146,0.13727978857371037,199.0,138.0,330.0,147.0,240.0,318.0,334.0,300.0,43.9488239838557,43.36514621981842,-3.816989971327905,0.19640433741951455,0.21177709822461102
1283,42.80947614280948,nan,nan,nan,nan,nan,nan,nan,nan,nan,nan,nan,nan,nan,43.110425501011086,-16.380391236754388,nan,0.27939679772214976
1284,42.84284284284284,nan,169.99558817804655,203.24000590434946,0.17814173274676384,197.0,203.0,505.0,207.0,304.0,308.0,355.0,311.0,nan,42.272027018166476,-25.126802530853073,0.362389258024785,0.362389258024785
1285,42.87620954287621,nan,nan,nan,nan,199.0,205.0,507.0,207.0,nan,nan,358.0,313.0,nan,41.43362853532186,-25.126802530853073,nan,0.362389258024785
1286,42.90957624290958,nan,150.31051194111475,221.61058187731018,0.3834150367981265,199.0,205.0,505.0,207.0,258.0,304.0,358.0,313.0,nan,40.59523005247725,-25.126802530853073,0.362389258024785,0.362389258024785
1287,42.94294294294294,nan,nan,nan,nan,197.0,205.0,505.0,207.0,nan,nan,358.0,313.0,nan,39.75683156963263,-25.12680253085318,nan,0.362389258024785
1288,42.97630964297631,nan,153.30443568272904,221.1543578589398,0.362389258024785,194.0,205.0,505.0,207.0,261.0,304.0,355.0,311.0,nan,38.91843308678801,-25.126802530853073,0.362389258024785,0.362389258024785
1289,43.00967634300968,nan,153.30443568272904,221.1543578589398,0.362389258024785,194.0,205.0,505.0,207.0,261.0,304.0,355.0,311.0,nan,38.0800346039434,-25.126802530853073,0.362389258024785,0.362389258024785
1290,43.04304304304304,nan,153.30443568272904,221.1543578589398,0.362389258024785,194.0,205.0,505.0,207.0,261.0,304.0,355.0,311.0,nan,37.241636121098786,-25.126802530853073,0.362389258024785,0.362389258024785
1291,43.07640974307641,nan,153.30443568272904,221.1543578589398,0.362389258024785,194.0,205.0,505.0,207.0,261.0,304.0,355.0,311.0,nan,36.403237638254176,-25.126802530853073,0.362389258024785,0.362389258024785
1292,43.10977644310978,nan,153.30443568272904,221.1543578589398,0.362389258024785,194.0,205.0,505.0,207.0,261.0,304.0,355.0,311.0,nan,35.56483915540956,-18.84510189813983,0.362389258024785,0.362389258024785
1293,43.14314314314314,nan,nan,nan,nan,nan,nan,nan,nan,nan,nan,nan,nan,nan,35.14563991398725,-12.563401265426483,nan,0.362389258024785
1294,43.17650984317651,21.19091793362969,127.37542934176905,118.62756846534451,0.07111995345100287,274.0,202.0,320.0,200.0,293.0,320.0,358.0,317.0,33.88804218972033,34.72644067256495,-12.563401265426483,0.362389258024785,0.362389258024785
1295,43.20987654320988,nan,nan,nan,nan,nan,nan,nan,nan,291.0,320.0,355.0,317.0,nan,34.30724143114264,-12.56340126542659,nan,0.31703376210912054
1296,43.24324324324324,nan,156.90920941742075,206.23893909734892,0.2716782661934561,204.0,218.0,498.0,207.0,291.0,320.0,358.0,317.0,nan,33.88804218972033,-11.69634447256262,0.2716782661934561,0.2716782661934561
1297,43.27660994327661,nan,nan,nan,nan,nan,nan,nan,nan,293.0,320.0,353.0,315.0,nan,33.526704596136796,-10.82928767969865,nan,0.2478515046392924
1298,43.30997664330998,37.69099618956102,147.22856380471828,117.5680653919252,0.2240247430851287,237.0,198.0,327.0,200.0,293.0,320.0,353.0,315.0,30.997341441052036,33.16536700255325,-10.82928767969865,0.2240247430851287,0.2419448887695203
1299,43.34334334334334,nan,nan,nan,nan,nan,nan,327.0,203.0,293.0,318.0,353.0,313.0,30.997341441052036,32.80402940896972,-10.829287679698544,nan,0.2419448887695203
1300,43.37671004337671,33.88804218972033,138.33022084851885,112.57108865068331,0.2053327840277171,250.0,198.0,327.0,203.0,293.0,318.0,353.0,313.0,30.997341441052036,32.44269181538618,-5.414643839849272,0.2146787635564229,0.240515861076906
1301,43.41007674341008,nan,nan,nan,nan,250.0,200.0,nan,nan,291.0,317.0,355.0,315.0,31.72001662821911,32.44269181538618,0.0,nan,0.2390868333842917
1302,43.44344344344344,28.106640692383742,133.60108532493288,113.00995531368022,0.16699276689259956,256.0,198.0,319.0,202.0,288.0,317.0,353.0,313.0,32.44269181538618,32.44269181538618,0.0,0.2390868333842917,0.2381522354314211
1303,43.47681014347681,nan,nan,nan,nan,253.0,198.0,317.0,200.0,283.0,315.0,nan,nan,nan,nan,nan,nan,0.23721763747855054
1304,43.51017684351018,nan,nan,nan,nan,253.0,198.0,nan,nan,283.0,315.0,366.0,329.0,nan,nan,nan,nan,0.23628303952567997
1305,43.54354354354354,nan,nan,nan,nan,nan,nan,nan,nan,nan,nan,nan,nan,nan,nan,nan,nan,0.23534844157280937
1306,43.57691024357691,nan,nan,nan,nan,nan,nan,nan,nan,nan,nan,nan,nan,nan,nan,nan,nan,0.2344138436199388
1307,43.61027694361028,nan,162.40997506310995,209.69501663129716,0.2541489236834547,188.0,218.0,495.0,200.0,288.0,317.0,350.0,311.0,nan,nan,nan,0.2297408538555859,0.23347924566706824
1308,43.64364364364364,nan,nan,nan,nan,190.0,218.0,495.0,200.0,288.0,317.0,nan,nan,nan,nan,nan,nan,0.23254464771419764
1309,43.67701034367701,nan,158.03876106828983,207.60118015078817,0.2710995900352274,193.0,222.0,495.0,200.0,288.0,317.0,355.0,311.0,nan,nan,nan,0.2541489236834547,0.23347924566706824
1310,43.71037704371038,nan,nan,nan,nan,193.0,222.0,492.0,202.0,nan,nan,354.0,311.0,nan,nan,nan,nan,nan
